Municipality_Code_Dane,ano,gandina,gcaribe,gpacifica,gorinoquia,gamazonia,pobl_rur,pobl_urb,pobl_tot,indrural,altura,discapital,dismdo,nbi,IPM,ipm_accagua_p,ipm_excretas_p,t_establ,admin_total,docen_total,alumn_total,s11_total,TMI,tacued,turbacued,truracued,taseo,talcan,tot_uee,g_u_tot,y_total,y_corr,inv_total
5030,1993,1,0,0,0,0,14025.0,10394.0,24419,0.5743478536605835,1400.0,29.878856658935547,29.878856658935547,31.664363861083984,,,,,,,,,,,,,,,,,994.77001953125,985.7100219726562,
5030,1994,1,0,0,0,0,13994.0,10639.0,24633,0.5680996775627136,1400.0,29.878856658935547,29.878856658935547,,,,,,,,,,,,,,,,,,1071.1199951171875,1052.0,
5030,1995,1,0,0,0,0,13927.0,10896.0,24823,0.5610522627830505,1400.0,29.878856658935547,29.878856658935547,,,,,,,,,,,,,,,,,,1592.7900390625,1574.3499755859375,
5030,1996,1,0,0,0,0,13834.0,11168.0,25002,0.5533157587051392,1400.0,29.878856658935547,29.878856658935547,,,,,28.0,,167.0,4852.0,,,,,,,,,,2261.989990234375,953.52001953125,
5030,1997,1,0,0,0,0,13724.0,11451.0,25175,0.5451440215110779,1400.0,29.878856658935547,29.878856658935547,,,,,27.0,,202.0,5861.0,,,,,,,,,,2526.590087890625,907.97998046875,
5030,1998,1,0,0,0,0,13608.0,11748.0,25356,0.5366777181625366,1400.0,29.878856658935547,29.878856658935547,,,,,27.0,,214.0,5638.0,,,,,,,,,,4140.56005859375,1388.260009765625,
5030,1999,1,0,0,0,0,13496.0,12057.0,25553,0.5281571745872498,1400.0,29.878856658935547,29.878856658935547,,,,,27.0,,213.0,6062.0,,,,,,,,,,4544.41015625,1745.469970703125,
5030,2000,1,0,0,0,0,13395.0,12380.0,25775,0.5196896195411682,1400.0,29.878856658935547,29.878856658935547,,,,,27.0,,200.0,6240.0,46.44123840332031,,,,,,,,,4434.495,1663.605,2753555.0
5030,2001,1,0,0,0,0,13311.0,12716.0,26027,0.5114304423332214,1400.0,29.878856658935547,29.878856658935547,,,,,26.0,,214.0,6055.0,46.578880310058594,,,,,,,,,5367.156,1705.252,5302547.0
5030,2002,1,0,0,0,0,13241.0,13053.0,26294,0.5035749673843384,1400.0,29.878856658935547,29.878856658935547,,,,,25.0,,212.0,6287.0,47.85494613647461,,,,,,,,,5621.521999999999,1494.024,3778711.0
5030,2003,1,0,0,0,0,13180.0,13391.0,26571,0.49602949619293213,1400.0,29.878856658935547,29.878856658935547,,,,,20.0,,200.0,6425.0,49.209957122802734,,,,,,,,,5600.541,1892.028,4166037.0
5030,2004,1,0,0,0,0,13128.0,13730.0,26858,0.48879289627075195,1400.0,29.878856658935547,29.878856658935547,,,,,26.0,,218.0,5974.0,49.10024642944336,,,,,,,,,6251.893,2578.599,4322862.0
5030,2005,1,0,0,0,0,13085.0,14070.0,27155,0.4818633794784546,1400.0,29.878856658935547,29.878856658935547,27.06904491504551,46.55564,9.78651,3.9854800000000004,26.0,58.0,206.0,5815.0,48.48908615112305,14.65,93.99912395970215,98.62542955326461,89.18677390527256,,92.01343261790042,,,8169.280000000001,3182.519,5607737.0
5030,2006,1,0,0,0,0,13044.0,14411.0,27455,0.4751047194004059,1400.0,29.878856658935547,29.878856658935547,,,,,26.0,61.0,214.0,5669.0,49.2596435546875,14.49,,,,,,,,8148.030791,3284.573791,7264951.0
5030,2007,1,0,0,0,0,12990.0,14719.0,27709,0.46880075335502625,1400.0,29.878856658935547,29.878856658935547,,,,,,68.0,214.0,5789.0,48.37619400024414,14.32,,,,,,,,11301.504,3991.115,9729214.0
5030,2008,1,0,0,0,0,12939.0,15011.0,27950,0.46293380856513977,1400.0,29.878856658935547,29.878856658935547,,,,,26.0,65.0,200.0,5662.0,48.925254821777344,14.16,58.64,68.65,52.39,44.2,28.05,,,10193.233,3381.911,9558504.0
5030,2009,1,0,0,0,0,12898.0,15294.0,28192,0.4575056731700897,1400.0,29.878856658935547,29.878856658935547,,,,,26.0,75.0,201.0,5835.0,49.02260208129883,14.0,60.8,68.46,55.27,44.09,29.16,,,11334.663,3437.023,11495778.0
5030,2010,1,0,0,0,0,12865.0,15568.0,28433,0.4524672031402588,1400.0,29.878856658935547,29.878856658935547,,,,,27.0,76.0,204.0,5741.0,48.68395233154297,13.84,58.75,72.47,50.64,44.21,100.0,,,11312.210000000001,3911.38,9641407.0
5030,2011,1,0,0,0,0,12837.0,15827.0,28664,0.447843998670578,1400.0,29.878856658935547,29.878856658935547,,,,,27.0,81.0,214.0,5705.0,47.75923156738281,13.84,59.32,72.41,50.59,46.32,100.0,8260.0,,11698.836,4582.113,
5030,2012,1,0,0,0,0,12821.0,16076.0,28897,0.4436792731285095,1400.0,29.878856658935547,29.878856658935547,,,,,27.0,69.0,202.0,5498.0,47.4691162109375,13.84,66.3,99.97,39.99,81.7,39.19,8764.0,,13768.778999999999,4799.14,
5030,2013,1,0,0,0,0,12805.0,16312.0,29117,0.4397774636745453,1400.0,29.878856658935547,29.878856658935547,,,,,26.0,53.0,211.0,5292.0,47.72453689575195,12.456,100.0,100.0,100.0,100.0,100.0,9076.0,2881.0,18958.837,5743.585,
5030,2014,1,0,0,0,0,12799.0,16540.0,29339,0.43624526262283325,1400.0,29.878856658935547,29.878856658935547,,,,,26.0,57.0,194.0,4510.0,47.37236785888672,11.2104,100.0,100.0,100.0,100.0,100.0,9229.0,3438.0,20408.137000000002,6959.013000000001,
5030,2015,1,0,0,0,0,12798.0,16757.0,29555,0.4330231845378876,1400.0,29.878856658935547,29.878856658935547,,,,,26.0,55.0,198.0,4503.0,46.37766647338867,12.561253200000001,100.0,100.0,100.0,100.0,100.0,9576.0,3660.0,22552.833984375,8090.18408203125,
5030,2016,1,0,0,0,0,12797.0,16973.0,29770,0.42986229062080383,1400.0,29.878856658935547,29.878856658935547,,,,,27.0,49.0,216.0,4298.0,48.71078109741211,,100.0,100.0,100.0,100.0,34.29,,4302.0,22872.286,9243.877,
5030,2017,1,0,0,0,0,12806.0,17174.0,29980,0.4271514415740967,1400.0,29.878856658935547,29.878856658935547,,,,,27.0,48.0,204.0,4173.0,47.17708206176758,,,,,,,,,24181.53879225903,10144.827014923096,
5030,2018,1,0,0,0,0,16043.0,14184.0,30227,0.5307506322860718,1400.0,29.878856658935547,29.878856658935547,9.656387004908757,22.9,4.6,5.6,27.0,35.0,204.0,4093.0,46.79523849487305,,,,,,,,,31734.325803,11455.377463,
5030,2019,1,0,0,0,0,16045.0,14732.0,30777,0.5213308930397034,1400.0,29.878856658935547,,,,,,26.0,48.0,201.0,3859.0,46.58723831176758,,,,,,,,,30748.05492569,13081.294666860002,
5030,2020,1,0,0,0,0,16037.0,15246.0,31283,0.5126426219940186,1400.0,29.878856658935547,,,,,,26.0,40.0,200.0,3881.0,48.038021087646484,,,,,,,,,31282.06941266,15721.01067889,
5030,2021,1,0,0,0,0,15856.0,15912.0,31768,0.4991185963153839,1400.0,29.878856658935547,,,,,,25.0,45.0,195.0,3949.0,46.99839401245117,,,,,,,,,41083.10303499999,21426.534741999996,
5030,2022,1,0,0,0,0,15807.0,16452.0,32259,0.4900027811527252,1400.0,29.878856658935547,,,,,,25.0,40.0,196.0,3978.0,46.9141960144043,,,,,,,,,43552.343566999996,23592.577750999997,
5030,2023,1,0,0,0,0,15805.0,16957.0,32762,0.48241865634918213,1400.0,29.878856658935547,,,,,,,,,,,,,,,,,,,45845.063367,24381.284676,
5088,1993,1,0,0,0,0,20027.0,262171.0,282198,0.0709679052233696,1447.0,11.407896041870117,11.407896041870117,16.300294876098633,,,,,,,,,,,,,,,,,10303.01953125,10280.26953125,
5088,1994,1,0,0,0,0,19830.0,269206.0,289036,0.06860736757516861,1447.0,11.407896041870117,11.407896041870117,,,,,,,,,,,,,,,,,,15745.7998046875,14933.7900390625,
5088,1995,1,0,0,0,0,19585.0,276360.0,295945,0.0661778375506401,1447.0,11.407896041870117,11.407896041870117,,,,,,,,,,,,,,,,,,20044.58984375,18536.83984375,
5088,1996,1,0,0,0,0,19274.0,283648.0,302922,0.06362693756818771,1447.0,11.407896041870117,11.407896041870117,,,,,147.0,,2488.0,73151.0,,,,,,,,,,21488.029296875,13022.2001953125,
5088,1997,1,0,0,0,0,18888.0,291091.0,309979,0.06093316152691841,1447.0,11.407896041870117,11.407896041870117,,,,,153.0,,2591.0,74749.0,,,,,,,,,,26140.400390625,14395.33984375,
5088,1998,1,0,0,0,0,18418.0,298706.0,317124,0.058078229427337646,1447.0,11.407896041870117,11.407896041870117,,,,,171.0,,2737.0,75997.0,,,,,,,,,,31325.44921875,15515.9501953125,
5088,1999,1,0,0,0,0,17848.0,306514.0,324362,0.05502494052052498,1447.0,11.407896041870117,11.407896041870117,,,,,174.0,,2635.0,74858.0,,,,,,,,,,27238.970703125,13823.83984375,
5088,2000,1,0,0,0,0,17190.0,314536.0,331726,0.051819875836372375,1447.0,11.407896041870117,11.407896041870117,,,,,175.0,,2600.0,77533.0,49.60209274291992,,,,,,,,,43235.325,22161.23,15077939.0
5088,2001,1,0,0,0,0,16456.0,322777.0,339233,0.04850943014025688,1447.0,11.407896041870117,11.407896041870117,,,,,147.0,,2432.0,74119.0,49.71089172363281,,,,,,,,,44208.052,24403.336,17967220.0
5088,2002,1,0,0,0,0,15704.0,331274.0,346978,0.04525935277342796,1447.0,11.407896041870117,11.407896041870117,,,,,149.0,,2670.0,81469.0,49.82280731201172,,,,,,,,,58343.19500000001,27762.717,23537048.0
5088,2003,1,0,0,0,0,14943.0,340024.0,354967,0.04209687188267708,1447.0,11.407896041870117,11.407896041870117,,,,,124.0,,2706.0,83270.0,49.78428649902344,,,,,,,,,81580.76699999999,33538.551,62845336.0
5088,2004,1,0,0,0,0,14196.0,349033.0,363229,0.039082784205675125,1447.0,11.407896041870117,11.407896041870117,,,,,147.0,,2778.0,78968.0,49.288204193115234,,,,,,,,,107372.646,39289.289,80024088.0
5088,2005,1,0,0,0,0,13458.0,358167.0,371625,0.03621392697095871,1447.0,11.407896041870117,11.407896041870117,10.582630185837258,31.30764,4.30333,3.47174,131.0,857.0,2830.0,63432.0,49.548973083496094,9.49,96.53804428750718,97.88127189793086,59.14110429447853,,95.33300716853502,,,128109.082,45477.31800000001,92929976.0
5088,2006,1,0,0,0,0,12724.0,367381.0,380105,0.033474959433078766,1447.0,11.407896041870117,11.407896041870117,,,,,130.0,894.0,2830.0,61445.0,49.93893051147461,9.43,,,,,,,30865.0,148814.288,62935.44100000001,137942496.0
5088,2007,1,0,0,0,0,11994.0,376407.0,388401,0.030880456790328026,1447.0,11.407896041870117,11.407896041870117,,,,,114.0,877.0,2788.0,62037.0,49.625850677490234,9.38,,,,,,,42354.0,168406.776,65214.261,145469808.0
5088,2008,1,0,0,0,0,11278.0,385387.0,396665,0.028432052582502365,1447.0,11.407896041870117,11.407896041870117,,,,,128.0,910.0,2733.0,62751.0,49.53040313720703,9.32,85.87,86.16,1.94,85.22,84.9,,4172.0,157797.556,53637.035,133357248.0
5088,2009,1,0,0,0,0,10575.0,394320.0,404895,0.026117881760001183,1447.0,11.407896041870117,11.407896041870117,,,,,127.0,982.0,2904.0,66614.0,49.66185760498047,9.27,75.61,75.93,1.49,78.22,85.57,,6759.0,315245.59199999995,176619.05599999998,215359152.0
5088,2010,1,0,0,0,0,9888.0,403298.0,413186,0.02393111027777195,1447.0,11.407896041870117,11.407896041870117,,,,,122.0,983.0,2848.0,67146.0,49.57667541503906,9.21,77.88,77.72,80.81,77.49,77.56,,62223.0,231009.12099999998,73958.568,298891392.0
5088,2011,1,0,0,0,0,9232.0,412344.0,421576,0.021898780018091202,1447.0,11.407896041870117,11.407896041870117,,,,,124.0,1381.0,2896.0,64659.0,49.75856018066406,8.948060636259882,86.7,86.84,85.22,86.76,86.76,113058.0,71965.0,222668.723,78441.169,
5088,2012,1,0,0,0,0,8600.0,421434.0,430034,0.019998418167233467,1447.0,11.407896041870117,11.407896041870117,,,,,126.0,1165.0,2959.0,64128.0,49.440650939941406,8.92919075936425,100.0,100.0,100.0,100.0,100.0,121041.0,80392.0,263702.977,84338.997,
5088,2013,1,0,0,0,0,8001.0,430576.0,438577,0.0182430911809206,1447.0,11.407896041870117,11.407896041870117,,,,,128.0,985.0,2999.0,63997.0,49.39501190185547,8.15600187536235,100.0,100.0,100.0,100.0,100.0,126264.0,87696.0,288539.31,95530.94,
5088,2014,1,0,0,0,0,7432.0,439753.0,447185,0.016619520261883736,1447.0,11.407896041870117,11.407896041870117,,,,,130.0,1106.0,2704.0,77432.0,49.36588668823242,8.851414045949062,100.0,100.0,100.0,100.0,100.0,132783.0,93641.0,324184.151,117214.747,
5088,2015,1,0,0,0,0,6906.0,448959.0,455865,0.015149221755564213,1447.0,11.407896041870117,11.407896041870117,,,,,134.0,1066.0,2680.0,76586.0,49.417930603027344,8.851414045949062,100.0,100.0,100.0,100.0,100.0,139031.0,100407.0,362938.46875,127963.0078125,
5088,2016,1,0,0,0,0,6418.0,458196.0,464614,0.013813617639243603,1447.0,11.407896041870117,11.407896041870117,,,,,135.0,791.0,3024.0,76265.0,50.2374267578125,,100.0,100.0,100.0,100.0,100.0,,106915.0,396797.621,145868.82,
5088,2017,1,0,0,0,0,5975.0,467448.0,473423,0.01262084860354662,1447.0,11.407896041870117,11.407896041870117,,,,,136.0,855.0,3036.0,75679.0,49.40398025512695,,,,,,,,,427275.9157114492,162714.38543701172,
5088,2018,1,0,0,0,0,26781.0,495483.0,522264,0.05127866193652153,1447.0,11.407896041870117,11.407896041870117,5.502240087091236,14.2,5.6,5.5,135.0,790.0,2982.0,75979.0,49.39635467529297,,,,,,,,,424582.452957,169888.170184,
5088,2019,1,0,0,0,0,21701.0,516826.0,538527,0.04029695689678192,1447.0,11.407896041870117,,,,,,135.0,954.0,3079.0,78085.0,49.11079025268555,,,,,,,,,486670.286897,196137.894439,
5088,2020,1,0,0,0,0,15727.0,536427.0,552154,0.028482995927333832,1447.0,11.407896041870117,,,,,,141.0,988.0,3123.0,77947.0,49.91754913330078,,,,,,,,,494189.59672400006,187910.159179,
5088,2021,1,0,0,0,0,15546.0,545285.0,560831,0.02771957963705063,1447.0,11.407896041870117,,,,,,145.0,1018.0,3123.0,77789.0,50.81806945800781,,,,,,,,,421147.892735,214566.161274,
5088,2022,1,0,0,0,0,15498.0,553990.0,569488,0.027213918045163155,1447.0,11.407896041870117,,,,,,145.0,1212.0,3399.0,78416.0,50.0924186706543,,,,,,,,,642809.399421,267602.39757100004,
5088,2023,1,0,0,0,0,15496.0,562880.0,578376,0.026792259886860847,1447.0,11.407896041870117,,,,,,,,,,,,,,,,,,,866970.033673,350745.565205,
5148,1993,1,0,0,0,0,20701.0,14754.0,35455,0.5838668942451477,2150.0,49.75696563720703,49.75696563720703,35.390419006347656,,,,,,,,,,,,,,,,,1586.219970703125,1530.739990234375,
5148,1994,1,0,0,0,0,20771.0,15287.0,36058,0.5760441422462463,2150.0,49.75696563720703,49.75696563720703,,,,,,,,,,,,,,,,,,1768.2900390625,1568.0899658203125,
5148,1995,1,0,0,0,0,20714.0,15892.0,36606,0.5658634901046753,2150.0,49.75696563720703,49.75696563720703,,,,,,,,,,,,,,,,,,2791.360107421875,2227.409912109375,
5148,1996,1,0,0,0,0,20560.0,16555.0,37115,0.5539539456367493,2150.0,49.75696563720703,49.75696563720703,,,,,59.0,,333.0,8681.0,,,,,,,,,,4423.009765625,1566.4300537109375,
5148,1997,1,0,0,0,0,20332.0,17252.0,37584,0.5409748554229736,2150.0,49.75696563720703,49.75696563720703,,,,,59.0,,373.0,9617.0,,,,,,,,,,6271.27001953125,2418.800048828125,
5148,1998,1,0,0,0,0,20058.0,17964.0,38022,0.5275366902351379,2150.0,49.75696563720703,49.75696563720703,,,,,61.0,,381.0,9620.0,,,,,,,,,,4874.14990234375,1836.8399658203125,
5148,1999,1,0,0,0,0,19760.0,18673.0,38433,0.5141414999961853,2150.0,49.75696563720703,49.75696563720703,,,,,60.0,,361.0,9656.0,,,,,,,,,,5380.5498046875,2080.9599609375,
5148,2000,1,0,0,0,0,19464.0,19359.0,38823,0.5013523101806641,2150.0,49.75696563720703,49.75696563720703,,,,,59.0,,343.0,9653.0,49.6152229309082,,,,,,,,,6848.356,2170.484,7931182.0
5148,2001,1,0,0,0,0,19186.0,20017.0,39203,0.48940131068229675,2150.0,49.75696563720703,49.75696563720703,,,,,51.0,,326.0,8900.0,49.3732795715332,,,,,,,,,5597.35,2138.861,4949274.0
5148,2002,1,0,0,0,0,18929.0,20683.0,39612,0.4778602421283722,2150.0,49.75696563720703,49.75696563720703,,,,,51.0,,307.0,8769.0,49.027130126953125,,,,,,,,,8532.296,2705.517,7021043.0
5148,2003,1,0,0,0,0,18694.0,21355.0,40049,0.4667781889438629,2150.0,49.75696563720703,49.75696563720703,,,,,42.0,,312.0,8642.0,50.05131149291992,,,,,,,,,7517.642,3147.605,6869088.0
5148,2004,1,0,0,0,0,18478.0,22038.0,40516,0.45606672763824463,2150.0,49.75696563720703,49.75696563720703,,,,,46.0,,291.0,9553.0,49.448482513427734,,,,,,,,,9608.178,3466.337,7654396.0
5148,2005,1,0,0,0,0,18281.0,22731.0,41012,0.44574758410453796,2150.0,49.75696563720703,49.75696563720703,17.956164116249223,41.56723,12.12064,5.74147,38.0,63.0,363.0,8956.0,49.164737701416016,15.16,88.77311267749515,99.54578488372093,74.93582263710618,,66.49300234957606,,,10618.689,4463.249,9279185.0
5148,2006,1,0,0,0,0,18087.0,23439.0,41526,0.4355584383010864,2150.0,49.75696563720703,49.75696563720703,,,,,38.0,83.0,358.0,9267.0,49.85245895385742,15.09,,,,,,,,11763.070965,4609.795965,8370522.0
5148,2007,1,0,0,0,0,17941.0,24154.0,42095,0.4262026250362396,2150.0,49.75696563720703,49.75696563720703,,,,,37.0,129.0,358.0,9025.0,50.180213928222656,15.02,,,,,,,,13383.792,5662.536999999999,11478937.0
5148,2008,1,0,0,0,0,17795.0,24875.0,42670,0.4170377254486084,2150.0,49.75696563720703,49.75696563720703,,,,,40.0,123.0,321.0,8066.0,50.646881103515625,14.95,91.29,100.0,81.12,54.8,53.85,,,13166.274,5923.677,10781412.0
5148,2009,1,0,0,0,0,17634.0,25603.0,43237,0.407845139503479,2150.0,49.75696563720703,49.75696563720703,,,,,40.0,90.0,340.0,9138.0,50.657405853271484,14.89,50.24,99.82,12.82,42.91,42.63,,,16711.285000000003,6915.880000000001,15385938.0
5148,2010,1,0,0,0,0,17487.0,26338.0,43825,0.3990188241004944,2150.0,49.75696563720703,49.75696563720703,,,,,46.0,91.0,374.0,9357.0,51.8134880065918,14.82,53.07,100.0,21.18,40.47,43.21,,,15539.334,7155.124,15456194.0
5148,2011,1,0,0,0,0,17324.0,27079.0,44403,0.39015382528305054,2150.0,49.75696563720703,49.75696563720703,,,,,45.0,114.0,418.0,10205.0,50.88163375854492,14.662678728943158,90.6,100.0,81.13,51.21,50.19,12647.0,1753.0,16439.25,8427.565999999999,
5148,2012,1,0,0,0,0,17169.0,27823.0,44992,0.3816011846065521,2150.0,49.75696563720703,49.75696563720703,,,,,45.0,116.0,376.0,9439.0,49.84329605102539,13.822616499888447,91.29,100.0,81.12,54.8,53.85,13435.0,2951.0,18241.414,9621.779,
5148,2013,1,0,0,0,0,17002.0,28576.0,45578,0.3730308413505554,2150.0,49.75696563720703,49.75696563720703,,,,,41.0,99.0,389.0,9511.0,51.1282844543457,13.3949470870873,90.67,99.98,81.56,50.41,49.43,13793.0,3105.0,27164.845,13761.792000000001,
5148,2014,1,0,0,0,0,16830.0,29336.0,46166,0.3645539879798889,2150.0,49.75696563720703,49.75696563720703,,,,,41.0,100.0,371.0,8335.0,51.5947380065918,14.127495482023829,90.83,100.0,81.79,51.14,50.17,14833.0,3905.0,35218.117615,16319.057484,
5148,2015,1,0,0,0,0,16644.0,30107.0,46751,0.35601377487182617,2150.0,49.75696563720703,49.75696563720703,,,,,42.0,83.0,387.0,8601.0,52.02894973754883,15.550134277063629,90.98,100.0,81.84,51.78,50.82,15553.0,4859.0,41950.34375,19456.65625,
5148,2016,1,0,0,0,0,16453.0,30887.0,47340,0.3475496470928192,2150.0,49.75696563720703,49.75696563720703,,,,,44.0,78.0,388.0,8452.0,53.40439224243164,,68.94,100.0,48.53,40.45,39.76,,5527.0,39964.347245,21856.215905,
5148,2017,1,0,0,0,0,16240.0,31675.0,47915,0.338933527469635,2150.0,49.75696563720703,49.75696563720703,,,,,53.0,79.0,388.0,8750.0,52.179359436035156,,,,,,,,,46520.94918558203,26447.51495361328,
5148,2018,1,0,0,0,0,25229.0,34187.0,59416,0.424616277217865,2150.0,49.75696563720703,49.75696563720703,5.7642801178972505,18.5,5.3,2.8,53.0,70.0,429.0,9033.0,52.227760314941406,,,,,,,,,55460.07678039999,28677.508895399995,
5148,2019,1,0,0,0,0,25353.0,35769.0,61122,0.41479337215423584,2150.0,49.75696563720703,,,,,,54.0,76.0,417.0,9174.0,53.195716857910156,,,,,,,,,60269.99790124,33008.04284412,
5148,2020,1,0,0,0,0,25385.0,37196.0,62581,0.4056342840194702,2150.0,49.75696563720703,,,,,,54.0,79.0,403.0,9120.0,53.01511001586914,,,,,,,,,62793.18964531,34825.54473588,
5148,2021,1,0,0,0,0,25098.0,38466.0,63564,0.3948461413383484,2150.0,49.75696563720703,,,,,,54.0,79.0,436.0,9301.0,52.85176467895508,,,,,,,,,66433.75013,36251.1842552,
5148,2022,1,0,0,0,0,25021.0,39525.0,64546,0.38764601945877075,2150.0,49.75696563720703,,,,,,54.0,93.0,417.0,9257.0,52.63170623779297,,,,,,,,,123583.34647800002,81170.49588540001,
5148,2023,1,0,0,0,0,25018.0,40535.0,65553,0.3816453814506531,2150.0,49.75696563720703,,,,,,,,,,,,,,,,,,,134394.177478,86754.5973181,
5154,1993,1,0,0,0,0,14774.0,39970.0,54744,0.26987433433532715,51.0,183.3147735595703,183.3147735595703,49.499366760253906,,,,,,,,,,,,,,,,,2048.449951171875,1920.7900390625,
5154,1994,1,0,0,0,0,14900.0,42293.0,57193,0.26052138209342957,51.0,183.3147735595703,183.3147735595703,,,,,,,,,,,,,,,,,,2547.18994140625,2352.669921875,
5154,1995,1,0,0,0,0,15067.0,44733.0,59800,0.2519565224647522,51.0,183.3147735595703,183.3147735595703,,,,,,,,,,,,,,,,,,2909.3701171875,2503.090087890625,
5154,1996,1,0,0,0,0,15275.0,47272.0,62547,0.24421635270118713,51.0,183.3147735595703,183.3147735595703,,,,,100.0,,699.0,19358.0,,,,,,,,,,4499.47998046875,1792.6099853515625,
5154,1997,1,0,0,0,0,15519.0,49867.0,65386,0.2373443841934204,51.0,183.3147735595703,183.3147735595703,,,,,95.0,,743.0,19045.0,,,,,,,,,,6431.52001953125,3238.3701171875,
5154,1998,1,0,0,0,0,15795.0,52487.0,68282,0.2313201129436493,51.0,183.3147735595703,183.3147735595703,,,,,105.0,,738.0,20215.0,,,,,,,,,,7154.8701171875,3121.7099609375,
5154,1999,1,0,0,0,0,16104.0,55100.0,71204,0.22616706788539886,51.0,183.3147735595703,183.3147735595703,,,,,109.0,,779.0,21730.0,,,,,,,,,,10686.650390625,5185.14013671875,
5154,2000,1,0,0,0,0,16440.0,57674.0,74114,0.22182044386863708,51.0,183.3147735595703,183.3147735595703,,,,,109.0,,717.0,20529.0,48.053062438964844,,,,,,,,,14993.347,3574.264,8346880.0
5154,2001,1,0,0,0,0,16800.0,60194.0,76994,0.21819882094860077,51.0,183.3147735595703,183.3147735595703,,,,,97.0,,656.0,19127.0,47.54195785522461,,,,,,,,,14436.052,6300.052999999999,7641413.0
5154,2002,1,0,0,0,0,17152.0,62651.0,79803,0.2149292677640915,51.0,183.3147735595703,183.3147735595703,,,,,92.0,,664.0,19410.0,48.09224319458008,,,,,,,,,17113.42,7070.952,11448181.0
5154,2003,1,0,0,0,0,17487.0,65029.0,82516,0.2119225412607193,51.0,183.3147735595703,183.3147735595703,,,,,48.0,,645.0,19936.0,48.335880279541016,,,,,,,,,17542.968,5196.56,15944442.0
5154,2004,1,0,0,0,0,17795.0,67307.0,85102,0.20910201966762543,51.0,183.3147735595703,183.3147735595703,,,,,85.0,,669.0,21357.0,47.95667266845703,,,,,,,,,25473.84,8883.352,18771224.0
5154,2005,1,0,0,0,0,18064.0,69479.0,87543,0.20634430646896362,51.0,183.3147735595703,183.3147735595703,52.409593250027505,71.41272,20.07311,19.31409,83.0,155.0,748.0,19436.0,49.12638854980469,21.57,82.35495855958845,91.8438480306727,39.14285714285714,,78.76536153186625,,,26780.502,7666.744000000001,23009892.0
5154,2006,1,0,0,0,0,18290.0,71525.0,89815,0.20364081859588623,51.0,183.3147735595703,183.3147735595703,,,,,82.0,152.0,931.0,21767.0,49.61287307739258,21.09,,,,,,,6570.0,27614.695096,8391.967096,29718232.0
5154,2007,1,0,0,0,0,18508.0,73631.0,92139,0.20087042450904846,51.0,183.3147735595703,183.3147735595703,,,,,73.0,243.0,888.0,21861.0,49.087379455566406,20.61,,,,,,,7380.0,31449.654,9333.812,23497136.0
5154,2008,1,0,0,0,0,18719.0,75766.0,94485,0.19811610877513885,51.0,183.3147735595703,183.3147735595703,,,,,76.0,127.0,865.0,21923.0,49.4598274230957,20.13,84.59,0.0,84.59,84.83,84.59,,848.0,35437.104,8488.557,28831798.0
5154,2009,1,0,0,0,0,18922.0,77949.0,96871,0.19533193111419678,51.0,183.3147735595703,183.3147735595703,,,,,73.0,129.0,778.0,20887.0,49.084449768066406,19.65,84.56,0.0,84.56,84.8,84.56,,8755.0,37840.805,9115.133,42128016.0
5154,2010,1,0,0,0,0,19118.0,80179.0,99297,0.19253350794315338,51.0,183.3147735595703,183.3147735595703,,,,,77.0,137.0,689.0,20346.0,47.9116096496582,19.17,89.97,0.0,89.97,90.12,89.97,,9199.0,42969.446,9047.311,43354856.0
5154,2011,1,0,0,0,0,19307.0,82481.0,101788,0.18967854976654053,51.0,183.3147735595703,183.3147735595703,,,,,75.0,144.0,717.0,20379.0,48.0683708190918,19.17,100.0,100.0,100.0,97.5,97.5,19559.0,9631.0,45791.423,10853.376,
5154,2012,1,0,0,0,0,19488.0,84830.0,104318,0.18681339919567108,51.0,183.3147735595703,183.3147735595703,,,,,76.0,136.0,727.0,21244.0,48.527828216552734,18.41792355568668,100.0,100.0,100.0,97.89,97.89,22901.0,10625.0,51826.297,13657.312,
5154,2013,1,0,0,0,0,19662.0,87225.0,106887,0.183951273560524,51.0,183.3147735595703,183.3147735595703,,,,,75.0,191.0,769.0,21624.0,47.954246520996094,17.01905658920947,89.61,100.0,0.0,89.85,89.85,23486.0,11344.0,79145.843,17636.11,
5154,2014,1,0,0,0,0,19829.0,89682.0,109511,0.1810685694217682,51.0,183.3147735595703,183.3147735595703,,,,,75.0,244.0,769.0,19274.0,47.93781661987305,16.98073662279005,90.73,98.55,0.11,89.72,89.98,23312.0,12065.0,92878.919,19325.489999999998,
5154,2015,1,0,0,0,0,19988.0,92180.0,112168,0.1781969964504242,51.0,183.3147735595703,183.3147735595703,,,,,72.0,242.0,790.0,19339.0,47.57209777832031,16.90494374,62.51,71.0,0.0,73.82,62.51,26435.0,12577.0,90400.5234375,23035.84765625,
5154,2016,1,0,0,0,0,20140.0,94762.0,114902,0.17527981102466583,51.0,183.3147735595703,183.3147735595703,,,,,74.0,191.0,851.0,19421.0,48.754791259765625,,62.7,70.85,0.0,74.0,62.76,,13591.0,94939.136,24785.076999999997,
5154,2017,1,0,0,0,0,20284.0,97386.0,117670,0.17238038778305054,51.0,183.3147735595703,183.3147735595703,,,,,76.0,161.0,813.0,20293.0,49.50953674316406,,,,,,,,,100658.59299536547,25545.93292617798,
5154,2018,1,0,0,0,0,13441.0,76772.0,90213,0.14899182319641113,51.0,183.3147735595703,183.3147735595703,22.050935957091607,36.0,8.2,13.7,77.0,164.0,822.0,19509.0,49.18148422241211,,,,,,,,,118656.820225,35014.803154,
5154,2019,1,0,0,0,0,12158.0,80886.0,93044,0.13066935539245605,51.0,183.3147735595703,,,,,,79.0,221.0,810.0,18981.0,49.60092544555664,,,,,,,,,127021.90607775001,32027.28365001,
5154,2020,1,0,0,0,0,10773.0,84654.0,95427,0.11289257556200027,51.0,183.3147735595703,,,,,,85.0,173.0,825.0,19093.0,47.90996170043945,,,,,,,,,124489.44229271,28788.092044830002,
5154,2021,1,0,0,0,0,10649.0,86278.0,96927,0.1098661869764328,51.0,183.3147735595703,,,,,,82.0,173.0,798.0,18437.0,48.35744857788086,,,,,,,,,118833.865489,31858.49509,
5154,2022,1,0,0,0,0,10616.0,87807.0,98423,0.10786096751689911,51.0,183.3147735595703,,,,,,81.0,202.0,801.0,18319.0,48.630062103271484,,,,,,,,,137248.869693,38829.352931999994,
5154,2023,1,0,0,0,0,10615.0,89344.0,99959,0.10619354248046875,51.0,183.3147735595703,,,,,,,,,,,,,,,,,,,155136.934269,41473.654152,
5190,1993,1,0,0,0,0,2187.0,7659.0,9846,0.22212065756320953,1044.0,70.43186950683594,70.43186950683594,34.66238021850586,,,,,,,,,,,,,,,,,493.4599914550781,399.6000061035156,
5190,1994,1,0,0,0,0,2199.0,7690.0,9889,0.2223682850599289,1044.0,70.43186950683594,70.43186950683594,,,,,,,,,,,,,,,,,,792.9199829101562,547.1900024414062,
5190,1995,1,0,0,0,0,2199.0,7722.0,9921,0.22165104746818542,1044.0,70.43186950683594,70.43186950683594,,,,,,,,,,,,,,,,,,751.3099975585938,564.719970703125,
5190,1996,1,0,0,0,0,2189.0,7752.0,9941,0.22019916772842407,1044.0,70.43186950683594,70.43186950683594,,,,,14.0,,89.0,2487.0,,,,,,,,,,1079.8599853515625,380.7099914550781,
5190,1997,1,0,0,0,0,2170.0,7779.0,9949,0.21811237931251526,1044.0,70.43186950683594,70.43186950683594,,,,,14.0,,88.0,2510.0,,,,,,,,,,1769.7099609375,510.42999267578125,
5190,1998,1,0,0,0,0,2145.0,7802.0,9947,0.21564291417598724,1044.0,70.43186950683594,70.43186950683594,,,,,14.0,,98.0,2627.0,,,,,,,,,,2429.840087890625,601.8800048828125,
5190,1999,1,0,0,0,0,2114.0,7818.0,9932,0.21284736692905426,1044.0,70.43186950683594,70.43186950683594,,,,,14.0,,89.0,2507.0,,,,,,,,,,3175.860107421875,1323.3599853515625,
5190,2000,1,0,0,0,0,2081.0,7828.0,9909,0.2100110948085785,1044.0,70.43186950683594,70.43186950683594,,,,,14.0,,102.0,2694.0,46.1684684753418,,,,,,,,,4031.311,1109.79,2453466.0
5190,2001,1,0,0,0,0,2047.0,7831.0,9878,0.2072281837463379,1044.0,70.43186950683594,70.43186950683594,,,,,14.0,,104.0,2613.0,47.182987213134766,,,,,,,,,0.0,0.0,2150151.0
5190,2002,1,0,0,0,0,2008.0,7830.0,9838,0.20410652458667755,1044.0,70.43186950683594,70.43186950683594,,,,,14.0,,105.0,2701.0,48.67772674560547,,,,,,,,,7422.099,974.233,4536261.0
5190,2003,1,0,0,0,0,1966.0,7825.0,9791,0.20079664885997772,1044.0,70.43186950683594,70.43186950683594,,,,,11.0,,122.0,2618.0,47.850467681884766,,,,,,,,,5676.475,1685.019,4642685.0
5190,2004,1,0,0,0,0,1923.0,7817.0,9740,0.1974332630634308,1044.0,70.43186950683594,70.43186950683594,,,,,15.0,,92.0,2496.0,47.20746612548828,,,,,,,,,3553.316,998.349,2748349.0
5190,2005,1,0,0,0,0,1878.0,7804.0,9682,0.19396819174289703,1044.0,70.43186950683594,70.43186950683594,23.752542770805896,51.1227,17.01945,17.31489,14.0,,100.0,2277.0,50.166385650634766,15.43,86.37221593053982,95.79566003616637,38.672768878718536,,78.70894677236693,,,4225.785,1183.8,3392429.0
5190,2006,1,0,0,0,0,1833.0,7789.0,9622,0.19050092995166779,1044.0,70.43186950683594,70.43186950683594,,,,,14.0,30.0,100.0,2100.0,48.665931701660156,15.37,,,,,,,,4376.403198,1240.143198,4583174.0
5190,2007,1,0,0,0,0,1794.0,7772.0,9566,0.187539204955101,1044.0,70.43186950683594,70.43186950683594,,,,,,32.0,84.0,2003.0,47.29869842529297,15.3,,,,,,,,5000.574000000001,1789.214,4575964.0
5190,2008,1,0,0,0,0,1752.0,7754.0,9506,0.18430465459823608,1044.0,70.43186950683594,70.43186950683594,,,,,14.0,25.0,88.0,2015.0,47.12054443359375,15.23,44.41,54.72,3.23,44.41,44.41,,283.0,4234.79,1333.758,3549917.0
5190,2009,1,0,0,0,0,1704.0,7735.0,9439,0.18052759766578674,1044.0,70.43186950683594,70.43186950683594,,,,,14.0,31.0,91.0,1987.0,49.124290466308594,15.16,44.13,54.35,3.08,44.13,44.13,,731.0,5686.276,1520.8429999999998,5088052.0
5190,2010,1,0,0,0,0,1662.0,7713.0,9375,0.177279993891716,1044.0,70.43186950683594,70.43186950683594,,,,,14.0,20.0,75.0,1952.0,48.45301055908203,15.09,43.81,53.95,3.05,43.81,43.81,,879.0,6437.723999999999,1777.682,4545086.0
5190,2011,1,0,0,0,0,1625.0,7690.0,9315,0.17444981634616852,1044.0,70.43186950683594,70.43186950683594,,,,,14.0,21.0,76.0,1925.0,46.78081130981445,13.581,43.81,53.95,3.05,43.81,43.81,3333.0,953.0,5814.942000000001,2193.046,
5190,2012,1,0,0,0,0,1581.0,7666.0,9247,0.17097437381744385,1044.0,70.43186950683594,70.43186950683594,,,,,14.0,22.0,77.0,1857.0,46.100425720214844,13.581,74.89,95.06,0.47,74.89,100.0,3449.0,1100.0,8073.189999999999,2158.224,
5190,2013,1,0,0,0,0,1551.0,7640.0,9191,0.1687520444393158,1044.0,70.43186950683594,70.43186950683594,,,,,13.0,18.0,81.0,1842.0,46.28174591064453,12.2229,74.92,95.06,0.47,74.92,100.0,3495.0,1209.0,11726.509,2714.94,
5190,2014,1,0,0,0,0,1509.0,7612.0,9121,0.16544239223003387,1044.0,70.43186950683594,70.43186950683594,,,,,13.0,28.0,66.0,1581.0,47.32673645019531,11.328415236577518,74.89,95.06,0.47,74.89,100.0,3549.0,1589.0,13473.249,3509.1040000000003,
5190,2015,1,0,0,0,0,1475.0,7583.0,9058,0.16283947229385376,1044.0,70.43186950683594,70.43186950683594,,,,,13.0,11.0,72.0,1471.0,44.50277328491211,10.99954634,78.42,99.53,0.47,78.42,78.42,3655.0,1788.0,13050.09765625,4249.38916015625,
5190,2016,1,0,0,0,0,1446.0,7552.0,8998,0.16070237755775452,1044.0,70.43186950683594,70.43186950683594,,,,,14.0,10.0,72.0,1422.0,47.072628021240234,,68.84,99.53,0.29,68.84,68.84,,1913.0,10357.948,2915.8500000000004,
5190,2017,1,0,0,0,0,1413.0,7519.0,8932,0.15819525718688965,1044.0,70.43186950683594,70.43186950683594,,,,,14.0,8.0,83.0,1374.0,46.787235260009766,,,,,,,,,13215.831595314026,4738.059744728089,
5190,2018,1,0,0,0,0,1360.0,8415.0,9775,0.13913042843341827,1044.0,70.43186950683594,70.43186950683594,13.148127319761556,28.8,34.5,35.3,14.0,6.0,76.0,1346.0,46.66590118408203,,,,,,,,,13843.962942,3874.331979,
5190,2019,1,0,0,0,0,1273.0,8571.0,9844,0.12931734323501587,1044.0,70.43186950683594,,,,,,13.0,15.0,77.0,1286.0,45.19538497924805,,,,,,,,,20032.146155000002,5008.781486000001,
5190,2020,1,0,0,0,0,1181.0,8755.0,9936,0.11886070668697357,1044.0,70.43186950683594,,,,,,13.0,10.0,78.0,1342.0,49.948062896728516,,,,,,,,,16770.836912500003,5513.35411653,
5190,2021,1,0,0,0,0,1167.0,8923.0,10090,0.11565906554460526,1044.0,70.43186950683594,,,,,,12.0,10.0,72.0,1208.0,48.48455810546875,,,,,,,,,20917.31123,6221.94283515,
5190,2022,1,0,0,0,0,1164.0,9082.0,10246,0.1136053130030632,1044.0,70.43186950683594,,,,,,12.0,17.0,84.0,1214.0,48.17393493652344,,,,,,,,,19854.537512,6431.01726465,
5190,2023,1,0,0,0,0,1164.0,9242.0,10406,0.1118585467338562,1044.0,70.43186950683594,,,,,,,,,,,,,,,,,,,27489.623268,7512.03411825,
5197,1993,1,0,0,0,0,15939.0,4394.0,20333,0.783898115158081,1300.0,61.403377532958984,61.403377532958984,62.075538635253906,,,,,,,,,,,,,,,,,1047.06005859375,900.530029296875,
5197,1994,1,0,0,0,0,15603.0,4399.0,20002,0.7800719738006592,1300.0,61.403377532958984,61.403377532958984,,,,,,,,,,,,,,,,,,1030.469970703125,976.02001953125,
5197,1995,1,0,0,0,0,15182.0,4387.0,19569,0.7758188843727112,1300.0,61.403377532958984,61.403377532958984,,,,,,,,,,,,,,,,,,1546.4100341796875,1222.6500244140625,
5197,1996,1,0,0,0,0,14698.0,4364.0,19062,0.7710628509521484,1300.0,61.403377532958984,61.403377532958984,,,,,78.0,,178.0,4724.0,,,,,,,,,,2024.0899658203125,553.4000244140625,
5197,1997,1,0,0,0,0,14176.0,4330.0,18506,0.7660218477249146,1300.0,61.403377532958984,61.403377532958984,,,,,79.0,,192.0,4912.0,,,,,,,,,,2805.719970703125,711.5999755859375,
5197,1998,1,0,0,0,0,13642.0,4287.0,17929,0.7608901858329773,1300.0,61.403377532958984,61.403377532958984,,,,,77.0,,210.0,4845.0,,,,,,,,,,3310.139892578125,653.7000122070312,
5197,1999,1,0,0,0,0,13117.0,4238.0,17355,0.755805253982544,1300.0,61.403377532958984,61.403377532958984,,,,,78.0,,212.0,4758.0,,,,,,,,,,3869.31005859375,686.8099975585938,
5197,2000,1,0,0,0,0,12624.0,4185.0,16809,0.7510262131690979,1300.0,61.403377532958984,61.403377532958984,,,,,77.0,,185.0,4638.0,47.707218170166016,,,,,,,,,5413.789,725.375,3875401.0
5197,2001,1,0,0,0,0,12182.0,4133.0,16315,0.7466748356819153,1300.0,61.403377532958984,61.403377532958984,,,,,77.0,,182.0,3946.0,47.90760803222656,,,,,,,,,4967.174,593.406,3835283.0
5197,2002,1,0,0,0,0,11791.0,4084.0,15875,0.7427401542663574,1300.0,61.403377532958984,61.403377532958984,,,,,76.0,,176.0,3838.0,49.504783630371094,,,,,,,,,5866.781,1046.244,5178203.0
5197,2003,1,0,0,0,0,11472.0,4043.0,15515,0.7394134998321533,1300.0,61.403377532958984,61.403377532958984,,,,,75.0,,136.0,2919.0,48.78054428100586,,,,,,,,,5282.225,730.114,5505769.0
5197,2004,1,0,0,0,0,11245.0,4011.0,15256,0.737087070941925,1300.0,61.403377532958984,61.403377532958984,,,,,77.0,,159.0,3485.0,49.55685806274414,,,,,,,,,5601.489,937.215,4781534.0
5197,2005,1,0,0,0,0,11126.0,3993.0,15119,0.7358952164649963,1300.0,61.403377532958984,61.403377532958984,36.2308664513411,72.18087,53.86647,31.676270000000002,73.0,36.0,151.0,3038.0,49.41346740722656,18.05,50.421788382742825,98.86455798864559,29.938271604938272,,32.22463244155218,,,6246.385,1035.703,5066622.0
5197,2006,1,0,0,0,0,11109.0,3988.0,15097,0.7358415722846985,1300.0,61.403377532958984,61.403377532958984,,,,,74.0,26.0,153.0,3120.0,49.50263214111328,17.85,,,,,,,,5810.160055,1125.158055,5817415.0
5197,2007,1,0,0,0,0,11104.0,3983.0,15087,0.7359978556632996,1300.0,61.403377532958984,61.403377532958984,,,,,,103.0,156.0,3133.0,49.736698150634766,17.65,,,,,,,,6923.268999999999,1288.633,6024692.0
5197,2008,1,0,0,0,0,11090.0,3979.0,15069,0.7359479665756226,1300.0,61.403377532958984,61.403377532958984,,,,,72.0,93.0,155.0,3067.0,48.69794464111328,17.45,100.0,100.0,0.0,100.0,100.0,,,7167.572,1422.427,6294217.0
5197,2009,1,0,0,0,0,11093.0,3975.0,15068,0.7361959218978882,1300.0,61.403377532958984,61.403377532958984,,,,,68.0,69.0,147.0,3088.0,48.4210090637207,17.25,72.74,100.0,7.71,69.22,70.5,,,7769.7029999999995,1536.2720000000002,7948769.0
5197,2010,1,0,0,0,0,11069.0,3972.0,15041,0.7359218001365662,1300.0,61.403377532958984,61.403377532958984,,,,,71.0,82.0,146.0,3087.0,49.23326873779297,17.05,26.96,100.0,2.72,26.96,26.96,,,8249.861,1724.296,7447000.0
5197,2011,1,0,0,0,0,11066.0,3969.0,15035,0.7360159754753113,1300.0,61.403377532958984,61.403377532958984,,,,,71.0,92.0,150.0,3118.0,49.090145111083984,16.614272576649064,34.04,100.0,7.71,25.53,28.63,5932.0,,9673.436,1923.299,
5197,2012,1,0,0,0,0,11045.0,3968.0,15013,0.7356957197189331,1300.0,61.403377532958984,61.403377532958984,,,,,71.0,86.0,149.0,3116.0,47.7994499206543,16.614272576649064,34.04,100.0,7.71,25.53,28.63,6807.0,,9593.564999999999,2014.3829999999998,
5197,2013,1,0,0,0,0,11044.0,3966.0,15010,0.7357761263847351,1300.0,61.403377532958984,61.403377532958984,,,,,68.0,30.0,152.0,3100.0,48.816646575927734,15.346674653165612,34.04,100.0,7.71,25.53,28.63,6880.0,,15119.936093999999,2561.321,
5197,2014,1,0,0,0,0,11016.0,3965.0,14981,0.7353314161300659,1300.0,61.403377532958984,61.403377532958984,,,,,67.0,28.0,138.0,1839.0,48.597225189208984,14.323610519724827,28.33,82.79,0.0,30.2,30.26,6931.0,1301.0,17463.888443,3363.792,
5197,2015,1,0,0,0,0,11007.0,3965.0,14972,0.7351723313331604,1300.0,61.403377532958984,61.403377532958984,,,,,66.0,25.0,142.0,1721.0,48.63168716430664,16.012364200000388,28.18,82.79,0.0,30.05,30.11,7277.0,1423.0,18689.224609375,3835.8544921875,
5197,2016,1,0,0,0,0,10998.0,3966.0,14964,0.7349638938903809,1300.0,61.403377532958984,61.403377532958984,,,,,68.0,20.0,151.0,1759.0,50.13340759277344,,28.37,92.5,0.0,30.27,30.34,,1463.0,18656.929,4259.096,
5197,2017,1,0,0,0,0,10978.0,3967.0,14945,0.7345600724220276,1300.0,61.403377532958984,61.403377532958984,,,,,69.0,15.0,144.0,1335.0,50.73490905761719,,,,,,,,,21393.959617967284,4542.97159576416,
5197,2018,1,0,0,0,0,9151.0,6293.0,15444,0.5925278663635254,1300.0,61.403377532958984,61.403377532958984,14.214786098075223,42.9,31.6,20.3,69.0,6.0,148.0,1769.0,47.533485412597656,,,,,,,,,21620.263657,4649.9107699999995,
5197,2019,1,0,0,0,0,8540.0,6502.0,15042,0.5677436590194702,1300.0,61.403377532958984,,,,,,69.0,14.0,152.0,1840.0,49.54841232299805,,,,,,,,,27803.968597550003,5698.26290534,
5197,2020,1,0,0,0,0,8139.0,6694.0,14833,0.548708975315094,1300.0,61.403377532958984,,,,,,69.0,19.0,149.0,1916.0,46.89936828613281,,,,,,,,,25849.46254788,5197.21830653,
5197,2021,1,0,0,0,0,8045.0,7018.0,15063,0.5340901613235474,1300.0,61.403377532958984,,,,,,63.0,20.0,159.0,1989.0,49.28105926513672,,,,,,,,,22858.586584999997,4478.3060752,
5197,2022,1,0,0,0,0,8021.0,7275.0,15296,0.5243854522705078,1300.0,61.403377532958984,,,,,,64.0,24.0,157.0,1966.0,49.49928665161133,,,,,,,,,27489.242545999998,5458.6668441,
5197,2023,1,0,0,0,0,8020.0,7514.0,15534,0.5162868499755859,1300.0,61.403377532958984,,,,,,,,,,,,,,,,,,,30901.937387,6154.1494496,
5212,1993,1,0,0,0,0,11821.0,39634.0,51455,0.22973471879959106,1400.0,18.33585548400879,18.33585548400879,20.896860122680664,,,,,,,,,,,,,,,,,3689.800048828125,3624.89990234375,
5212,1994,1,0,0,0,0,11274.0,41005.0,52279,0.21565064787864685,1400.0,18.33585548400879,18.33585548400879,,,,,,,,,,,,,,,,,,5294.8701171875,2801.02001953125,
5212,1995,1,0,0,0,0,10656.0,42381.0,53037,0.2009163349866867,1400.0,18.33585548400879,18.33585548400879,,,,,,,,,,,,,,,,,,4918.83984375,4702.1201171875,
5212,1996,1,0,0,0,0,10010.0,43727.0,53737,0.1862776130437851,1400.0,18.33585548400879,18.33585548400879,,,,,42.0,,525.0,14606.0,,,,,,,,,,7474.990234375,4986.009765625,
5212,1997,1,0,0,0,0,9395.0,45023.0,54418,0.17264507710933685,1400.0,18.33585548400879,18.33585548400879,,,,,40.0,,533.0,15043.0,,,,,,,,,,8417.0703125,5387.97021484375,
5212,1998,1,0,0,0,0,8879.0,46239.0,55118,0.16109074652194977,1400.0,18.33585548400879,18.33585548400879,,,,,42.0,,548.0,15200.0,,,,,,,,,,11665.919921875,6302.259765625,
5212,1999,1,0,0,0,0,8516.0,47358.0,55874,0.15241436660289764,1400.0,18.33585548400879,18.33585548400879,,,,,43.0,,528.0,15105.0,,,,,,,,,,12025.650390625,6759.77001953125,
5212,2000,1,0,0,0,0,8307.0,48378.0,56685,0.14654670655727386,1400.0,18.33585548400879,18.33585548400879,,,,,39.0,,478.0,14251.0,49.60350036621094,,,,,,,,,11146.744,5642.199,7427647.0
5212,2001,1,0,0,0,0,8253.0,49308.0,57561,0.1433783322572708,1400.0,18.33585548400879,18.33585548400879,,,,,37.0,,478.0,14003.0,50.2736701965332,,,,,,,,,10647.301,5451.121,3949198.0
5212,2002,1,0,0,0,0,8265.0,50198.0,58463,0.1413714587688446,1400.0,18.33585548400879,18.33585548400879,,,,,39.0,,500.0,15143.0,50.66761016845703,,,,,,,,,12582.152,6808.411,7834547.0
5212,2003,1,0,0,0,0,8308.0,51077.0,59385,0.13990065455436707,1400.0,18.33585548400879,18.33585548400879,,,,,40.0,,606.0,19790.0,50.39332962036133,,,,,,,,,12616.819,7448.761,8754273.0
5212,2004,1,0,0,0,0,8355.0,51948.0,60303,0.13855032622814178,1400.0,18.33585548400879,18.33585548400879,,,,,43.0,,518.0,14604.0,50.238834381103516,,,,,,,,,15549.747,9257.562,7056754.0
5212,2005,1,0,0,0,0,8404.0,52826.0,61230,0.13725298643112183,1400.0,18.33585548400879,18.33585548400879,9.752891229176813,28.961969999999997,5.7894000000000005,2.6054500000000003,44.0,181.0,524.0,15081.0,50.01310729980469,9.86,95.07517838939857,99.34123847167325,66.42084562438545,,88.81880733944955,,,16664.963,9299.160000000002,10176623.0
5212,2006,1,0,0,0,0,8460.0,53692.0,62152,0.13611790537834167,1400.0,18.33585548400879,18.33585548400879,,,,,45.0,183.0,543.0,15121.0,51.32511901855469,9.8,,,,,,,1939.0,18487.045,11424.67,10552124.0
5212,2007,1,0,0,0,0,8517.0,54545.0,63062,0.13505756855010986,1400.0,18.33585548400879,18.33585548400879,,,,,42.0,156.0,409.0,10614.0,50.413692474365234,9.74,,,,,,,2345.0,27446.647,14106.241,14434318.0
5212,2008,1,0,0,0,0,8573.0,55402.0,63975,0.13400547206401825,1400.0,18.33585548400879,18.33585548400879,,,,,41.0,174.0,559.0,14792.0,51.432106018066406,9.68,79.7,78.99,99.56,42.18,70.3,,31998.0,24774.162,14097.347,16469443.0
5212,2009,1,0,0,0,0,8631.0,56241.0,64872,0.13304661214351654,1400.0,18.33585548400879,18.33585548400879,,,,,40.0,185.0,548.0,14917.0,51.750732421875,9.62,76.15,89.49,34.23,77.36,64.01,,38312.0,34597.806,16949.770999999997,27592688.0
5212,2010,1,0,0,0,0,8688.0,57085.0,65773,0.13209067285060883,1400.0,18.33585548400879,18.33585548400879,,,,,44.0,178.0,552.0,14680.0,51.96262741088867,9.56,79.15,89.41,36.89,77.29,67.67,,9126.0,33823.263999999996,19514.62,25273736.0
5212,2011,1,0,0,0,0,8739.0,57926.0,66665,0.1310882717370987,1400.0,18.33585548400879,18.33585548400879,,,,,45.0,222.0,540.0,14436.0,51.646392822265625,8.98493112727208,71.8,80.63,37.75,81.62,60.76,20947.0,10434.0,33894.626,22203.12,
5212,2012,1,0,0,0,0,8774.0,58775.0,67549,0.12989088892936707,1400.0,18.33585548400879,18.33585548400879,,,,,47.0,184.0,544.0,14220.0,51.41442108154297,8.98493112727208,75.61,87.47,28.16,73.14,66.89,22140.0,11680.0,40440.791581,24930.168478999996,
5212,2013,1,0,0,0,0,8815.0,59619.0,68434,0.12881024181842804,1400.0,18.33585548400879,18.33585548400879,,,,,46.0,181.0,535.0,14010.0,52.5753059387207,8.764677336973241,100.0,100.0,100.0,100.0,100.0,22857.0,13075.0,49333.597923,28375.16,
5212,2014,1,0,0,0,0,8846.0,60456.0,69302,0.12764422595500946,1400.0,18.33585548400879,18.33585548400879,,,,,46.0,232.0,503.0,12572.0,52.26307678222656,8.527500845637615,100.0,100.0,100.0,100.0,100.0,23610.0,14319.0,56083.035,30619.62,
5212,2015,1,0,0,0,0,8895.0,61274.0,70169,0.1267653852701187,1400.0,18.33585548400879,18.33585548400879,,,,,38.0,210.0,518.0,12685.0,52.887691497802734,8.527500845637615,100.0,100.0,100.0,100.0,100.0,24405.0,15381.0,62252.75,33181.21875,
5212,2016,1,0,0,0,0,8951.0,62084.0,71035,0.1260083019733429,1400.0,18.33585548400879,18.33585548400879,,,,,44.0,141.0,567.0,12607.0,53.62156295776367,,100.0,100.0,100.0,100.0,100.0,,16698.0,58549.89200000001,34109.988000000005,
5212,2017,1,0,0,0,0,9005.0,62880.0,71885,0.12526953220367432,1400.0,18.33585548400879,18.33585548400879,,,,,43.0,136.0,534.0,12927.0,52.68849563598633,,,,,,,,,64867.83132241284,37604.62452316284,
5212,2018,1,0,0,0,0,15541.0,62343.0,77884,0.19954034686088562,1400.0,18.33585548400879,18.33585548400879,3.7855884749861985,11.6,4.2,5.0,40.0,119.0,521.0,12218.0,51.87990951538086,,,,,,,,,64100.367471,39569.052909,
5212,2019,1,0,0,0,0,15261.0,64739.0,80000,0.1907625049352646,1400.0,18.33585548400879,,,,,,36.0,147.0,524.0,12349.0,51.83076095581055,,,,,,,,,74514.75100500001,45707.75743700001,
5212,2020,1,0,0,0,0,14839.0,66981.0,81820,0.18136152625083923,1400.0,18.33585548400879,,,,,,36.0,134.0,528.0,11972.0,52.26363754272461,,,,,,,,,76918.00402417,44662.444780640006,
5212,2021,1,0,0,0,0,14668.0,68438.0,83106,0.17649748921394348,1400.0,18.33585548400879,,,,,,35.0,147.0,535.0,12198.0,52.634483337402344,,,,,,,,,91133.496109,46249.46919245,
5212,2022,1,0,0,0,0,14623.0,69766.0,84389,0.17328087985515594,1400.0,18.33585548400879,,,,,,34.0,130.0,539.0,12583.0,52.07712936401367,,,,,,,,,92745.21551899999,56560.5831737,
5212,2023,1,0,0,0,0,14621.0,71085.0,85706,0.17059482634067535,1400.0,18.33585548400879,,,,,,,,,,,,,,,,,,,117370.612094,68226.768452,
5234,1993,1,0,0,0,0,15796.0,8064.0,23860,0.6620284914970398,412.0,112.31250762939453,112.31250762939453,72.8626708984375,,,,,,,,,,,,,,,,,914.7100219726562,896.3499755859375,
5234,1994,1,0,0,0,0,15860.0,8117.0,23977,0.6614672541618347,412.0,112.31250762939453,112.31250762939453,,,,,,,,,,,,,,,,,,1160.9000244140625,1048.9200439453125,
5234,1995,1,0,0,0,0,15885.0,8172.0,24057,0.6603067517280579,412.0,112.31250762939453,112.31250762939453,,,,,,,,,,,,,,,,,,1381.300048828125,1131.3800048828125,
5234,1996,1,0,0,0,0,15881.0,8230.0,24111,0.6586620211601257,412.0,112.31250762939453,112.31250762939453,,,,,97.0,,218.0,5777.0,,,,,,,,,,2419.330078125,775.0800170898438,
5234,1997,1,0,0,0,0,15855.0,8285.0,24140,0.6567937135696411,412.0,112.31250762939453,112.31250762939453,,,,,100.0,,232.0,5555.0,,,,,,,,,,0.0,0.0,
5234,1998,1,0,0,0,0,15815.0,8338.0,24153,0.654784083366394,412.0,112.31250762939453,112.31250762939453,,,,,104.0,,227.0,5271.0,,,,,,,,,,4500.7900390625,987.1300048828125,
5234,1999,1,0,0,0,0,15770.0,8386.0,24156,0.6528398990631104,412.0,112.31250762939453,112.31250762939453,,,,,108.0,,230.0,5486.0,,,,,,,,,,4016.320068359375,886.6099853515625,
5234,2000,1,0,0,0,0,15730.0,8427.0,24157,0.651157021522522,412.0,112.31250762939453,112.31250762939453,,,,,111.0,,219.0,5064.0,49.14634704589844,,,,,,,,,5197.584,1135.825,2855213.0
5234,2001,1,0,0,0,0,15696.0,8463.0,24159,0.6496957540512085,412.0,112.31250762939453,112.31250762939453,,,,,97.0,,206.0,4836.0,47.84341812133789,,,,,,,,,6210.454,1175.544,2376919.0
5234,2002,1,0,0,0,0,15657.0,8498.0,24155,0.6481887698173523,412.0,112.31250762939453,112.31250762939453,,,,,86.0,,186.0,4618.0,48.29345703125,,,,,,,,,0.0,0.0,4675247.0
5234,2003,1,0,0,0,0,15608.0,8533.0,24141,0.6465349197387695,412.0,112.31250762939453,112.31250762939453,,,,,76.0,,187.0,5314.0,47.58510208129883,,,,,,,,,4585.775,2594.781,6559509.0
5234,2004,1,0,0,0,0,15551.0,8568.0,24119,0.6447613835334778,412.0,112.31250762939453,112.31250762939453,,,,,86.0,,191.0,5245.0,49.80257034301758,,,,,,,,,7722.433,1035.776,6006348.0
5234,2005,1,0,0,0,0,15480.0,8604.0,24084,0.6427503824234009,412.0,112.31250762939453,112.31250762939453,66.48931522775008,81.14329000000001,46.615899999999996,39.14887,84.0,48.0,199.0,4964.0,46.057132720947266,36.72,56.91021126760564,96.7823026646556,25.870841487279844,,47.183098591549296,,,7720.04,2078.707,6502702.0
5234,2006,1,0,0,0,0,15394.0,8642.0,24036,0.640455961227417,412.0,112.31250762939453,112.31250762939453,,,,,84.0,49.0,200.0,4203.0,47.181007385253906,35.91,,,,,,,,8124.378693000001,1644.332693,6829555.0
5234,2007,1,0,0,0,0,15305.0,8679.0,23984,0.6381337642669678,412.0,112.31250762939453,112.31250762939453,,,,,,97.0,235.0,5619.0,47.73767852783203,35.09,,,,,,,,10879.87,3278.726,1566865.0
5234,2008,1,0,0,0,0,15212.0,8714.0,23926,0.6357936859130859,412.0,112.31250762939453,112.31250762939453,,,,,82.0,95.0,210.0,5348.0,46.615089416503906,34.28,48.03,100.0,13.08,40.21,40.21,,,11925.423,2290.062,9104807.0
5234,2009,1,0,0,0,0,15115.0,8748.0,23863,0.6334073543548584,412.0,112.31250762939453,112.31250762939453,,,,,82.0,89.0,194.0,5741.0,46.96329879760742,33.46,47.4,100.0,12.83,39.66,39.66,,,12594.080000000002,2576.675,13729930.0
5234,2010,1,0,0,0,0,15014.0,8781.0,23795,0.6309729218482971,412.0,112.31250762939453,112.31250762939453,,,,,90.0,107.0,226.0,5591.0,45.30084228515625,32.64,48.58,100.0,12.98,40.91,40.91,,,12773.481,2321.416,14681164.0
5234,2011,1,0,0,0,0,14910.0,8812.0,23722,0.6285305023193359,412.0,112.31250762939453,112.31250762939453,,,,,91.0,118.0,247.0,5620.0,48.02529525756836,31.050037667533203,23.03,33.56,14.86,14.82,14.82,4172.0,,12758.845,2804.946,
5234,2012,1,0,0,0,0,14802.0,8841.0,23643,0.6260626912117004,412.0,112.31250762939453,112.31250762939453,,,,,92.0,116.0,242.0,5712.0,46.72989273071289,31.050037667533203,48.73,99.96,12.98,41.1,41.1,4799.0,,15373.657000000001,3039.411,
5234,2013,1,0,0,0,0,14691.0,8869.0,23560,0.6235568523406982,412.0,112.31250762939453,112.31250762939453,,,,,85.0,68.0,228.0,5451.0,47.42473220825195,27.945033900779883,48.38,100.0,12.84,40.78,41.21,5570.0,,19904.059,3399.75,
5234,2014,1,0,0,0,0,14576.0,8896.0,23472,0.6209952235221863,412.0,112.31250762939453,112.31250762939453,,,,,85.0,53.0,216.0,2924.0,45.32318115234375,26.022531885341277,48.36,100.0,12.83,40.75,41.18,6061.0,,23088.816,3618.9210000000003,
5234,2015,1,0,0,0,0,14457.0,8921.0,23378,0.6184019446372986,412.0,112.31250762939453,112.31250762939453,,,,,86.0,47.0,213.0,2978.0,44.8358268737793,23.96663822,40.49,100.0,0.0,40.49,40.49,6455.0,,26165.3671875,4184.3759765625,
5234,2016,1,0,0,0,0,14336.0,8944.0,23280,0.6158075332641602,412.0,112.31250762939453,112.31250762939453,,,,,88.0,33.0,248.0,3873.0,44.674888610839844,,100.0,100.0,0.0,100.0,100.0,,,24123.999999999996,3397.1,
5234,2017,1,0,0,0,0,14210.0,8966.0,23176,0.6131342649459839,412.0,112.31250762939453,112.31250762939453,,,,,87.0,35.0,251.0,3189.0,44.14548873901367,,,,,,,,,21074.63176821167,3378.7857208251953,
5234,2018,1,0,0,0,0,14002.0,9042.0,23044,0.6076201796531677,412.0,112.31250762939453,112.31250762939453,47.22197724667078,60.5,48.0,42.7,87.0,35.0,253.0,3240.0,42.759220123291016,,,,,,,,,29906.374774000004,4278.791738,
5234,2019,1,0,0,0,0,14061.0,9194.0,23255,0.6046441793441772,412.0,112.31250762939453,,,,,,105.0,34.0,250.0,3532.0,43.370689392089844,,,,,,,,,39472.86221849,8726.682307609999,
5234,2020,1,0,0,0,0,14129.0,9380.0,23509,0.601003885269165,412.0,112.31250762939453,,,,,,105.0,43.0,261.0,3793.0,43.00569152832031,,,,,,,,,43258.44282107001,9297.471190380002,
5234,2021,1,0,0,0,0,13969.0,9905.0,23874,0.585113525390625,412.0,112.31250762939453,,,,,,100.0,63.0,260.0,3294.0,43.33269500732422,,,,,,,,,53486.233662,13799.708465999998,
5234,2022,1,0,0,0,0,13926.0,10316.0,24242,0.5744575262069702,412.0,112.31250762939453,,,,,,98.0,71.0,268.0,3158.0,43.326698303222656,,,,,,,,,53361.579671,17610.295918,
5234,2023,1,0,0,0,0,13925.0,10696.0,24621,0.5655741095542908,412.0,112.31250762939453,,,,,,,,,,,,,,,,,,,64494.217783,20383.30203425,
5237,1993,1,0,0,0,0,5776.0,8170.0,13946,0.41416892409324646,2200.0,41.30860137939453,41.30860137939453,23.980302810668945,,,,,,,,,,,,,,,,,1010.0900268554688,958.7000122070312,
5237,1994,1,0,0,0,0,5773.0,8435.0,14208,0.40632039308547974,2200.0,41.30860137939453,41.30860137939453,,,,,,,,,,,,,,,,,,1254.5799560546875,1254.5799560546875,
5237,1995,1,0,0,0,0,5770.0,8699.0,14469,0.3987835943698883,2200.0,41.30860137939453,41.30860137939453,,,,,,,,,,,,,,,,,,1258.489990234375,1158.800048828125,
5237,1996,1,0,0,0,0,5771.0,8962.0,14733,0.3917056918144226,2200.0,41.30860137939453,41.30860137939453,,,,,23.0,,134.0,3275.0,,,,,,,,,,2005.6400146484375,955.0700073242188,
5237,1997,1,0,0,0,0,5778.0,9224.0,15002,0.38514864444732666,2200.0,41.30860137939453,41.30860137939453,,,,,23.0,,149.0,3567.0,,,,,,,,,,2555.68994140625,1229.6400146484375,
5237,1998,1,0,0,0,0,5794.0,9484.0,15278,0.3792381286621094,2200.0,41.30860137939453,41.30860137939453,,,,,23.0,,146.0,3615.0,,,,,,,,,,3065.719970703125,1517.3199462890625,
5237,1999,1,0,0,0,0,5824.0,9743.0,15567,0.37412476539611816,2200.0,41.30860137939453,41.30860137939453,,,,,23.0,,138.0,3475.0,,,,,,,,,,4573.3798828125,1933.5699462890625,
5237,2000,1,0,0,0,0,5869.0,10001.0,15870,0.36981725692749023,2200.0,41.30860137939453,41.30860137939453,,,,,23.0,,138.0,3635.0,51.84257888793945,,,,,,,,,4094.091,1793.376,2715396.0
5237,2001,1,0,0,0,0,5933.0,10262.0,16195,0.36634764075279236,2200.0,41.30860137939453,41.30860137939453,,,,,22.0,,131.0,3513.0,50.126426696777344,,,,,,,,,3381.307,1694.707,2396392.0
5237,2002,1,0,0,0,0,6007.0,10530.0,16537,0.36324605345726013,2200.0,41.30860137939453,41.30860137939453,,,,,23.0,,150.0,3955.0,52.10030746459961,,,,,,,,,4740.531000000001,2149.008,1765189.0
5237,2003,1,0,0,0,0,6094.0,10806.0,16900,0.36059170961380005,2200.0,41.30860137939453,41.30860137939453,,,,,21.0,,131.0,3663.0,50.9614372253418,,,,,,,,,7423.095,2554.155,6962380.0
5237,2004,1,0,0,0,0,6192.0,11095.0,17287,0.3581882417201996,2200.0,41.30860137939453,41.30860137939453,,,,,24.0,,148.0,4219.0,50.007049560546875,,,,,,,,,8250.708,5395.166,6360755.0
5237,2005,1,0,0,0,0,6304.0,11397.0,17701,0.35613808035850525,2200.0,41.30860137939453,41.30860137939453,18.720800476450144,53.50165,27.77655,11.11422,25.0,46.0,168.0,4140.0,50.03255844116211,14.31,73.49645552252458,99.33496674833742,24.80211081794195,,72.71895723759432,,,9613.069,5476.894,7198385.0
5237,2006,1,0,0,0,0,6425.0,11713.0,18138,0.3542287051677704,2200.0,41.30860137939453,41.30860137939453,,,,,25.0,46.0,166.0,4030.0,50.69085693359375,14.15,,,,,,,,10519.840085,4429.729085,8087914.0
5237,2007,1,0,0,0,0,6548.0,12032.0,18580,0.35242196917533875,2200.0,41.30860137939453,41.30860137939453,,,,,22.0,46.0,156.0,4098.0,51.82387924194336,13.99,,,,,,,,11697.982,5851.816000000001,9820145.0
5237,2008,1,0,0,0,0,6669.0,12345.0,19014,0.35074156522750854,2200.0,41.30860137939453,41.30860137939453,,,,,23.0,36.0,149.0,4039.0,51.46595764160156,13.83,34.2,34.2,0.0,0.37,0.37,,,9379.806,5373.079,8073123.0
5237,2009,1,0,0,0,0,6795.0,12663.0,19458,0.34921368956565857,2200.0,41.30860137939453,41.30860137939453,,,,,23.0,30.0,151.0,4344.0,49.84086608886719,13.67,32.57,32.57,0.0,32.57,32.57,,,11145.731,5282.2970000000005,8685935.0
5237,2010,1,0,0,0,0,6924.0,12984.0,19908,0.3477998673915863,2200.0,41.30860137939453,41.30860137939453,,,,,25.0,33.0,157.0,4281.0,47.217044830322266,13.51,71.78,71.68,100.0,82.13,82.13,,,14906.486,6172.101000000001,13154455.0
5237,2011,1,0,0,0,0,7057.0,13314.0,20371,0.34642383456230164,2200.0,41.30860137939453,41.30860137939453,,,,,25.0,34.0,163.0,4500.0,49.849239349365234,13.51,71.78,71.68,100.0,82.13,82.13,6293.0,833.0,17629.87,7454.280999999999,
5237,2012,1,0,0,0,0,7190.0,13638.0,20828,0.34520837664604187,2200.0,41.30860137939453,41.30860137939453,,,,,25.0,30.0,164.0,4486.0,49.629634857177734,12.43178137010965,100.0,100.0,100.0,92.0,91.85,6519.0,2193.0,12371.682,6285.372000000001,
5237,2013,1,0,0,0,0,7327.0,13968.0,21295,0.3440713882446289,2200.0,41.30860137939453,41.30860137939453,,,,,25.0,45.0,169.0,4120.0,52.44783401489258,12.43178137010965,94.74,100.0,86.72,100.0,60.36,6791.0,2526.0,16330.553,7425.944,
5237,2014,1,0,0,0,0,7467.0,14301.0,21768,0.34302645921707153,2200.0,41.30860137939453,41.30860137939453,,,,,25.0,43.0,157.0,3185.0,51.536922454833984,13.36637446953891,70.7,100.0,25.07,99.32,60.9,6795.0,2711.0,19189.429,9489.286,
5237,2015,1,0,0,0,0,7608.0,14635.0,22243,0.34204018115997314,2200.0,41.30860137939453,41.30860137939453,,,,,23.0,40.0,160.0,3300.0,48.5549201965332,14.11853782,70.08,100.0,25.54,70.08,59.82,6996.0,2816.0,22498.47265625,10769.466796875,
5237,2016,1,0,0,0,0,7753.0,14973.0,22726,0.3411511182785034,2200.0,41.30860137939453,41.30860137939453,,,,,24.0,31.0,178.0,3327.0,52.181739807128906,,64.7,100.0,16.3,64.7,57.83,,2926.0,18412.0295275,7634.195139999999,
5237,2017,1,0,0,0,0,7898.0,15311.0,23209,0.34029901027679443,2200.0,41.30860137939453,41.30860137939453,,,,,24.0,22.0,188.0,3123.0,52.945247650146484,,,,,,,,,22594.830117340818,8698.11491394043,
5237,2018,1,0,0,0,0,6821.0,12081.0,18902,0.36086127161979675,2200.0,41.30860137939453,41.30860137939453,6.100402457106545,19.7,13.0,9.1,23.0,20.0,176.0,3050.0,50.67215347290039,,,,,,,,,22779.704184,11793.684535999999,
5237,2019,1,0,0,0,0,6782.0,12550.0,19332,0.3508172929286957,2200.0,41.30860137939453,,,,,,23.0,30.0,193.0,3169.0,50.81126403808594,,,,,,,,,28826.11031885,13034.87793234,
5237,2020,1,0,0,0,0,6720.0,12989.0,19709,0.3409609794616699,2200.0,41.30860137939453,,,,,,24.0,38.0,180.0,3021.0,49.632808685302734,,,,,,,,,23977.98127216,12311.333695809999,
5237,2021,1,0,0,0,0,6644.0,13374.0,20018,0.33190128207206726,2200.0,41.30860137939453,,,,,,24.0,44.0,187.0,2991.0,51.257347106933594,,,,,,,,,34641.650584999996,12650.0479614,
5237,2022,1,0,0,0,0,6624.0,13704.0,20328,0.32585597038269043,2200.0,41.30860137939453,,,,,,24.0,44.0,184.0,2824.0,48.34135055541992,,,,,,,,,36977.461117,15704.163361699999,
5237,2023,1,0,0,0,0,6623.0,14022.0,20645,0.32080405950546265,2200.0,41.30860137939453,,,,,,,,,,,,,,,,,,,48084.836388,18503.0181696,
5282,1993,1,0,0,0,0,14541.0,8651.0,23192,0.6269834637641907,1820.0,44.23552322387695,44.23552322387695,31.611446380615234,,,,,,,,,,,,,,,,,1325.27001953125,1274.219970703125,
5282,1994,1,0,0,0,0,14521.0,8649.0,23170,0.6267156004905701,1820.0,44.23552322387695,44.23552322387695,,,,,,,,,,,,,,,,,,1593.7099609375,1540.1700439453125,
5282,1995,1,0,0,0,0,14486.0,8650.0,23136,0.6261237859725952,1820.0,44.23552322387695,44.23552322387695,,,,,,,,,,,,,,,,,,2214.780029296875,1910.7900390625,
5282,1996,1,0,0,0,0,14442.0,8652.0,23094,0.6253572106361389,1820.0,44.23552322387695,44.23552322387695,,,,,47.0,,236.0,5334.0,,,,,,,,,,2447.820068359375,1039.8399658203125,
5282,1997,1,0,0,0,0,14394.0,8654.0,23048,0.6245227456092834,1820.0,44.23552322387695,44.23552322387695,,,,,45.0,,245.0,5545.0,,,,,,,,,,3434.1298828125,1263.0699462890625,
5282,1998,1,0,0,0,0,14346.0,8654.0,23000,0.6237391233444214,1820.0,44.23552322387695,44.23552322387695,,,,,46.0,,249.0,5980.0,,,,,,,,,,4166.2998046875,1595.949951171875,
5282,1999,1,0,0,0,0,14304.0,8651.0,22955,0.6231322288513184,1820.0,44.23552322387695,44.23552322387695,,,,,46.0,,244.0,5774.0,,,,,,,,,,4411.25,1725.1400146484375,
5282,2000,1,0,0,0,0,14273.0,8644.0,22917,0.6228127479553223,1820.0,44.23552322387695,44.23552322387695,,,,,42.0,,231.0,5613.0,47.953590393066406,,,,,,,,,4842.338,1790.51,3038919.0
5282,2001,1,0,0,0,0,14252.0,8636.0,22888,0.6226843595504761,1820.0,44.23552322387695,44.23552322387695,,,,,39.0,,225.0,5233.0,48.038848876953125,,,,,,,,,4343.739,1816.052,4213874.0
5282,2002,1,0,0,0,0,14225.0,8627.0,22852,0.6224837899208069,1820.0,44.23552322387695,44.23552322387695,,,,,38.0,,225.0,5543.0,48.1252555847168,,,,,,,,,6466.567000000001,2172.842,5811607.0
5282,2003,1,0,0,0,0,14188.0,8619.0,22807,0.622089684009552,1820.0,44.23552322387695,44.23552322387695,,,,,37.0,,248.0,6206.0,48.29749298095703,,,,,,,,,6423.674000000001,2106.019,5694987.0
5282,2004,1,0,0,0,0,14142.0,8613.0,22755,0.6214897632598877,1820.0,44.23552322387695,44.23552322387695,,,,,37.0,,224.0,5333.0,47.70273971557617,,,,,,,,,5792.144,2184.332,3972406.0
5282,2005,1,0,0,0,0,14084.0,8608.0,22692,0.6206592917442322,1820.0,44.23552322387695,44.23552322387695,24.518229963100797,56.779329999999995,24.01452,11.407150000000001,37.0,43.0,216.0,5209.0,49.11042022705078,15.41,84.53555631167063,96.78938356164383,76.45398080180689,,78.17284790745151,,,7028.727,2809.0,7094793.0
5282,2006,1,0,0,0,0,14013.0,8605.0,22618,0.6195508241653442,1820.0,44.23552322387695,44.23552322387695,,,,,39.0,45.0,224.0,5181.0,48.15311813354492,15.24,,,,,,,,7027.239684,3486.888684,6103751.0
5282,2007,1,0,0,0,0,13904.0,8602.0,22506,0.6177908182144165,1820.0,44.23552322387695,44.23552322387695,,,,,37.0,61.0,215.0,4972.0,47.89850997924805,15.07,,,,,,,,10487.18,4016.99,7881169.0
5282,2008,1,0,0,0,0,13803.0,8599.0,22402,0.6161503195762634,1820.0,44.23552322387695,44.23552322387695,,,,,39.0,60.0,217.0,4926.0,48.095863342285156,14.89,100.0,100.0,0.0,100.0,100.0,,,10112.006,4017.499,6464593.0
5282,2009,1,0,0,0,0,13692.0,8596.0,22288,0.6143215894699097,1820.0,44.23552322387695,44.23552322387695,,,,,39.0,57.0,216.0,4852.0,47.23705291748047,14.72,28.94,100.0,0.0,28.94,28.94,,,12168.057,4413.333,8619923.0
5282,2010,1,0,0,0,0,13576.0,8593.0,22169,0.6123866438865662,1820.0,44.23552322387695,44.23552322387695,,,,,39.0,74.0,219.0,4829.0,48.3355827331543,14.55,29.15,100.0,0.0,29.15,29.15,,,11459.508,4277.843,9767279.0
5282,2011,1,0,0,0,0,13465.0,8590.0,22055,0.6105191707611084,1820.0,44.23552322387695,44.23552322387695,,,,,39.0,69.0,220.0,4665.0,47.74985885620117,14.55,33.51,100.0,3.59,33.51,31.02,7123.0,,11169.578,4950.749,
5282,2012,1,0,0,0,0,13348.0,8588.0,21936,0.6084974408149719,1820.0,44.23552322387695,44.23552322387695,,,,,39.0,58.0,215.0,4581.0,47.34046173095703,13.318476831744604,53.74,100.0,36.35,29.51,27.31,7332.0,,11415.025000000001,4840.5560000000005,
5282,2013,1,0,0,0,0,13232.0,8585.0,21817,0.6064994931221008,1820.0,44.23552322387695,44.23552322387695,,,,,39.0,50.0,218.0,4466.0,47.86207580566406,13.318476831744604,53.74,100.0,36.35,29.51,27.31,7389.0,,10522.449,4952.619000000001,
5282,2014,1,0,0,0,0,13105.0,8583.0,21688,0.6042512059211731,1820.0,44.23552322387695,44.23552322387695,,,,,39.0,59.0,230.0,3192.0,46.895809173583984,12.693453545404317,54.73,100.0,38.02,28.89,26.94,7469.0,1847.0,14815.929999999998,5628.404,
5282,2015,1,0,0,0,0,12981.0,8580.0,21561,0.6020592451095581,1820.0,44.23552322387695,44.23552322387695,,,,,37.0,59.0,216.0,3290.0,46.612178802490234,13.13043804,76.3,100.0,62.47,39.36,37.01,7697.0,1953.0,15201.2275390625,5567.10595703125,
5282,2016,1,0,0,0,0,12848.0,8578.0,21426,0.5996453166007996,1820.0,44.23552322387695,44.23552322387695,,,,,38.0,52.0,218.0,3171.0,48.10299301147461,,39.47,100.0,0.0,39.47,39.47,,1986.0,14043.238,3862.098,
5282,2017,1,0,0,0,0,12708.0,8575.0,21283,0.5970962643623352,1820.0,44.23552322387695,44.23552322387695,,,,,37.0,51.0,219.0,2711.0,44.97045135498047,,,,,,,,,19663.58663485742,6381.706268310547,
5282,2018,1,0,0,0,0,16377.0,8031.0,24408,0.6709685325622559,1820.0,44.23552322387695,44.23552322387695,10.9955185659411,31.6,16.5,16.3,37.0,51.0,210.0,2554.0,44.977535247802734,,,,,,,,,20809.022013,6568.95974,
5282,2019,1,0,0,0,0,16422.0,8131.0,24553,0.6688388586044312,1820.0,44.23552322387695,,,,,,37.0,55.0,211.0,2438.0,45.67223358154297,,,,,,,,,21771.68988761,8257.650284899999,
5282,2020,1,0,0,0,0,16475.0,8279.0,24754,0.6655489802360535,1820.0,44.23552322387695,,,,,,37.0,36.0,189.0,2432.0,45.73033142089844,,,,,,,,,23524.305500950002,7912.37162799,
5282,2021,1,0,0,0,0,16289.0,8849.0,25138,0.6479831337928772,1820.0,44.23552322387695,,,,,,36.0,35.0,180.0,2200.0,46.39117431640625,,,,,,,,,27974.324297,10828.279633999999,
5282,2022,1,0,0,0,0,16239.0,9287.0,25526,0.6361748576164246,1820.0,44.23552322387695,,,,,,36.0,36.0,154.0,2226.0,47.79445266723633,,,,,,,,,30607.976381,11247.6401665,
5282,2023,1,0,0,0,0,16237.0,9687.0,25924,0.6263307929039001,1820.0,44.23552322387695,,,,,,,,,,,,,,,,,,,37784.891306,12856.5539687,
5284,1993,1,0,0,0,0,16664.0,7777.0,24441,0.6818051338195801,1500.0,86.91658020019531,86.91658020019531,54.44223403930664,,,,,,,,,,,,,,,,,1245.1800537109375,1244.699951171875,
5284,1994,1,0,0,0,0,16316.0,7821.0,24137,0.6759746670722961,1500.0,86.91658020019531,86.91658020019531,,,,,,,,,,,,,,,,,,1920.4599609375,1420.8399658203125,
5284,1995,1,0,0,0,0,15950.0,7851.0,23801,0.6701399087905884,1500.0,86.91658020019531,86.91658020019531,,,,,,,,,,,,,,,,,,2466.429931640625,1746.3299560546875,
5284,1996,1,0,0,0,0,15572.0,7871.0,23443,0.6642494797706604,1500.0,86.91658020019531,86.91658020019531,,,,,70.0,,218.0,5502.0,,,,,,,,,,2868.669921875,743.260009765625,
5284,1997,1,0,0,0,0,15191.0,7876.0,23067,0.6585598587989807,1500.0,86.91658020019531,86.91658020019531,,,,,60.0,,227.0,4972.0,,,,,,,,,,4078.0400390625,1176.2099609375,
5284,1998,1,0,0,0,0,14811.0,7871.0,22682,0.6529847383499146,1500.0,86.91658020019531,86.91658020019531,,,,,67.0,,241.0,5243.0,,,,,,,,,,6340.02001953125,1951.8399658203125,
5284,1999,1,0,0,0,0,14440.0,7855.0,22295,0.6476788520812988,1500.0,86.91658020019531,86.91658020019531,,,,,68.0,,241.0,5462.0,,,,,,,,,,5283.009765625,1425.300048828125,
5284,2000,1,0,0,0,0,14081.0,7829.0,21910,0.6426745653152466,1500.0,86.91658020019531,86.91658020019531,,,,,72.0,,231.0,5284.0,47.861915588378906,,,,,,,,,6109.95,1400.969,5274782.0
5284,2001,1,0,0,0,0,13737.0,7796.0,21533,0.6379510760307312,1500.0,86.91658020019531,86.91658020019531,,,,,67.0,,198.0,4843.0,46.340763092041016,,,,,,,,,5766.428,856.3979999999999,2321771.0
5284,2002,1,0,0,0,0,13401.0,7758.0,21159,0.6333475112915039,1500.0,86.91658020019531,86.91658020019531,,,,,71.0,,201.0,5167.0,47.176002502441406,,,,,,,,,7302.877,1929.745,5668323.0
5284,2003,1,0,0,0,0,13069.0,7715.0,20784,0.6288009881973267,1500.0,86.91658020019531,86.91658020019531,,,,,57.0,,196.0,5044.0,48.696075439453125,,,,,,,,,6914.1,2102.9,5734000.0
5284,2004,1,0,0,0,0,12742.0,7667.0,20409,0.6243324279785156,1500.0,86.91658020019531,86.91658020019531,,,,,72.0,,222.0,4814.0,47.39729690551758,,,,,,,,,7392.065000000001,1621.883,5567147.0
5284,2005,1,0,0,0,0,12416.0,7615.0,20031,0.6198392510414124,1500.0,86.91658020019531,86.91658020019531,44.36635514893826,65.81554,33.73948,33.74513,72.0,57.0,249.0,5447.0,47.54534912109375,22.09,67.30046429361045,98.59154929577466,41.1525974025974,,56.113199204068096,,,7382.739189999999,1165.691,7959055.0
5284,2006,1,0,0,0,0,12088.0,7558.0,19646,0.615290641784668,1500.0,86.91658020019531,86.91658020019531,,,,,74.0,83.0,241.0,5265.0,48.699981689453125,21.85,,,,,,,,10620.402217,1479.079217,8972450.0
5284,2007,1,0,0,0,0,11783.0,7504.0,19287,0.6109296679496765,1500.0,86.91658020019531,86.91658020019531,,,,,71.0,100.0,245.0,5331.0,48.33893585205078,21.6,,,,,,,,11161.808,1557.477,8248230.0
5284,2008,1,0,0,0,0,11486.0,7446.0,18932,0.606697678565979,1500.0,86.91658020019531,86.91658020019531,,,,,73.0,87.0,227.0,5245.0,49.555118560791016,21.36,50.98,0.0,50.98,50.98,50.98,,,10522.863,1868.482,8304102.0
5284,2009,1,0,0,0,0,11200.0,7383.0,18583,0.6027013659477234,1500.0,86.91658020019531,86.91658020019531,,,,,72.0,91.0,231.0,5495.0,48.706451416015625,21.11,50.96,0.0,50.96,50.96,50.96,,,11632.874999999998,1810.773,10336150.0
5284,2010,1,0,0,0,0,10925.0,7319.0,18244,0.5988270044326782,1500.0,86.91658020019531,86.91658020019531,,,,,76.0,100.0,233.0,5687.0,46.87507247924805,20.87,50.58,99.68,0.0,50.58,50.58,,,13088.45,2264.445,12788151.0
5284,2011,1,0,0,0,0,10661.0,7252.0,17913,0.595154345035553,1500.0,86.91658020019531,86.91658020019531,,,,,76.0,111.0,247.0,5572.0,47.26934814453125,20.87,50.58,99.68,0.0,50.58,50.58,4611.0,,13121.088819,2296.516635,
5284,2012,1,0,0,0,0,10406.0,7181.0,17587,0.591687023639679,1500.0,86.91658020019531,86.91658020019531,,,,,77.0,97.0,238.0,5429.0,47.38142776489258,20.647588637484883,48.92,0.0,48.92,48.92,48.92,5522.0,,14384.212157,2339.307847,
5284,2013,1,0,0,0,0,10155.0,7106.0,17261,0.5883204936981201,1500.0,86.91658020019531,86.91658020019531,,,,,74.0,112.0,239.0,5223.0,47.382083892822266,18.582829773736396,85.59,0.0,85.59,48.89,48.89,5652.0,98.0,17763.767707,2387.2528479999996,
5284,2014,1,0,0,0,0,9914.0,7028.0,16942,0.5851729512214661,1500.0,86.91658020019531,86.91658020019531,,,,,74.0,60.0,243.0,2872.0,48.20128631591797,20.36252533144547,100.0,100.0,0.0,100.0,100.0,5921.0,1929.0,18015.36,2651.0570000000002,
5284,2015,1,0,0,0,0,9674.0,6941.0,16615,0.5822449326515198,1500.0,86.91658020019531,86.91658020019531,,,,,70.0,59.0,253.0,2980.0,47.02993392944336,20.36252533144547,77.2,100.0,0.0,77.2,77.2,6414.0,1944.0,19732.20703125,3100.18090820312,
5284,2016,1,0,0,0,0,9451.0,6860.0,16311,0.5794249176979065,1500.0,86.91658020019531,86.91658020019531,,,,,75.0,40.0,263.0,2965.0,49.20183181762695,,92.18,100.0,0.0,100.0,92.18,,2053.0,20492.031000000003,2912.009,
5284,2017,1,0,0,0,0,9234.0,6774.0,16008,0.5768365859985352,1500.0,86.91658020019531,86.91658020019531,,,,,77.0,43.0,266.0,2924.0,49.1816291809082,,,,,,,,,26901.850547790527,3587.5644149780273,
5284,2018,1,0,0,0,0,12100.0,8639.0,20739,0.5834418535232544,1500.0,86.91658020019531,86.91658020019531,34.06096166277162,51.3,27.7,42.1,88.0,51.0,260.0,2848.0,47.12797927856445,,,,,,,,,27465.4664653,3913.29079765,
5284,2019,1,0,0,0,0,11840.0,8817.0,20657,0.5731713175773621,1500.0,86.91658020019531,,,,,,87.0,52.0,253.0,2856.0,47.915138244628906,,,,,,,,,30947.5995688,4908.28192821,
5284,2020,1,0,0,0,0,11680.0,9020.0,20700,0.564251184463501,1500.0,86.91658020019531,,,,,,87.0,30.0,256.0,3554.0,48.230979919433594,,,,,,,,,28311.34357337,4694.22462539,
5284,2021,1,0,0,0,0,11539.0,9482.0,21021,0.5489272475242615,1500.0,86.91658020019531,,,,,,85.0,55.0,263.0,2941.0,49.42677307128906,,,,,,,,,39498.674228,6166.9966387,
5284,2022,1,0,0,0,0,11503.0,9843.0,21346,0.5388831496238708,1500.0,86.91658020019531,,,,,,89.0,67.0,260.0,2852.0,47.774269104003906,,,,,,,,,42467.993813999994,6336.7655398,
5284,2023,1,0,0,0,0,11502.0,10177.0,21679,0.5305595397949219,1500.0,86.91658020019531,,,,,,,,,,,,,,,,,,,47970.991773,7679.1630628,
5308,1993,1,0,0,0,0,13854.0,17746.0,31600,0.4384177327156067,1400.0,23.122577667236328,23.122577667236328,22.280061721801758,,,,,,,,,,,,,,,,,2403.7099609375,1896.219970703125,
5308,1994,1,0,0,0,0,14086.0,18240.0,32326,0.43574830889701843,1400.0,23.122577667236328,23.122577667236328,,,,,,,,,,,,,,,,,,5729.080078125,3314.389892578125,
5308,1995,1,0,0,0,0,14341.0,18756.0,33097,0.433302104473114,1400.0,23.122577667236328,23.122577667236328,,,,,,,,,,,,,,,,,,5304.47021484375,5241.080078125,
5308,1996,1,0,0,0,0,14601.0,19292.0,33893,0.43079692125320435,1400.0,23.122577667236328,23.122577667236328,,,,,37.0,,323.0,8514.0,,,,,,,,,,5293.419921875,4178.1298828125,
5308,1997,1,0,0,0,0,14871.0,19846.0,34717,0.42834922671318054,1400.0,23.122577667236328,23.122577667236328,,,,,38.0,,379.0,8993.0,,,,,,,,,,7999.89990234375,5312.3701171875,
5308,1998,1,0,0,0,0,15161.0,20423.0,35584,0.42606228590011597,1400.0,23.122577667236328,23.122577667236328,,,,,39.0,,401.0,9436.0,,,,,,,,,,10128.8701171875,4585.490234375,
5308,1999,1,0,0,0,0,15463.0,21023.0,36486,0.42380639910697937,1400.0,23.122577667236328,23.122577667236328,,,,,42.0,,425.0,9815.0,,,,,,,,,,9977.4296875,4957.509765625,
5308,2000,1,0,0,0,0,15775.0,21642.0,37417,0.421599805355072,1400.0,23.122577667236328,23.122577667236328,,,,,41.0,,415.0,9835.0,50.134483337402344,,,,,,,,,9319.118999999999,5867.320999999999,5285044.0
5308,2001,1,0,0,0,0,16105.0,22279.0,38384,0.41957587003707886,1400.0,23.122577667236328,23.122577667236328,,,,,40.0,,397.0,9889.0,50.12217330932617,,,,,,,,,9272.666,5862.205,3623467.0
5308,2002,1,0,0,0,0,16449.0,22932.0,39381,0.4176887273788452,1400.0,23.122577667236328,23.122577667236328,,,,,41.0,,400.0,9949.0,49.343971252441406,,,,,,,,,14262.53,6381.173000000001,7316301.0
5308,2003,1,0,0,0,0,16808.0,23612.0,40420,0.4158337414264679,1400.0,23.122577667236328,23.122577667236328,,,,,17.0,,402.0,9316.0,49.9853630065918,,,,,,,,,13284.46,6756.33,8135774.0
5308,2004,1,0,0,0,0,17177.0,24309.0,41486,0.41404327750205994,1400.0,23.122577667236328,23.122577667236328,,,,,34.0,,386.0,9082.0,48.90114974975586,,,,,,,,,13081.39,8805.197,7034597.0
5308,2005,1,0,0,0,0,17565.0,25016.0,42581,0.41250792145729065,1400.0,23.122577667236328,23.122577667236328,15.433221307370587,36.62749,14.513490000000001,14.769599999999999,37.0,97.0,407.0,9298.0,49.71989822387695,10.04,86.53084870136139,97.98836242726517,70.65868263473054,,67.90576421743748,,,14885.562,9214.326,10573866.0
5308,2006,1,0,0,0,0,17952.0,25737.0,43689,0.4109043478965759,1400.0,23.122577667236328,23.122577667236328,,,,,38.0,116.0,441.0,9301.0,49.95624542236328,9.99,,,,,,,3565.0,18225.853822,10698.641822,14580833.0
5308,2007,1,0,0,0,0,18346.0,26453.0,44799,0.4095180630683899,1400.0,23.122577667236328,23.122577667236328,,,,,33.0,99.0,355.0,7863.0,49.71796798706055,9.95,,,,,,,25766.0,24231.971,12207.417,16095593.0
5308,2008,1,0,0,0,0,18747.0,27183.0,45930,0.4081645905971527,1400.0,23.122577667236328,23.122577667236328,,,,,35.0,115.0,375.0,9358.0,49.26493453979492,9.9,82.55,99.98,59.51,84.64,60.69,,89918.0,22386.956,14516.543,16755615.0
5308,2009,1,0,0,0,0,19153.0,27913.0,47066,0.40693917870521545,1400.0,23.122577667236328,23.122577667236328,,,,,36.0,130.0,371.0,9573.0,50.484535217285156,9.86,81.82,99.31,59.8,84.43,58.97,,4551.0,25911.46,14767.727,22450402.0
5308,2010,1,0,0,0,0,19573.0,28653.0,48226,0.40585991740226746,1400.0,23.122577667236328,23.122577667236328,,,,,43.0,128.0,388.0,9495.0,50.72495651245117,9.81,87.13,99.32,72.42,87.63,86.38,,5018.0,25994.594,15541.004,20937052.0
5308,2011,1,0,0,0,0,19995.0,29403.0,49398,0.404773473739624,1400.0,23.122577667236328,23.122577667236328,,,,,43.0,123.0,391.0,9407.0,50.39306640625,9.81,88.12,99.85,73.06,87.36,66.13,12746.0,5488.0,27455.89,18248.568,
5308,2012,1,0,0,0,0,20428.0,30155.0,50583,0.40385109186172485,1400.0,23.122577667236328,23.122577667236328,,,,,44.0,115.0,361.0,8894.0,49.65561294555664,8.96887594499335,94.83,100.0,89.13,80.53,64.13,13589.0,6078.0,37172.351,21486.472,
5308,2013,1,0,0,0,0,20870.0,30912.0,51782,0.4030357897281647,1400.0,23.122577667236328,23.122577667236328,,,,,42.0,116.0,357.0,8406.0,50.28502655029297,8.96887594499335,94.95,100.0,89.27,81.01,53.91,13916.0,6609.0,41420.10799999999,24042.641999999996,
5308,2014,1,0,0,0,0,21321.0,31685.0,53006,0.4022374749183655,1400.0,23.122577667236328,23.122577667236328,,,,,42.0,130.0,338.0,7895.0,49.97542953491211,8.071988350494015,97.72,100.0,95.11,80.66,54.6,14265.0,7063.0,43395.763000000006,26567.401,
5308,2015,1,0,0,0,0,21774.0,32466.0,54240,0.40143805742263794,1400.0,23.122577667236328,23.122577667236328,,,,,41.0,117.0,363.0,7756.0,51.28095245361328,8.464823139,97.71,100.0,95.11,80.66,54.56,14708.0,8284.0,54731.65625,31653.84765625,
5308,2016,1,0,0,0,0,22231.0,33259.0,55490,0.40063074231147766,1400.0,23.122577667236328,23.122577667236328,,,,,42.0,84.0,380.0,7587.0,53.2285041809082,,90.5,100.0,81.1,75.76,51.02,,8723.0,58023.195999999996,30823.810999999998,
5308,2017,1,0,0,0,0,22696.0,34059.0,56755,0.3998942971229553,1400.0,23.122577667236328,23.122577667236328,,,,,42.0,98.0,352.0,7453.0,52.03953552246094,,,,,,,,,62497.25566482544,36371.010192871094,
5308,2018,1,0,0,0,0,23010.0,28652.0,51662,0.4453950822353363,1400.0,23.122577667236328,23.122577667236328,4.97619540467812,13.9,9.0,6.4,42.0,115.0,368.0,7399.0,51.767276763916016,,,,,,,,,68541.179179,36734.48581900001,
5308,2019,1,0,0,0,0,23317.0,29845.0,53162,0.4386027753353119,1400.0,23.122577667236328,,,,,,41.0,127.0,366.0,7583.0,51.53908157348633,,,,,,,,,82739.691593,51179.698799,
5308,2020,1,0,0,0,0,23481.0,30958.0,54439,0.43132680654525757,1400.0,23.122577667236328,,,,,,41.0,116.0,373.0,7351.0,51.668907165527344,,,,,,,,,73306.96794100001,47136.92807000001,
5308,2021,1,0,0,0,0,23215.0,32079.0,55294,0.41984662413597107,1400.0,23.122577667236328,,,,,,39.0,126.0,368.0,7576.0,50.836124420166016,,,,,,,,,99092.946438,55065.1506891,
5308,2022,1,0,0,0,0,23144.0,33004.0,56148,0.4121963381767273,1400.0,23.122577667236328,,,,,,39.0,126.0,369.0,7510.0,49.96869659423828,,,,,,,,,107298.73250600001,68436.49668960001,
5308,2023,1,0,0,0,0,23141.0,33883.0,57024,0.4058115780353546,1400.0,23.122577667236328,,,,,,,,,,,,,,,,,,,131012.759684,81626.6822271,
5310,1993,1,0,0,0,0,5351.0,3972.0,9323,0.5739569067955017,1750.0,68.82402801513672,68.82402801513672,41.391727447509766,,,,,,,,,,,,,,,,,486.67999267578125,427.239990234375,
5310,1994,1,0,0,0,0,5380.0,4038.0,9418,0.5712465643882751,1750.0,68.82402801513672,68.82402801513672,,,,,,,,,,,,,,,,,,614.7899780273438,596.6300048828125,
5310,1995,1,0,0,0,0,5420.0,4113.0,9533,0.5685513615608215,1750.0,68.82402801513672,68.82402801513672,,,,,,,,,,,,,,,,,,919.5800170898438,816.6300048828125,
5310,1996,1,0,0,0,0,5468.0,4198.0,9666,0.5656942129135132,1750.0,68.82402801513672,68.82402801513672,,,,,24.0,,99.0,2394.0,,,,,,,,,,1615.6700439453125,745.260009765625,
5310,1997,1,0,0,0,0,5526.0,4288.0,9814,0.5630731582641602,1750.0,68.82402801513672,68.82402801513672,,,,,24.0,,100.0,2385.0,,,,,,,,,,2479.260009765625,979.260009765625,
5310,1998,1,0,0,0,0,5589.0,4382.0,9971,0.5605255365371704,1750.0,68.82402801513672,68.82402801513672,,,,,24.0,,105.0,2438.0,,,,,,,,,,2777.5400390625,896.3599853515625,
5310,1999,1,0,0,0,0,5660.0,4477.0,10137,0.5583506226539612,1750.0,68.82402801513672,68.82402801513672,,,,,24.0,,92.0,2267.0,,,,,,,,,,2654.199951171875,875.3099975585938,
5310,2000,1,0,0,0,0,5736.0,4571.0,10307,0.5565149784088135,1750.0,68.82402801513672,68.82402801513672,,,,,25.0,,90.0,2241.0,49.859954833984375,,,,,,,,,4368.77,1052.38,2542514.0
5310,2001,1,0,0,0,0,5818.0,4665.0,10483,0.5549938082695007,1750.0,68.82402801513672,68.82402801513672,,,,,24.0,,90.0,2210.0,45.71910095214844,,,,,,,,,3828.341,1375.969,2391798.0
5310,2002,1,0,0,0,0,5904.0,4761.0,10665,0.553586483001709,1750.0,68.82402801513672,68.82402801513672,,,,,23.0,,90.0,2172.0,48.89253234863281,,,,,,,,,4958.649000000001,1636.842,3491877.0
5310,2003,1,0,0,0,0,5993.0,4861.0,10854,0.5521466732025146,1750.0,68.82402801513672,68.82402801513672,,,,,18.0,,94.0,2409.0,48.603328704833984,,,,,,,,,4107.362999999999,924.21,3761073.0
5310,2004,1,0,0,0,0,6086.0,4964.0,11050,0.5507692098617554,1750.0,68.82402801513672,68.82402801513672,,,,,25.0,,88.0,2224.0,47.82524871826172,,,,,,,,,4290.95,947.1610000000001,3502042.0
5310,2005,1,0,0,0,0,6180.0,5072.0,11252,0.5492357015609741,1750.0,68.82402801513672,68.82402801513672,39.44886009838278,69.05304,27.146910000000002,29.657030000000002,25.0,19.0,91.0,2217.0,48.94701385498047,15.97,74.53261321146655,99.41648431801605,41.602316602316606,,62.65060240963856,,,7249.427,1853.997,6161252.0
5310,2006,1,0,0,0,0,6274.0,5183.0,11457,0.5476127862930298,1750.0,68.82402801513672,68.82402801513672,,,,,25.0,28.0,102.0,2121.0,51.410037994384766,15.79,,,,,,,,5981.393874,1762.946874,5055629.0
5310,2007,1,0,0,0,0,6333.0,5265.0,11598,0.5460424423217773,1750.0,68.82402801513672,68.82402801513672,,,,,,36.0,97.0,2056.0,50.21765899658203,15.61,,,,,,,,8575.82,1750.839,7680819.0
5310,2008,1,0,0,0,0,6400.0,5351.0,11751,0.5446345210075378,1750.0,68.82402801513672,68.82402801513672,,,,,24.0,35.0,93.0,2023.0,48.58047103881836,15.43,34.42,61.68,0.0,50.87,50.43,,,6171.223,1832.287,7160311.0
5310,2009,1,0,0,0,0,6464.0,5433.0,11897,0.5433302521705627,1750.0,68.82402801513672,68.82402801513672,,,,,23.0,34.0,92.0,1972.0,49.45402145385742,15.26,34.42,61.68,0.0,50.87,50.43,,,8648.15,1447.792,6355386.0
5310,2010,1,0,0,0,0,6531.0,5517.0,12048,0.5420816540718079,1750.0,68.82402801513672,68.82402801513672,,,,,25.0,38.0,82.0,1887.0,48.61457824707031,15.08,34.42,61.68,0.0,50.87,50.43,,,5817.9130000000005,2059.342,5251300.0
5310,2011,1,0,0,0,0,6602.0,5602.0,12204,0.5409701466560364,1750.0,68.82402801513672,68.82402801513672,,,,,24.0,39.0,80.0,1977.0,50.96249771118164,13.572000000000001,34.42,61.68,0.0,50.87,50.43,3694.0,,6331.442,1884.619,
5310,2012,1,0,0,0,0,6669.0,5684.0,12353,0.5398688316345215,1750.0,68.82402801513672,68.82402801513672,,,,,24.0,33.0,78.0,1917.0,49.672462463378906,13.180022113087754,100.0,100.0,100.0,100.0,100.0,3852.0,,8001.342000000001,2366.607,
5310,2013,1,0,0,0,0,6744.0,5769.0,12513,0.5389595031738281,1750.0,68.82402801513672,68.82402801513672,,,,,24.0,35.0,77.0,1855.0,50.86946105957031,11.862019901778979,100.0,100.0,0.0,100.0,100.0,3891.0,,7213.247,2104.2290000000003,
5310,2014,1,0,0,0,0,6813.0,5849.0,12662,0.5380666851997375,1750.0,68.82402801513672,68.82402801513672,,,,,24.0,24.0,73.0,1411.0,50.830482482910156,11.072212939953287,36.34,63.64,0.0,52.31,51.88,4073.0,,11208.234,2968.948,
5310,2015,1,0,0,0,0,6882.0,5928.0,12810,0.5372365117073059,1750.0,68.82402801513672,68.82402801513672,,,,,23.0,25.0,76.0,1366.0,49.485843658447266,12.33223077251997,36.34,63.64,0.0,52.31,51.88,4142.0,1198.0,12020.255859375,3338.30297851562,
5310,2016,1,0,0,0,0,6955.0,6009.0,12964,0.5364856719970703,1750.0,68.82402801513672,68.82402801513672,,,,,23.0,24.0,77.0,1296.0,51.117671966552734,,24.52,58.02,0.0,24.52,24.52,,1484.0,13599.99,3930.5789999999997,
5310,2017,1,0,0,0,0,7027.0,6088.0,13115,0.5357987284660339,1750.0,68.82402801513672,68.82402801513672,,,,,23.0,23.0,85.0,1224.0,50.28669357299805,,,,,,,,,13276.402168273926,3555.367256164551,
5310,2018,1,0,0,0,0,4736.0,5017.0,9753,0.4855941832065582,1750.0,68.82402801513672,68.82402801513672,10.362883584997565,34.1,26.0,21.1,23.0,19.0,72.0,1127.0,46.46139907836914,,,,,,,,,15904.987836,4514.55611,
5310,2019,1,0,0,0,0,4661.0,5167.0,9828,0.474257230758667,1750.0,68.82402801513672,,,,,,23.0,22.0,71.0,1191.0,48.07389450073242,,,,,,,,,20867.931446000002,4671.17471392,
5310,2020,1,0,0,0,0,4603.0,5318.0,9921,0.4639653265476227,1750.0,68.82402801513672,,,,,,23.0,23.0,70.0,1138.0,47.75313186645508,,,,,,,,,19258.20357759,5293.11508289,
5310,2021,1,0,0,0,0,4545.0,5530.0,10075,0.4511166214942932,1750.0,68.82402801513672,,,,,,21.0,26.0,69.0,1048.0,48.185340881347656,,,,,,,,,23330.417084,5623.6278501,
5310,2022,1,0,0,0,0,4529.0,5701.0,10230,0.4427174925804138,1750.0,68.82402801513672,,,,,,21.0,23.0,66.0,1036.0,48.703983306884766,,,,,,,,,29599.439176,5986.0336223,
5310,2023,1,0,0,0,0,4528.0,5862.0,10390,0.4358036518096924,1750.0,68.82402801513672,,,,,,,,,,,,,,,,,,,32760.863081,7729.746398,
5318,1993,1,0,0,0,0,19820.0,10660.0,30480,0.6502624750137329,2138.0,23.40586280822754,23.40586280822754,35.91698455810547,,,,,,,,,,,,,,,,,1440.260009765625,1310.68994140625,
5318,1994,1,0,0,0,0,20182.0,10942.0,31124,0.6484385132789612,2138.0,23.40586280822754,23.40586280822754,,,,,,,,,,,,,,,,,,1683.719970703125,1404.3199462890625,
5318,1995,1,0,0,0,0,20552.0,11202.0,31754,0.647225558757782,2138.0,23.40586280822754,23.40586280822754,,,,,,,,,,,,,,,,,,2276.580078125,1940.4100341796875,
5318,1996,1,0,0,0,0,20938.0,11450.0,32388,0.6464740037918091,2138.0,23.40586280822754,23.40586280822754,,,,,39.0,,233.0,6232.0,,,,,,,,,,3723.31005859375,1662.6099853515625,
5318,1997,1,0,0,0,0,21349.0,11689.0,33038,0.6461952924728394,2138.0,23.40586280822754,23.40586280822754,,,,,37.0,,273.0,7145.0,,,,,,,,,,4602.0,2364.27001953125,
5318,1998,1,0,0,0,0,21794.0,11927.0,33721,0.6463034749031067,2138.0,23.40586280822754,23.40586280822754,,,,,38.0,,250.0,7140.0,,,,,,,,,,5532.4501953125,2716.72998046875,
5318,1999,1,0,0,0,0,22283.0,12170.0,34453,0.6467651724815369,2138.0,23.40586280822754,23.40586280822754,,,,,39.0,,256.0,7584.0,,,,,,,,,,8625.76953125,3821.080078125,
5318,2000,1,0,0,0,0,22828.0,12426.0,35254,0.6475293636322021,2138.0,23.40586280822754,23.40586280822754,,,,,39.0,,272.0,8753.0,48.80171585083008,,,,,,,,,8159.509,3719.727,8976480.0
5318,2001,1,0,0,0,0,23426.0,12698.0,36124,0.6484885215759277,2138.0,23.40586280822754,23.40586280822754,,,,,36.0,,252.0,7463.0,48.241004943847656,,,,,,,,,9804.972000000002,4129.059,6506712.0
5318,2002,1,0,0,0,0,24012.0,12979.0,36991,0.6491308808326721,2138.0,23.40586280822754,23.40586280822754,,,,,37.0,,251.0,7789.0,48.594383239746094,,,,,,,,,10796.157,4325.348,9274445.0
5318,2003,1,0,0,0,0,24580.0,13272.0,37852,0.6493712067604065,2138.0,23.40586280822754,23.40586280822754,,,,,38.0,,285.0,8967.0,49.34039306640625,,,,,,,,,10525.726,3801.812,11237551.0
5318,2004,1,0,0,0,0,25127.0,13575.0,38702,0.6492429375648499,2138.0,23.40586280822754,23.40586280822754,,,,,31.0,,209.0,6676.0,50.40258026123047,,,,,,,,,10349.013,4356.204,10181216.0
5318,2005,1,0,0,0,0,25650.0,13891.0,39541,0.6486937403678894,2138.0,23.40586280822754,23.40586280822754,17.72544567755159,41.20979,20.79772,8.66838,34.0,63.0,290.0,6720.0,50.2110481262207,12.82,80.02144040541857,98.86024423337855,69.4647201946472,,49.71250365461456,,,11072.919,4584.948,10223693.0
5318,2006,1,0,0,0,0,26132.0,14221.0,40353,0.6475850343704224,2138.0,23.40586280822754,23.40586280822754,,,,,36.0,73.0,327.0,8150.0,50.499229431152344,12.68,,,,,,,,10645.802442,4897.662442,9301396.0
5318,2007,1,0,0,0,0,26586.0,14560.0,41146,0.6461381316184998,2138.0,23.40586280822754,23.40586280822754,,,,,34.0,79.0,326.0,8407.0,50.129852294921875,12.54,,,,,,,,12825.713,6221.870000000001,11874273.0
5318,2008,1,0,0,0,0,27039.0,14908.0,41947,0.6445991396903992,2138.0,23.40586280822754,23.40586280822754,,,,,36.0,78.0,320.0,8567.0,50.343929290771484,12.39,43.93,76.58,32.54,22.08,19.7,,649.0,13585.984,6860.622,8083224.0
5318,2009,1,0,0,0,0,27493.0,15266.0,42759,0.6429757475852966,2138.0,23.40586280822754,23.40586280822754,,,,,36.0,81.0,341.0,8788.0,50.008270263671875,12.25,99.85,100.0,99.72,49.3,45.98,,1035.0,19255.928,11133.609,16954188.0
5318,2010,1,0,0,0,0,27943.0,15633.0,43576,0.6412474513053894,2138.0,23.40586280822754,23.40586280822754,,,,,40.0,92.0,364.0,9518.0,51.738285064697266,12.11,69.17,99.93,53.99,35.75,32.01,,1429.0,20315.698,11643.134,19279526.0
5318,2011,1,0,0,0,0,28397.0,16010.0,44407,0.6394712328910828,2138.0,23.40586280822754,23.40586280822754,,,,,40.0,100.0,314.0,7666.0,49.9382209777832,12.062228969615601,71.73,99.81,58.16,35.64,30.78,14179.0,1743.0,18913.751,10465.079,
5318,2012,1,0,0,0,0,28857.0,16396.0,45253,0.6376814842224121,2138.0,23.40586280822754,23.40586280822754,,,,,40.0,87.0,306.0,7404.0,49.89028549194336,12.062228969615601,73.51,99.86,60.69,35.8,30.89,14983.0,2119.0,24214.386,14407.446,
5318,2013,1,0,0,0,0,29305.0,16791.0,46096,0.6357384324073792,2138.0,23.40586280822754,23.40586280822754,,,,,36.0,78.0,304.0,7303.0,51.345298767089844,10.856006072654042,71.26,99.8,57.8,35.2,30.25,15435.0,2264.0,34187.702999999994,18037.910999999996,
5318,2014,1,0,0,0,0,29756.0,17195.0,46951,0.6337671279907227,2138.0,23.40586280822754,23.40586280822754,,,,,36.0,93.0,316.0,6025.0,51.0628662109375,11.554304694143491,71.1,99.79,60.26,30.87,25.95,15953.0,2935.0,38626.417,21488.636,
5318,2015,1,0,0,0,0,30188.0,17609.0,47797,0.6315877437591553,2138.0,23.40586280822754,23.40586280822754,,,,,36.0,82.0,319.0,6038.0,51.307281494140625,13.052898012973902,67.08,99.95,57.16,27.44,22.9,16888.0,3150.0,48539.36328125,29971.228515625,
5318,2016,1,0,0,0,0,30627.0,18032.0,48659,0.629421055316925,2138.0,23.40586280822754,23.40586280822754,,,,,36.0,71.0,347.0,6033.0,52.69769287109375,,100.0,100.0,100.0,50.11,40.11,,3378.0,43098.56700000001,26293.842000000004,
5318,2017,1,0,0,0,0,31069.0,18464.0,49533,0.627238392829895,2138.0,23.40586280822754,23.40586280822754,,,,,37.0,77.0,320.0,5770.0,51.753334045410156,,,,,,,,,52578.9128112793,33154.654876708984,
5318,2018,1,0,0,0,0,36779.0,18342.0,55121,0.6672411561012268,2138.0,23.40586280822754,23.40586280822754,6.218775277156587,17.0,10.3,6.5,37.0,69.0,307.0,5957.0,52.34244918823242,,,,,,,,,57544.447932999996,37393.244703,
5318,2019,1,0,0,0,0,37708.0,19066.0,56774,0.6641772389411926,2138.0,23.40586280822754,,,,,,37.0,76.0,327.0,6122.0,53.08843994140625,,,,,,,,,72055.762948,43575.671333000006,
5318,2020,1,0,0,0,0,38414.0,19745.0,58159,0.6604996919631958,2138.0,23.40586280822754,,,,,,37.0,59.0,360.0,6107.0,52.096519470214844,,,,,,,,,64664.019457,41765.842136,
5318,2021,1,0,0,0,0,37980.0,21093.0,59073,0.6429333090782166,2138.0,23.40586280822754,,,,,,37.0,73.0,360.0,6166.0,52.57218551635742,,,,,,,,,83163.095509,53968.144040600004,
5318,2022,1,0,0,0,0,37863.0,22122.0,59985,0.6312078237533569,2138.0,23.40586280822754,,,,,,37.0,77.0,374.0,6788.0,50.30645751953125,,,,,,,,,99576.28124199998,66633.54252319998,
5318,2023,1,0,0,0,0,37858.0,23063.0,60921,0.6214277744293213,2138.0,23.40586280822754,,,,,,,,,,,,,,,,,,,135443.895327,90236.5707616,
5376,1993,1,0,0,0,0,10050.0,27348.0,37398,0.26873093843460083,2143.0,40.115936279296875,40.115936279296875,20.452377319335938,,,,,,,,,,,,,,,,,2201.68994140625,2111.330078125,
5376,1994,1,0,0,0,0,10039.0,28331.0,38370,0.2616367042064667,2143.0,40.115936279296875,40.115936279296875,,,,,,,,,,,,,,,,,,2642.550048828125,2466.64990234375,
5376,1995,1,0,0,0,0,9972.0,29321.0,39293,0.2537856698036194,2143.0,40.115936279296875,40.115936279296875,,,,,,,,,,,,,,,,,,3471.580078125,3263.8701171875,
5376,1996,1,0,0,0,0,9856.0,30320.0,40176,0.24532058835029602,2143.0,40.115936279296875,40.115936279296875,,,,,33.0,,362.0,9316.0,,,,,,,,,,4891.7001953125,2918.800048828125,
5376,1997,1,0,0,0,0,9698.0,31308.0,41006,0.23650197684764862,2143.0,40.115936279296875,40.115936279296875,,,,,34.0,,400.0,9653.0,,,,,,,,,,5989.7998046875,2609.25,
5376,1998,1,0,0,0,0,9506.0,32274.0,41780,0.22752512991428375,2143.0,40.115936279296875,40.115936279296875,,,,,36.0,,425.0,9929.0,,,,,,,,,,7190.919921875,5267.97998046875,
5376,1999,1,0,0,0,0,9282.0,33211.0,42493,0.21843597292900085,2143.0,40.115936279296875,40.115936279296875,,,,,37.0,,377.0,9517.0,,,,,,,,,,9164.91015625,5700.759765625,
5376,2000,1,0,0,0,0,9036.0,34107.0,43143,0.20944301784038544,2143.0,40.115936279296875,40.115936279296875,,,,,35.0,,372.0,9974.0,49.0390739440918,,,,,,,,,9403.462,4346.650000000001,6243340.0
5376,2001,1,0,0,0,0,8774.0,34969.0,43743,0.2005806714296341,2143.0,40.115936279296875,40.115936279296875,,,,,31.0,,338.0,9221.0,49.66902160644531,,,,,,,,,9908.779,4971.25,4980364.0
5376,2002,1,0,0,0,0,8537.0,35814.0,44351,0.1924872100353241,2143.0,40.115936279296875,40.115936279296875,,,,,31.0,,338.0,9911.0,50.82743453979492,,,,,,,,,12280.383,6346.889999999999,7969102.0
5376,2003,1,0,0,0,0,8330.0,36646.0,44976,0.18520988523960114,2143.0,40.115936279296875,40.115936279296875,,,,,29.0,,350.0,10118.0,50.395896911621094,,,,,,,,,10284.006,5445.233,10570548.0
5376,2004,1,0,0,0,0,8143.0,37470.0,45613,0.17852365970611572,2143.0,40.115936279296875,40.115936279296875,,,,,32.0,,416.0,10353.0,50.2706184387207,,,,,,,,,13899.009,8512.151,8600526.0
5376,2005,1,0,0,0,0,7981.0,38287.0,46268,0.1724950224161148,2143.0,40.115936279296875,40.115936279296875,13.75297575256917,35.15245,10.84026,2.33542,33.0,106.0,383.0,10435.0,50.872528076171875,10.7,92.06864564007421,99.47876233780637,54.16903006239365,,90.57513914656772,,,13924.714,8309.980000000001,9000384.0
5376,2006,1,0,0,0,0,7830.0,39103.0,46933,0.1668335646390915,2143.0,40.115936279296875,40.115936279296875,,,,,34.0,126.0,438.0,10488.0,51.55247497558594,10.65,,,,,,,,17340.377936,10177.045936,15736123.0
5376,2007,1,0,0,0,0,7680.0,39904.0,47584,0.161398783326149,2143.0,40.115936279296875,40.115936279296875,,,,,31.0,126.0,467.0,10785.0,50.57194137573242,10.6,,,,,,,,19833.581,10245.513,14511799.0
5376,2008,1,0,0,0,0,7543.0,40690.0,48233,0.15638670325279236,2143.0,40.115936279296875,40.115936279296875,,,,,35.0,130.0,461.0,10879.0,51.7280158996582,10.56,71.26,89.62,22.35,68.05,67.96,,,20048.77,12422.612,13501625.0
5376,2009,1,0,0,0,0,7418.0,41461.0,48879,0.15176251530647278,2143.0,40.115936279296875,40.115936279296875,,,,,33.0,138.0,433.0,11051.0,52.459476470947266,10.51,71.12,73.05,64.72,68.48,68.39,,,25143.019999999997,14277.744999999999,24326466.0
5376,2010,1,0,0,0,0,7305.0,42218.0,49523,0.1475072205066681,2143.0,40.115936279296875,40.115936279296875,,,,,36.0,131.0,408.0,11040.0,52.80910110473633,10.46,73.3,75.71,65.19,70.67,70.02,,2032.0,26978.989,14780.146,26665588.0
5376,2011,1,0,0,0,0,7193.0,42960.0,50153,0.14342112839221954,2143.0,40.115936279296875,40.115936279296875,,,,,36.0,145.0,423.0,10941.0,53.11722183227539,10.46,58.27,68.74,13.55,55.64,55.61,15782.0,2859.0,25022.486826,15444.409424,
5376,2012,1,0,0,0,0,7118.0,43687.0,50805,0.14010432362556458,2143.0,40.115936279296875,40.115936279296875,,,,,37.0,131.0,426.0,11238.0,52.70354080200195,10.432514649686045,85.9,100.0,10.47,83.27,80.66,16484.0,3361.0,32480.027000000002,18381.971,
5376,2013,1,0,0,0,0,7046.0,44399.0,51445,0.13696180284023285,2143.0,40.115936279296875,40.115936279296875,,,,,35.0,139.0,427.0,10922.0,52.5778923034668,9.389263184717441,100.0,100.0,100.0,99.03,100.0,16894.0,4364.0,41967.526,19763.493,
5376,2014,1,0,0,0,0,6992.0,45097.0,52089,0.1342317909002304,2143.0,40.115936279296875,40.115936279296875,,,,,35.0,141.0,406.0,10192.0,52.58754348754883,9.794832939948654,100.0,100.0,100.0,95.32,90.78,17286.0,4615.0,35382.75,18133.256999999998,
5376,2015,1,0,0,0,0,6944.0,45779.0,52723,0.13170722126960754,2143.0,40.115936279296875,40.115936279296875,,,,,34.0,158.0,434.0,10139.0,51.378719329833984,9.384920185,100.0,100.0,0.0,95.55,90.99,18127.0,4842.0,40908.1875,24521.140625,
5376,2016,1,0,0,0,0,6914.0,46447.0,53361,0.12957029044628143,2143.0,40.115936279296875,40.115936279296875,,,,,34.0,137.0,410.0,9979.0,52.480796813964844,,88.81,99.56,23.43,87.6,86.34,,5233.0,46138.82000000001,30586.689000000002,
5376,2017,1,0,0,0,0,6892.0,47101.0,53993,0.12764617800712585,2143.0,40.115936279296875,40.115936279296875,,,,,34.0,123.0,416.0,9975.0,52.41036605834961,,,,,,,,,61474.45154219727,40534.00503540039,
5376,2018,1,0,0,0,0,10069.0,54820.0,64889,0.1551726758480072,2143.0,40.115936279296875,40.115936279296875,4.0485141272730365,11.5,5.9,1.7,34.0,130.0,407.0,10066.0,52.037132263183594,,,,,,,,,71461.238422,47508.60546,
5376,2019,1,0,0,0,0,9404.0,57342.0,66746,0.14089234173297882,2143.0,40.115936279296875,,,,,,33.0,117.0,415.0,9731.0,52.668113708496094,,,,,,,,,79052.404146,53498.928797,
5376,2020,1,0,0,0,0,8695.0,59630.0,68325,0.12725941836833954,2143.0,40.115936279296875,,,,,,34.0,111.0,444.0,9816.0,52.0217399597168,,,,,,,,,73520.06885299999,49427.036273,
5376,2021,1,0,0,0,0,8595.0,60804.0,69399,0.1238490492105484,2143.0,40.115936279296875,,,,,,33.0,126.0,437.0,9638.0,52.350223541259766,,,,,,,,,98869.844932,63487.9793187,
5376,2022,1,0,0,0,0,8569.0,61901.0,70470,0.12159784138202667,2143.0,40.115936279296875,,,,,,33.0,151.0,445.0,9674.0,52.941314697265625,,,,,,,,,125623.858402,82608.913267,
5376,2023,1,0,0,0,0,8568.0,63002.0,71570,0.11971496790647507,2143.0,40.115936279296875,,,,,,,,,,,,,,,,,,,143315.920847,90058.6223694,
5425,1993,1,0,0,0,0,5326.0,3160.0,8486,0.6276219487190247,1100.0,106.98153686523438,106.98153686523438,48.48249053955078,,,,,,,,,,,,,,,,,469.3900146484375,446.4800109863281,
5425,1994,1,0,0,0,0,5240.0,3155.0,8395,0.6241810321807861,1100.0,106.98153686523438,106.98153686523438,,,,,,,,,,,,,,,,,,593.5599975585938,312.6499938964844,
5425,1995,1,0,0,0,0,5156.0,3148.0,8304,0.6209055781364441,1100.0,106.98153686523438,106.98153686523438,,,,,,,,,,,,,,,,,,708.7899780273438,639.3699951171875,
5425,1996,1,0,0,0,0,5075.0,3140.0,8215,0.6177723407745361,1100.0,106.98153686523438,106.98153686523438,,,,,24.0,,103.0,1885.0,,,,,,,,,,1478.6099853515625,362.4100036621094,
5425,1997,1,0,0,0,0,5000.0,3130.0,8130,0.615006148815155,1100.0,106.98153686523438,106.98153686523438,,,,,24.0,,107.0,1807.0,,,,,,,,,,1827.27001953125,516.5800170898438,
5425,1998,1,0,0,0,0,4931.0,3117.0,8048,0.6126987934112549,1100.0,106.98153686523438,106.98153686523438,,,,,26.0,,111.0,1954.0,,,,,,,,,,2677.64990234375,738.9600219726562,
5425,1999,1,0,0,0,0,4870.0,3103.0,7973,0.6108114719390869,1100.0,106.98153686523438,106.98153686523438,,,,,26.0,,110.0,1938.0,,,,,,,,,,3441.760009765625,812.8499755859375,
5425,2000,1,0,0,0,0,4818.0,3086.0,7904,0.6095647811889648,1100.0,106.98153686523438,106.98153686523438,,,,,24.0,,99.0,2051.0,48.2498664855957,,,,,,,,,4827.481,615.116,3099159.0
5425,2001,1,0,0,0,0,4776.0,3068.0,7844,0.6088730096817017,1100.0,106.98153686523438,106.98153686523438,,,,,21.0,,74.0,1694.0,46.599891662597656,,,,,,,,,5181.457,979.922,4090348.0
5425,2002,1,0,0,0,0,4736.0,3050.0,7786,0.6082712411880493,1100.0,106.98153686523438,106.98153686523438,,,,,23.0,,79.0,1822.0,46.27956008911133,,,,,,,,,3550.007,608.245,2909475.0
5425,2003,1,0,0,0,0,4699.0,3033.0,7732,0.6077340841293335,1100.0,106.98153686523438,106.98153686523438,,,,,21.0,,95.0,1915.0,45.86186599731445,,,,,,,,,5737.098,1155.754,5131519.0
5425,2004,1,0,0,0,0,4664.0,3016.0,7680,0.6072916388511658,1100.0,106.98153686523438,106.98153686523438,,,,,24.0,,103.0,2011.0,46.1152458190918,,,,,,,,,5248.248,1268.848,4299666.0
5425,2005,1,0,0,0,0,4630.0,3000.0,7630,0.6068152189254761,1100.0,106.98153686523438,106.98153686523438,35.42168674698795,61.39224,35.469879999999996,29.301199999999998,23.0,,106.0,2011.0,46.9955940246582,15.48,66.43700787401575,98.52034525277435,45.12694512694513,,50.88582677165354,,,7244.822999999999,1299.191,6242846.0
5425,2006,1,0,0,0,0,4596.0,2986.0,7582,0.606172502040863,1100.0,106.98153686523438,106.98153686523438,,,,,23.0,,102.0,1942.0,46.6914176940918,15.31,,,,,,,,7816.798718,2259.939718,8259658.0
5425,2007,1,0,0,0,0,4529.0,2972.0,7501,0.6037861704826355,1100.0,106.98153686523438,106.98153686523438,,,,,,18.0,99.0,2046.0,47.15987014770508,15.14,,,,,,,,8727.251,1813.049,7031853.0
5425,2008,1,0,0,0,0,4465.0,2958.0,7423,0.6015087962150574,1100.0,106.98153686523438,106.98153686523438,,,,,20.0,23.0,97.0,2023.0,47.92436218261719,14.97,100.0,100.0,0.0,100.0,100.0,,,15313.174,1834.592,10022831.0
5425,2009,1,0,0,0,0,4398.0,2944.0,7342,0.5990193486213684,1100.0,106.98153686523438,106.98153686523438,,,,,20.0,24.0,100.0,2055.0,47.15973663330078,14.8,100.0,100.0,0.0,99.89,100.0,,,9552.457,2369.9210000000003,9805921.0
5425,2010,1,0,0,0,0,4334.0,2930.0,7264,0.596640944480896,1100.0,106.98153686523438,106.98153686523438,,,,,23.0,16.0,100.0,2118.0,46.162750244140625,14.62,100.0,100.0,100.0,98.73,92.15,,,7642.577,2082.29,7547274.0
5425,2011,1,0,0,0,0,4264.0,2915.0,7179,0.5939545631408691,1100.0,106.98153686523438,106.98153686523438,,,,,23.0,29.0,97.0,1986.0,46.6981201171875,14.62,33.13,93.92,7.73,23.41,23.41,2920.0,,7704.543,2058.005,
5425,2012,1,0,0,0,0,4201.0,2901.0,7102,0.5915235280990601,1100.0,106.98153686523438,106.98153686523438,,,,,23.0,26.0,103.0,1984.0,48.49638366699219,14.359729344474395,33.01,93.89,7.73,23.34,23.34,3094.0,,7428.740000000002,2482.315,
5425,2013,1,0,0,0,0,4134.0,2887.0,7021,0.5888050198554993,1100.0,106.98153686523438,106.98153686523438,,,,,23.0,19.0,107.0,1921.0,47.157928466796875,14.359729344474395,48.72,100.0,24.97,36.37,33.53,3167.0,,11252.793,3435.662,
5425,2014,1,0,0,0,0,4065.0,2872.0,6937,0.5859881639480591,1100.0,106.98153686523438,106.98153686523438,,,,,23.0,24.0,87.0,1420.0,47.097251892089844,14.091757825509118,45.75,100.0,24.97,38.48,33.0,3225.0,24.0,12012.957000000002,3135.246,
5425,2015,1,0,0,0,0,3998.0,2857.0,6855,0.5832239389419556,1100.0,106.98153686523438,106.98153686523438,,,,,21.0,17.0,84.0,1495.0,44.6552734375,14.091757825509118,45.05,95.49,24.88,37.89,32.49,3389.0,26.0,16312.56640625,4646.623046875,
5425,2016,1,0,0,0,0,3932.0,2843.0,6775,0.5803689956665039,1100.0,106.98153686523438,106.98153686523438,,,,,23.0,21.0,117.0,1511.0,48.66886520385742,,57.76,99.67,42.27,34.58,36.39,,873.0,17384.093,5654.307000000001,
5425,2017,1,0,0,0,0,3868.0,2828.0,6696,0.5776582956314087,1100.0,106.98153686523438,106.98153686523438,,,,,23.0,16.0,102.0,1461.0,46.1597785949707,,,,,,,,,15314.666319356933,5266.53897857666,
5425,2018,1,0,0,0,0,5128.0,3093.0,8221,0.6237683892250061,1100.0,106.98153686523438,106.98153686523438,13.000548546352167,36.0,21.1,30.4,23.0,12.0,109.0,1408.0,44.83976745605469,,,,,,,,,15873.615434000003,4080.011098,
5425,2019,1,0,0,0,0,5071.0,3147.0,8218,0.617060124874115,1100.0,106.98153686523438,,,,,,23.0,17.0,111.0,1308.0,45.42995071411133,,,,,,,,,21567.179500470003,5170.8776724399995,
5425,2020,1,0,0,0,0,5037.0,3211.0,8248,0.6106935143470764,1100.0,106.98153686523438,,,,,,23.0,16.0,99.0,1317.0,48.20323944091797,,,,,,,,,17631.97514766,4565.7096484799995,
5425,2021,1,0,0,0,0,4980.0,3396.0,8376,0.5945558547973633,1100.0,106.98153686523438,,,,,,21.0,15.0,98.0,1304.0,47.468238830566406,,,,,,,,,19496.951434000002,5113.12539155,
5425,2022,1,0,0,0,0,4965.0,3540.0,8505,0.5837742686271667,1100.0,106.98153686523438,,,,,,21.0,18.0,92.0,1323.0,48.09928894042969,,,,,,,,,18441.098314,5888.8957805,
5425,2023,1,0,0,0,0,4964.0,3674.0,8638,0.5746700763702393,1100.0,106.98153686523438,,,,,,,,,,,,,,,,,,,25620.255062,9155.1857988,
5440,1993,1,0,0,0,0,16733.0,21054.0,37787,0.44282424449920654,2088.0,38.152957916259766,38.152957916259766,29.392433166503906,,,,,,,,,,,,,,,,,1503.18994140625,1402.1700439453125,
5440,1994,1,0,0,0,0,16357.0,22013.0,38370,0.426296591758728,2088.0,38.152957916259766,38.152957916259766,,,,,,,,,,,,,,,,,,1799.7099609375,1683.97998046875,
5440,1995,1,0,0,0,0,15983.0,22978.0,38961,0.41023075580596924,2088.0,38.152957916259766,38.152957916259766,,,,,,,,,,,,,,,,,,2868.72998046875,2573.1201171875,
5440,1996,1,0,0,0,0,15618.0,23953.0,39571,0.39468297362327576,2088.0,38.152957916259766,38.152957916259766,,,,,48.0,,352.0,9224.0,,,,,,,,,,3836.0,1812.3900146484375,
5440,1997,1,0,0,0,0,15266.0,24925.0,40191,0.3798362910747528,2088.0,38.152957916259766,38.152957916259766,,,,,51.0,,423.0,10207.0,,,,,,,,,,5510.759765625,2302.530029296875,
5440,1998,1,0,0,0,0,14929.0,25892.0,40821,0.36571863293647766,2088.0,38.152957916259766,38.152957916259766,,,,,52.0,,404.0,10237.0,,,,,,,,,,5961.31005859375,2559.97998046875,
5440,1999,1,0,0,0,0,14615.0,26850.0,41465,0.3524659276008606,2088.0,38.152957916259766,38.152957916259766,,,,,52.0,,408.0,10543.0,,,,,,,,,,8205.66015625,3209.719970703125,
5440,2000,1,0,0,0,0,14327.0,27794.0,42121,0.34013912081718445,2088.0,38.152957916259766,38.152957916259766,,,,,52.0,,402.0,10787.0,49.38451385498047,,,,,,,,,9948.162,4116.171,6771698.0
5440,2001,1,0,0,0,0,14064.0,28731.0,42795,0.3286365270614624,2088.0,38.152957916259766,38.152957916259766,,,,,49.0,,368.0,10307.0,49.39107894897461,,,,,,,,,9633.652999999998,4146.119,5353303.0
5440,2002,1,0,0,0,0,13808.0,29665.0,43473,0.31762242317199707,2088.0,38.152957916259766,38.152957916259766,,,,,48.0,,389.0,11239.0,49.560028076171875,,,,,,,,,10141.266,3976.42,7037045.0
5440,2003,1,0,0,0,0,13558.0,30600.0,44158,0.30703383684158325,2088.0,38.152957916259766,38.152957916259766,,,,,39.0,,344.0,11231.0,49.05374526977539,,,,,,,,,10124.329,3759.977,6895121.0
5440,2004,1,0,0,0,0,13313.0,31536.0,44849,0.29684051871299744,2088.0,38.152957916259766,38.152957916259766,,,,,50.0,,365.0,10888.0,49.31354522705078,,,,,,,,,9911.026999999998,4678.133999999999,6444968.0
5440,2005,1,0,0,0,0,13073.0,32475.0,45548,0.2870158851146698,2088.0,38.152957916259766,38.152957916259766,14.56087825107315,44.94912,5.91292,7.41353,46.0,118.0,418.0,11473.0,48.812381744384766,11.14,94.73400915044407,99.28139183055976,83.51477449455676,,71.93863819861846,,,10472.965,5045.078,7604174.0
5440,2006,1,0,0,0,0,12833.0,33413.0,46246,0.27749428153038025,2088.0,38.152957916259766,38.152957916259766,,,,,46.0,136.0,432.0,11313.0,49.051029205322266,11.09,,,,,,,,12952.279417,6320.773416999999,7586089.0
5440,2007,1,0,0,0,0,12628.0,34403.0,47031,0.26850375533103943,2088.0,38.152957916259766,38.152957916259766,,,,,43.0,155.0,424.0,11372.0,50.8283576965332,11.04,,,,,,,0.0,17908.942,6944.982999999999,13541738.0
5440,2008,1,0,0,0,0,12429.0,35369.0,47798,0.2600317895412445,2088.0,38.152957916259766,38.152957916259766,,,,,47.0,164.0,398.0,11217.0,51.60035705566406,10.99,88.59,99.43,49.33,74.81,78.33,,1487.0,19193.885,8654.181,22747416.0
5440,2009,1,0,0,0,0,12249.0,36336.0,48585,0.252114862203598,2088.0,38.152957916259766,38.152957916259766,,,,,46.0,153.0,423.0,11075.0,51.273841857910156,10.94,100.0,100.0,0.0,96.0,99.51,,2063.0,23595.41,9762.041,21714872.0
5440,2010,1,0,0,0,0,12079.0,37282.0,49361,0.2447073608636856,2088.0,38.152957916259766,38.152957916259766,,,,,49.0,143.0,425.0,11092.0,47.732295989990234,10.89,99.13,99.13,0.0,95.96,99.5,,3184.0,24248.748,9572.132,20481304.0
5440,2011,1,0,0,0,0,11930.0,38231.0,50161,0.237834170460701,2088.0,38.152957916259766,38.152957916259766,,,,,48.0,156.0,433.0,11328.0,51.464324951171875,10.89,71.76,95.98,43.63,49.5,51.31,15787.0,4177.0,23723.676,12660.341,
5440,2012,1,0,0,0,0,11797.0,39158.0,50955,0.2315180003643036,2088.0,38.152957916259766,38.152957916259766,,,,,48.0,159.0,432.0,11180.0,51.13327407836914,10.09636172424596,72.14,79.58,0.0,90.9,70.82,16996.0,5025.0,25097.042,12182.658000000001,
5440,2013,1,0,0,0,0,11684.0,40083.0,51767,0.225703626871109,2088.0,38.152957916259766,38.152957916259766,,,,,47.0,126.0,447.0,11309.0,51.54300308227539,9.086725551821363,98.82,98.82,0.0,98.82,98.82,17371.0,5164.0,32688.088,14833.194,
5440,2014,1,0,0,0,0,11586.0,40973.0,52559,0.22043798863887787,2088.0,38.152957916259766,38.152957916259766,,,,,47.0,107.0,409.0,9702.0,51.47466278076172,8.494594681050787,99.07,99.07,0.0,99.06,99.07,17752.0,6324.0,39857.172999999995,16746.263,
5440,2015,1,0,0,0,0,11513.0,41861.0,53374,0.2157042771577835,2088.0,38.152957916259766,38.152957916259766,,,,,47.0,127.0,454.0,10189.0,51.75857162475586,9.057769111,99.09,99.09,0.0,99.08,99.09,18438.0,7000.0,43076.56640625,20128.341796875,
5440,2016,1,0,0,0,0,11460.0,42726.0,54186,0.21149374544620514,2088.0,38.152957916259766,38.152957916259766,,,,,48.0,121.0,465.0,10091.0,53.143314361572266,,98.73,98.73,0.0,98.71,98.73,,7930.0,54201.665,21802.974000000002,
5440,2017,1,0,0,0,0,11430.0,43570.0,55000,0.2078181803226471,2088.0,38.152957916259766,38.152957916259766,,,,,49.0,132.0,462.0,10549.0,51.92152786254883,,,,,,,,,54253.90539550781,28937.926879882812,
5440,2018,1,0,0,0,0,20415.0,44230.0,64645,0.3158016800880432,2088.0,38.152957916259766,38.152957916259766,4.907197827071073,15.4,1.1,1.5,49.0,151.0,512.0,10126.0,51.900447845458984,,,,,,,,,62469.024476,34418.621887,
5440,2019,1,0,0,0,0,20051.0,46348.0,66399,0.3019774258136749,2088.0,38.152957916259766,,,,,,46.0,147.0,529.0,10513.0,51.249290466308594,,,,,,,,,70359.93023999999,40310.536951999995,
5440,2020,1,0,0,0,0,19635.0,48258.0,67893,0.28920507431030273,2088.0,38.152957916259766,,,,,,46.0,133.0,459.0,10658.0,51.20807647705078,,,,,,,,,68698.802212,33426.937215,
5440,2021,1,0,0,0,0,19409.0,49551.0,68960,0.281453013420105,2088.0,38.152957916259766,,,,,,46.0,137.0,454.0,10717.0,52.39305877685547,,,,,,,,,79483.28588499999,39308.06051059999,
5440,2022,1,0,0,0,0,19349.0,50675.0,70024,0.2763195335865021,2088.0,38.152957916259766,,,,,,46.0,141.0,471.0,10773.0,51.8078498840332,,,,,,,,,103076.44653700001,57315.8282799,
5440,2023,1,0,0,0,0,19347.0,51770.0,71117,0.27204465866088867,2088.0,38.152957916259766,,,,,,,,,,,,,,,,,,,105196.003577,55034.3862856,
5480,1993,1,0,0,0,0,8672.0,2822.0,11494,0.7544806003570557,132.0,145.40078735351562,145.40078735351562,69.59671783447266,,,,,,,,,,,,,,,,,632.6699829101562,623.4000244140625,
5480,1994,1,0,0,0,0,8941.0,2944.0,11885,0.752292811870575,132.0,145.40078735351562,145.40078735351562,,,,,,,,,,,,,,,,,,742.2000122070312,673.0399780273438,
5480,1995,1,0,0,0,0,9207.0,3066.0,12273,0.7501833438873291,132.0,145.40078735351562,145.40078735351562,,,,,,,,,,,,,,,,,,904.3099975585938,675.8599853515625,
5480,1996,1,0,0,0,0,9473.0,3190.0,12663,0.7480849623680115,132.0,145.40078735351562,145.40078735351562,,,,,46.0,,109.0,3499.0,,,,,,,,,,0.0,0.0,
5480,1997,1,0,0,0,0,9744.0,3313.0,13057,0.7462663650512695,132.0,145.40078735351562,145.40078735351562,,,,,46.0,,135.0,3431.0,,,,,,,,,,0.0,0.0,
5480,1998,1,0,0,0,0,10019.0,3435.0,13454,0.7446855902671814,132.0,145.40078735351562,145.40078735351562,,,,,50.0,,141.0,3506.0,,,,,,,,,,2484.72998046875,484.7799987792969,
5480,1999,1,0,0,0,0,10304.0,3556.0,13860,0.7434343695640564,132.0,145.40078735351562,145.40078735351562,,,,,52.0,,158.0,4045.0,,,,,,,,,,0.0,0.0,
5480,2000,1,0,0,0,0,10602.0,3675.0,14277,0.742592990398407,132.0,145.40078735351562,145.40078735351562,,,,,51.0,,142.0,3731.0,44.79404830932617,,,,,,,,,3700.724,583.731,1436188.0
5480,2001,1,0,0,0,0,10914.0,3794.0,14708,0.7420451641082764,132.0,145.40078735351562,145.40078735351562,,,,,45.0,,124.0,3208.0,45.385318756103516,,,,,,,,,4862.946,841.767,3466214.0
5480,2002,1,0,0,0,0,11227.0,3913.0,15140,0.741545557975769,132.0,145.40078735351562,145.40078735351562,,,,,35.0,,125.0,3382.0,47.909542083740234,,,,,,,,,2040.263,693.841,3007068.0
5480,2003,1,0,0,0,0,11540.0,4032.0,15572,0.741073727607727,132.0,145.40078735351562,145.40078735351562,,,,,28.0,,146.0,3911.0,47.75897979736328,,,,,,,,,5289.753000000001,1042.971,5820622.0
5480,2004,1,0,0,0,0,11849.0,4152.0,16001,0.7405162453651428,132.0,145.40078735351562,145.40078735351562,,,,,37.0,,145.0,4438.0,46.62444305419922,,,,,,,,,4354.513,1141.818,3393888.0
5480,2005,1,0,0,0,0,12154.0,4274.0,16428,0.7398344278335571,132.0,145.40078735351562,145.40078735351562,60.74058707602946,80.75926,48.31557,42.34542,31.0,25.0,150.0,4021.0,46.820804595947266,30.37,52.70150575730735,77.75628626692456,31.5359477124183,,43.40124003542958,,,6934.609,1524.03,5845592.5
5480,2006,1,0,0,0,0,12446.0,4398.0,16844,0.7388980984687805,132.0,145.40078735351562,145.40078735351562,,,,,32.0,25.0,148.0,3408.0,45.53506851196289,29.69,,,,,,,,7350.478273000001,1496.012273,6070170.0
5480,2007,1,0,0,0,0,12702.0,4521.0,17223,0.7375021576881409,132.0,145.40078735351562,145.40078735351562,,,,,30.0,41.0,143.0,3506.0,45.207611083984375,29.02,,,,,,,,8141.632000000001,1976.961,7725910.0
5480,2008,1,0,0,0,0,12978.0,4646.0,17624,0.7363821864128113,132.0,145.40078735351562,145.40078735351562,,,,,31.0,37.0,128.0,3716.0,45.94552993774414,28.34,100.0,100.0,100.0,100.0,100.0,,,8158.816000000001,1531.739,620149.0
5480,2009,1,0,0,0,0,13252.0,4770.0,18022,0.7353234887123108,132.0,145.40078735351562,145.40078735351562,,,,,31.0,49.0,159.0,3874.0,46.735877990722656,27.67,100.0,100.0,100.0,100.0,100.0,,,9862.586,2555.2920000000004,9462764.0
5480,2010,1,0,0,0,0,13541.0,4895.0,18436,0.7344868779182434,132.0,145.40078735351562,145.40078735351562,,,,,38.0,51.0,175.0,4097.0,45.72307586669922,26.99,100.0,100.0,100.0,100.0,100.0,,,11795.976999999999,2811.4259999999995,11905801.0
5480,2011,1,0,0,0,0,13836.0,5021.0,18857,0.7337328195571899,132.0,145.40078735351562,145.40078735351562,,,,,37.0,52.0,186.0,4294.0,45.477027893066406,26.99,100.0,100.0,0.0,100.0,100.0,4262.0,,10544.66,2686.214,
5480,2012,1,0,0,0,0,14137.0,5147.0,19284,0.7330948114395142,132.0,145.40078735351562,145.40078735351562,,,,,37.0,47.0,172.0,4220.0,46.10691452026367,26.729271352932358,100.0,100.0,100.0,100.0,100.0,4848.0,,13840.048899,3293.230156,
5480,2013,1,0,0,0,0,14441.0,5273.0,19714,0.732525110244751,132.0,145.40078735351562,145.40078735351562,,,,,36.0,45.0,171.0,4354.0,46.59503936767578,25.930540344590984,96.46,100.0,92.97,96.46,96.46,5209.0,,18333.288844000002,2600.987599,
5480,2014,1,0,0,0,0,14767.0,5399.0,20166,0.7322721481323242,132.0,145.40078735351562,145.40078735351562,,,,,36.0,30.0,160.0,3263.0,45.35655975341797,28.277600710484492,97.31,100.0,92.97,97.31,97.31,5586.0,,6892.231,2665.557,
5480,2015,1,0,0,0,0,15086.0,5526.0,20612,0.7319037318229675,132.0,145.40078735351562,145.40078735351562,,,,,33.0,26.0,151.0,3200.0,44.62913131713867,29.74931948,97.31,100.0,92.97,97.31,97.31,6008.0,620.0,26063.46484375,3484.79809570312,
5480,2016,1,0,0,0,0,15423.0,5654.0,21077,0.7317454814910889,132.0,145.40078735351562,145.40078735351562,,,,,35.0,27.0,194.0,3350.0,44.09400939941406,,28.4,1.82,67.04,49.86,28.4,,706.0,23630.244,2903.1949999999997,
5480,2017,1,0,0,0,0,15764.0,5781.0,21545,0.7316778898239136,132.0,145.40078735351562,145.40078735351562,,,,,35.0,24.0,206.0,3879.0,43.59737777709961,,,,,,,,,22712.18759888379,4078.188735961914,
5480,2018,1,0,0,0,0,8900.0,5091.0,13991,0.6361232399940491,132.0,145.40078735351562,145.40078735351562,43.38993810506269,57.8,39.8,27.0,36.0,28.0,215.0,3708.0,42.88883972167969,,,,,,,,,30847.880087999998,5404.958789,
5480,2019,1,0,0,0,0,8879.0,5317.0,14196,0.6254578828811646,132.0,145.40078735351562,,,,,,41.0,35.0,220.0,3506.0,43.701805114746094,,,,,,,,,35522.433401999995,9633.165992119999,
5480,2020,1,0,0,0,0,8864.0,5525.0,14389,0.6160261034965515,132.0,145.40078735351562,,,,,,41.0,22.0,206.0,4476.0,43.25294494628906,,,,,,,,,35894.10570739,8681.872626170001,
5480,2021,1,0,0,0,0,8764.0,5848.0,14612,0.5997809767723083,132.0,145.40078735351562,,,,,,38.0,28.0,156.0,3050.0,42.89611053466797,,,,,,,,,44119.144472,9419.79999,
5480,2022,1,0,0,0,0,8737.0,6101.0,14838,0.5888260006904602,132.0,145.40078735351562,,,,,,39.0,30.0,163.0,3036.0,43.27573776245117,,,,,,,,,45962.740923000005,10593.748456,
5480,2023,1,0,0,0,0,8736.0,6333.0,15069,0.5797332525253296,132.0,145.40078735351562,,,,,,,,,,,,,,,,,,,47463.64574,10236.39964,
5604,1993,1,0,0,0,0,12410.0,5612.0,18022,0.6886028051376343,728.0,135.61227416992188,135.61227416992188,53.342079162597656,,,,,,,,,,,,,,,,,1358.300048828125,1357.2900390625,
5604,1994,1,0,0,0,0,12345.0,5795.0,18140,0.6805402636528015,728.0,135.61227416992188,135.61227416992188,,,,,,,,,,,,,,,,,,1523.5400390625,1482.06005859375,
5604,1995,1,0,0,0,0,12313.0,5985.0,18298,0.6729151010513306,728.0,135.61227416992188,135.61227416992188,,,,,,,,,,,,,,,,,,1652.010009765625,1651.3399658203125,
5604,1996,1,0,0,0,0,12322.0,6184.0,18506,0.6658381223678589,728.0,135.61227416992188,135.61227416992188,,,,,54.0,,163.0,4572.0,,,,,,,,,,2967.419921875,1355.8299560546875,
5604,1997,1,0,0,0,0,12381.0,6387.0,18768,0.6596866846084595,728.0,135.61227416992188,135.61227416992188,,,,,62.0,,178.0,4818.0,,,,,,,,,,3577.72998046875,1450.239990234375,
5604,1998,1,0,0,0,0,12497.0,6594.0,19091,0.6546016335487366,728.0,135.61227416992188,135.61227416992188,,,,,66.0,,176.0,4825.0,,,,,,,,,,4780.6298828125,1746.3199462890625,
5604,1999,1,0,0,0,0,12680.0,6802.0,19482,0.6508572101593018,728.0,135.61227416992188,135.61227416992188,,,,,78.0,,208.0,5684.0,,,,,,,,,,7070.7001953125,4090.22998046875,
5604,2000,1,0,0,0,0,12939.0,7012.0,19951,0.6485389471054077,728.0,135.61227416992188,135.61227416992188,,,,,77.0,,200.0,5825.0,46.94184494018555,,,,,,,,,6717.257000000001,3721.146,3370882.0
5604,2001,1,0,0,0,0,13268.0,7222.0,20490,0.6475353837013245,728.0,135.61227416992188,135.61227416992188,,,,,72.0,,198.0,5428.0,45.31170654296875,,,,,,,,,8727.678,3027.965,3723796.0
5604,2002,1,0,0,0,0,13606.0,7436.0,21042,0.6466115117073059,728.0,135.61227416992188,135.61227416992188,,,,,73.0,,199.0,5508.0,45.78520202636719,,,,,,,,,10983.213,3539.942,5766672.0
5604,2003,1,0,0,0,0,13951.0,7655.0,21606,0.6457002758979797,728.0,135.61227416992188,135.61227416992188,,,,,59.0,,205.0,5871.0,44.99263381958008,,,,,,,,,12085.013,4284.593,6461129.0
5604,2004,1,0,0,0,0,14302.0,7881.0,22183,0.6447279453277588,728.0,135.61227416992188,135.61227416992188,,,,,66.0,,185.0,5600.0,45.11417007446289,,,,,,,,,11338.747,4548.224,8002520.0
5604,2005,1,0,0,0,0,14657.0,8112.0,22769,0.643726110458374,728.0,135.61227416992188,135.61227416992188,47.56499805975941,71.20197999999999,33.15177,51.746809999999996,45.0,25.0,210.0,4908.0,47.21248245239258,19.78,68.43216273268087,94.67401285583104,49.58786679854929,,40.72155056611015,,,10940.56,2327.99792,8590115.0
5604,2006,1,0,0,0,0,15007.0,8349.0,23356,0.6425329446792603,728.0,135.61227416992188,135.61227416992188,,,,,45.0,,219.0,4836.0,44.9266357421875,19.56,,,,,,,,14404.524817,5650.110817,10497788.0
5604,2007,1,0,0,0,0,15373.0,8593.0,23966,0.6414504051208496,728.0,135.61227416992188,135.61227416992188,,,,,,54.0,233.0,5158.0,46.30500411987305,19.34,,,,,,,,13870.118,2739.009,11956301.0
5604,2008,1,0,0,0,0,15744.0,8840.0,24584,0.6404165029525757,728.0,135.61227416992188,135.61227416992188,,,,,45.0,57.0,211.0,5095.0,46.92718505859375,19.12,100.0,100.0,0.0,100.0,100.0,,,17988.922,5126.989,14682459.0
5604,2009,1,0,0,0,0,16123.0,9091.0,25214,0.6394463181495667,728.0,135.61227416992188,135.61227416992188,,,,,45.0,66.0,242.0,6409.0,45.70301818847656,18.9,100.0,100.0,0.0,100.0,100.0,,,17101.591999999997,5033.4349999999995,16734429.0
5604,2010,1,0,0,0,0,16514.0,9347.0,25861,0.6385677456855774,728.0,135.61227416992188,135.61227416992188,,,,,74.0,55.0,251.0,6338.0,46.385643005371094,18.68,10.07,11.56,0.0,10.07,10.07,,,18978.281000000003,4466.6900000000005,12449340.0
5604,2011,1,0,0,0,0,16907.0,9603.0,26510,0.6377593278884888,728.0,135.61227416992188,135.61227416992188,,,,,74.0,47.0,236.0,6427.0,44.62575912475586,17.288014449164578,53.47,95.06,0.0,53.49,53.47,6178.0,,18147.622,8310.294,
5604,2012,1,0,0,0,0,17308.0,9864.0,27172,0.6369792222976685,728.0,135.61227416992188,135.61227416992188,,,,,74.0,58.0,229.0,6627.0,45.83841323852539,17.288014449164578,53.47,95.06,0.0,0.61,53.47,7314.0,,24224.939,10263.739,
5604,2013,1,0,0,0,0,17709.0,10123.0,27832,0.6362819671630859,728.0,135.61227416992188,135.61227416992188,,,,,45.0,63.0,253.0,6883.0,45.478389739990234,17.288014449164578,53.47,95.06,0.0,0.61,53.47,8009.0,,29411.114,10559.982,
5604,2014,1,0,0,0,0,18126.0,10390.0,28516,0.6356431245803833,728.0,135.61227416992188,135.61227416992188,,,,,45.0,34.0,255.0,5105.0,46.472572326660156,17.722688812160484,67.04,98.74,31.2,78.1,25.97,8417.0,,34069.887,11507.439,
5604,2015,1,0,0,0,0,18542.0,10657.0,29199,0.6350217461585999,728.0,135.61227416992188,135.61227416992188,,,,,41.0,40.0,248.0,4980.0,44.75146484375,17.94134655,53.47,95.06,0.0,53.47,53.47,9646.0,,40790.82421875,15881.7880859375,
5604,2016,1,0,0,0,0,18969.0,10929.0,29898,0.6344571709632874,728.0,135.61227416992188,135.61227416992188,,,,,45.0,17.0,264.0,5018.0,44.5897331237793,,64.72,98.77,25.47,77.75,26.01,,,43214.043999999994,16727.826999999997,
5604,2017,1,0,0,0,0,19407.0,11206.0,30613,0.6339463591575623,728.0,135.61227416992188,135.61227416992188,,,,,47.0,29.0,276.0,5307.0,44.61111831665039,,,,,,,,,43816.26148495752,20872.38990020752,
5604,2018,1,0,0,0,0,16783.0,11632.0,28415,0.5906387567520142,728.0,135.61227416992188,135.61227416992188,22.19459123406901,42.1,19.0,41.7,65.0,26.0,292.0,5414.0,43.67267990112305,,,,,,,,,48665.40584513,23727.929092320002,
5604,2019,1,0,0,0,0,16888.0,12173.0,29061,0.5811224579811096,728.0,135.61227416992188,,,,,,74.0,30.0,318.0,5111.0,42.77528381347656,,,,,,,,,61156.403881000006,26605.069982,
5604,2020,1,0,0,0,0,16966.0,12663.0,29629,0.5726146697998047,728.0,135.61227416992188,,,,,,75.0,37.0,352.0,5163.0,43.716835021972656,,,,,,,,,63770.76870675001,34642.00884752,
5604,2021,1,0,0,0,0,16774.0,13320.0,30094,0.5573868751525879,728.0,135.61227416992188,,,,,,70.0,52.0,333.0,4850.0,44.32430648803711,,,,,,,,,71338.43022699999,36381.568589999995,
5604,2022,1,0,0,0,0,16723.0,13836.0,30559,0.5472365021705627,728.0,135.61227416992188,,,,,,70.0,50.0,333.0,5399.0,42.66733932495117,,,,,,,,,75604.812186,35576.52249,
5604,2023,1,0,0,0,0,16721.0,14315.0,31036,0.5387614369392395,728.0,135.61227416992188,,,,,,,,,,,,,,,,,,,76168.454299,30805.40027025,
5607,1993,1,0,0,0,0,7967.0,5672.0,13639,0.5841337442398071,2250.0,28.25067901611328,28.25067901611328,25.942617416381836,,,,,,,,,,,,,,,,,993.0700073242188,974.4600219726562,
5607,1994,1,0,0,0,0,8087.0,5837.0,13924,0.5807957649230957,2250.0,28.25067901611328,28.25067901611328,,,,,,,,,,,,,,,,,,1232.9599609375,1209.4599609375,
5607,1995,1,0,0,0,0,8193.0,6014.0,14207,0.5766875743865967,2250.0,28.25067901611328,28.25067901611328,,,,,,,,,,,,,,,,,,2004.969970703125,1655.469970703125,
5607,1996,1,0,0,0,0,8288.0,6202.0,14490,0.5719806551933289,2250.0,28.25067901611328,28.25067901611328,,,,,21.0,,115.0,3159.0,,,,,,,,,,3049.280029296875,2003.8499755859375,
5607,1997,1,0,0,0,0,8374.0,6399.0,14773,0.5668449401855469,2250.0,28.25067901611328,28.25067901611328,,,,,22.0,,123.0,3264.0,,,,,,,,,,4355.89990234375,2650.090087890625,
5607,1998,1,0,0,0,0,8455.0,6601.0,15056,0.5615701675415039,2250.0,28.25067901611328,28.25067901611328,,,,,22.0,,127.0,3419.0,,,,,,,,,,5167.3798828125,3710.14990234375,
5607,1999,1,0,0,0,0,8534.0,6806.0,15340,0.5563233494758606,2250.0,28.25067901611328,28.25067901611328,,,,,23.0,,151.0,3500.0,,,,,,,,,,6978.27978515625,4090.27001953125,
5607,2000,1,0,0,0,0,8614.0,7013.0,15627,0.5512254238128662,2250.0,28.25067901611328,28.25067901611328,,,,,24.0,,187.0,4423.0,49.59324645996094,,,,,,,,,7219.179,3036.613,4763594.0
5607,2001,1,0,0,0,0,8694.0,7220.0,15914,0.5463114380836487,2250.0,28.25067901611328,28.25067901611328,,,,,23.0,,192.0,4218.0,48.175315856933594,,,,,,,,,6284.992,3638.639,3767536.0
5607,2002,1,0,0,0,0,8765.0,7430.0,16195,0.5412164330482483,2250.0,28.25067901611328,28.25067901611328,,,,,24.0,,238.0,4676.0,48.53386306762695,,,,,,,,,7972.119,3202.504,5237249.0
5607,2003,1,0,0,0,0,8827.0,7640.0,16467,0.536041796207428,2250.0,28.25067901611328,28.25067901611328,,,,,23.0,,199.0,4296.0,47.87672805786133,,,,,,,,,8363.182,4357.485,6565835.0
5607,2004,1,0,0,0,0,8876.0,7852.0,16728,0.5306073427200317,2250.0,28.25067901611328,28.25067901611328,,,,,23.0,,151.0,3017.0,48.781158447265625,,,,,,,,,8446.061,4485.587,4713080.0
5607,2005,1,0,0,0,0,8913.0,8063.0,16976,0.5250353217124939,2250.0,28.25067901611328,28.25067901611328,12.20021843784081,33.616859999999996,26.14297,2.80652,25.0,108.0,218.0,4347.0,49.769737243652344,12.44,76.70217693376563,99.07945736434108,56.2111801242236,,57.874015748031496,,,9833.234,5144.276,7947547.0
5607,2006,1,0,0,0,0,8937.0,8274.0,17211,0.5192609429359436,2250.0,28.25067901611328,28.25067901611328,,,,,25.0,129.0,246.0,4406.0,50.28349685668945,12.3,,,,,,,,11086.618402,6267.862402,7598888.0
5607,2007,1,0,0,0,0,8960.0,8459.0,17419,0.5143808722496033,2250.0,28.25067901611328,28.25067901611328,,,,,24.0,121.0,250.0,4538.0,48.691036224365234,12.16,,,,,,,,14386.88,7901.633,13352692.0
5607,2008,1,0,0,0,0,8983.0,8665.0,17648,0.5090095400810242,2250.0,28.25067901611328,28.25067901611328,,,,,27.0,144.0,261.0,4823.0,50.30427169799805,12.02,90.03,90.03,0.0,90.03,90.03,,,13453.185,8847.298999999999,
5607,2009,1,0,0,0,0,9006.0,8852.0,17858,0.5043118000030518,2250.0,28.25067901611328,28.25067901611328,,,,,26.0,143.0,275.0,4900.0,53.033538818359375,11.89,97.89,98.44,2.94,98.36,97.84,,,17129.751,9338.773000000001,11553162.0
5607,2010,1,0,0,0,0,9028.0,9053.0,18081,0.49930867552757263,2250.0,28.25067901611328,28.25067901611328,,,,,28.0,93.0,278.0,5018.0,55.077919006347656,11.75,99.86,99.85,100.0,99.86,99.44,,607.0,16646.362,10467.133,17713214.0
5607,2011,1,0,0,0,0,9051.0,9230.0,18281,0.49510419368743896,2250.0,28.25067901611328,28.25067901611328,,,,,30.0,184.0,334.0,5312.0,55.28955841064453,11.75,100.0,100.0,100.0,100.0,59.74,6879.0,836.0,19131.734,12858.86,
5607,2012,1,0,0,0,0,9072.0,9430.0,18502,0.49032536149024963,2250.0,28.25067901611328,28.25067901611328,,,,,30.0,192.0,300.0,5258.0,55.47818374633789,11.67466666400419,62.82,99.76,17.81,100.0,56.96,7298.0,1095.0,19988.341,13247.022,
5607,2013,1,0,0,0,0,9094.0,9618.0,18712,0.4859983026981354,2250.0,28.25067901611328,28.25067901611328,,,,,27.0,173.0,333.0,5167.0,55.18959045410156,11.67466666400419,63.18,99.76,17.85,93.26,57.41,7560.0,1342.0,23532.491,15434.253,
5607,2014,1,0,0,0,0,9115.0,9801.0,18916,0.4818671941757202,2250.0,28.25067901611328,28.25067901611328,,,,,27.0,175.0,318.0,4470.0,58.26935577392578,11.233164538181603,64.31,99.97,16.76,93.09,58.51,7873.0,1724.0,26278.355,19462.852,
5607,2015,1,0,0,0,0,9136.0,9972.0,19108,0.47812435030937195,2250.0,28.25067901611328,28.25067901611328,,,,,25.0,183.0,324.0,4469.0,57.384578704833984,12.624953624462302,65.63,99.97,16.66,93.38,60.08,8456.0,1956.0,40694.5546875,23951.568359375,
5607,2016,1,0,0,0,0,9157.0,10153.0,19310,0.474210262298584,2250.0,28.25067901611328,28.25067901611328,,,,,28.0,162.0,353.0,4573.0,55.186058044433594,,68.17,100.0,24.24,94.22,63.38,,2255.0,39820.302,31951.887000000002,
5607,2017,1,0,0,0,0,9177.0,10330.0,19507,0.47044649720191956,2250.0,28.25067901611328,28.25067901611328,,,,,28.0,206.0,397.0,4600.0,55.230674743652344,,,,,,,,,46598.241119384766,34403.76467895508,
5607,2018,1,0,0,0,0,11035.0,12479.0,23514,0.46929487586021423,2250.0,28.25067901611328,28.25067901611328,4.652858809801634,11.7,11.3,1.2,28.0,88.0,266.0,3708.0,54.75922393798828,,,,,,,,,48672.74195399999,37919.42691899999,
5607,2019,1,0,0,0,0,11134.0,13051.0,24185,0.46036800742149353,2250.0,28.25067901611328,,,,,,24.0,85.0,273.0,3922.0,55.7454833984375,,,,,,,,,59661.878595,46888.163723000005,
5607,2020,1,0,0,0,0,11189.0,13568.0,24757,0.4519529938697815,2250.0,28.25067901611328,,,,,,25.0,97.0,284.0,4248.0,54.96133804321289,,,,,,,,,52204.789372,39931.781801000005,
5607,2021,1,0,0,0,0,11062.0,14084.0,25146,0.4399109184741974,2250.0,28.25067901611328,,,,,,22.0,111.0,284.0,4187.0,54.57587814331055,,,,,,,,,66805.203643,54071.1764047,
5607,2022,1,0,0,0,0,11028.0,14506.0,25534,0.4318947196006775,2250.0,28.25067901611328,,,,,,22.0,217.0,346.0,4465.0,54.4351692199707,,,,,,,,,85382.86557699999,72369.9223578,
5607,2023,1,0,0,0,0,11027.0,14906.0,25933,0.4252111315727234,2250.0,28.25067901611328,,,,,,,,,,,,,,,,,,,95661.343161,70253.19617625,
5670,1993,1,0,0,0,0,13935.0,4912.0,18847,0.7393749952316284,1427.0,83.78509521484375,83.78509521484375,53.8294677734375,,,,,,,,,,,,,,,,,854.22998046875,838.6400146484375,
5670,1994,1,0,0,0,0,13845.0,4998.0,18843,0.7347556352615356,1427.0,83.78509521484375,83.78509521484375,,,,,,,,,,,,,,,,,,1087.5,1002.760009765625,
5670,1995,1,0,0,0,0,13744.0,5091.0,18835,0.7297053337097168,1427.0,83.78509521484375,83.78509521484375,,,,,,,,,,,,,,,,,,1115.3499755859375,917.719970703125,
5670,1996,1,0,0,0,0,13634.0,5188.0,18822,0.7243651151657104,1427.0,83.78509521484375,83.78509521484375,,,,,57.0,,197.0,4703.0,,,,,,,,,,1849.02001953125,539.1300048828125,
5670,1997,1,0,0,0,0,13512.0,5285.0,18797,0.718838095664978,1427.0,83.78509521484375,83.78509521484375,,,,,57.0,,187.0,4499.0,,,,,,,,,,2570.510009765625,605.5800170898438,
5670,1998,1,0,0,0,0,13380.0,5382.0,18762,0.7131435871124268,1427.0,83.78509521484375,83.78509521484375,,,,,58.0,,192.0,4559.0,,,,,,,,,,2408.199951171875,667.6099853515625,
5670,1999,1,0,0,0,0,13237.0,5472.0,18709,0.7075204253196716,1427.0,83.78509521484375,83.78509521484375,,,,,59.0,,212.0,5132.0,,,,,,,,,,4326.10009765625,1005.9600219726562,
5670,2000,1,0,0,0,0,13081.0,5554.0,18635,0.7019586563110352,1427.0,83.78509521484375,83.78509521484375,,,,,60.0,,221.0,5544.0,47.098838806152344,,,,,,,,,4400.943,779.116,3157794.0
5670,2001,1,0,0,0,0,12914.0,5628.0,18542,0.6964728832244873,1427.0,83.78509521484375,83.78509521484375,,,,,56.0,,188.0,4517.0,46.465187072753906,,,,,,,,,5199.319,983.0079999999999,3434906.0
5670,2002,1,0,0,0,0,12749.0,5699.0,18448,0.6910776495933533,1427.0,83.78509521484375,83.78509521484375,,,,,55.0,,202.0,4915.0,47.33700180053711,,,,,,,,,7115.086,1031.358,4458025.0
5670,2003,1,0,0,0,0,12585.0,5767.0,18352,0.6857563257217407,1427.0,83.78509521484375,83.78509521484375,,,,,38.0,,167.0,4620.0,46.63526153564453,,,,,,,,,4911.943,919.143,3782973.0
5670,2004,1,0,0,0,0,12421.0,5835.0,18256,0.6803790330886841,1427.0,83.78509521484375,83.78509521484375,,,,,55.0,,194.0,4565.0,46.612579345703125,,,,,,,,,5476.633,1283.861,6310681.0
5670,2005,1,0,0,0,0,12256.0,5901.0,18157,0.6750013828277588,1427.0,83.78509521484375,83.78509521484375,38.115739446463515,68.61057000000001,34.639950000000006,35.785070000000005,56.0,38.0,201.0,4387.0,46.81480407714844,14.48,66.38750565866907,99.04411764705883,51.86396337475474,,51.901312811226795,,,7224.017,1482.998,6777278.0
5670,2006,1,0,0,0,0,12083.0,5966.0,18049,0.669455349445343,1427.0,83.78509521484375,83.78509521484375,,,,,56.0,,207.0,4430.0,46.534175872802734,14.32,,,,,,,,7495.347132,1496.588132,6153292.0
5670,2007,1,0,0,0,0,11887.0,6013.0,17900,0.6640782356262207,1427.0,83.78509521484375,83.78509521484375,,,,,55.0,83.0,210.0,4210.0,47.073402404785156,14.16,,,,,,,,10842.654,2469.417,8970140.0
5670,2008,1,0,0,0,0,11701.0,6060.0,17761,0.6588029861450195,1427.0,83.78509521484375,83.78509521484375,,,,,56.0,79.0,211.0,4290.0,47.089988708496094,14.0,41.2,46.13,39.57,26.48,11.47,,,9955.889,2379.798,8274208.0
5670,2009,1,0,0,0,0,11519.0,6105.0,17624,0.653597354888916,1427.0,83.78509521484375,83.78509521484375,,,,,55.0,71.0,205.0,4389.0,46.29462814331055,13.84,15.44,34.83,0.0,15.44,15.44,,,11112.649000000001,2806.541,11050808.0
5670,2010,1,0,0,0,0,11340.0,6146.0,17486,0.6485188007354736,1427.0,83.78509521484375,83.78509521484375,,,,,57.0,85.0,222.0,4338.0,46.599830627441406,13.68,15.23,33.44,0.0,15.23,15.23,,388.0,11158.670999999998,3006.9569999999994,11056684.0
5670,2011,1,0,0,0,0,11167.0,6184.0,17351,0.6435940265655518,1427.0,83.78509521484375,83.78509521484375,,,,,57.0,87.0,225.0,4340.0,46.521629333496094,13.461445120859986,15.4,34.44,0.0,15.4,15.4,6379.0,384.0,10741.029,3044.181,
5670,2012,1,0,0,0,0,10995.0,6219.0,17214,0.6387242674827576,1427.0,83.78509521484375,83.78509521484375,,,,,57.0,89.0,228.0,4128.0,46.699241638183594,13.213277859244016,15.49,35.11,0.0,15.49,15.49,6797.0,429.0,12842.880000000001,2041.6200000000001,
5670,2013,1,0,0,0,0,10827.0,6250.0,17077,0.6340106725692749,1427.0,83.78509521484375,83.78509521484375,,,,,55.0,75.0,223.0,4153.0,45.89647674560547,13.213277859244016,32.41,77.18,0.0,32.41,32.41,6994.0,477.0,15421.25,3616.622,
5670,2014,1,0,0,0,0,10660.0,6277.0,16937,0.6293912529945374,1427.0,83.78509521484375,83.78509521484375,,,,,55.0,51.0,176.0,2828.0,46.291255950927734,11.948790617807868,31.68,77.18,0.0,31.68,31.68,7277.0,525.0,21458.392999999996,3603.7059999999997,
5670,2015,1,0,0,0,0,10491.0,6298.0,16789,0.6248733997344971,1427.0,83.78509521484375,83.78509521484375,,,,,54.0,48.0,177.0,3037.0,46.00937271118164,12.60713403,30.83,77.18,0.31,30.83,30.83,7624.0,609.0,22014.35546875,4474.10205078125,
5670,2016,1,0,0,0,0,10339.0,6324.0,16663,0.620476484298706,1427.0,83.78509521484375,83.78509521484375,,,,,55.0,46.0,210.0,2888.0,45.92611312866211,,26.28,99.71,0.0,26.27,26.23,,2411.0,21725.77,3744.4649999999997,
5670,2017,1,0,0,0,0,10179.0,6341.0,16520,0.6161622405052185,1427.0,83.78509521484375,83.78509521484375,,,,,55.0,48.0,215.0,2850.0,45.49046325683594,,,,,,,,,21172.45196614258,4278.505035400391,
5670,2018,1,0,0,0,0,15038.0,6481.0,21519,0.6988242864608765,1427.0,83.78509521484375,83.78509521484375,14.715492957746479,40.8,30.3,34.1,55.0,47.0,204.0,2667.0,44.308895111083984,,,,,,,,,24792.369524,4104.618447,
5670,2019,1,0,0,0,0,14835.0,6698.0,21533,0.688942551612854,1427.0,83.78509521484375,,,,,,55.0,51.0,204.0,2599.0,45.545448303222656,,,,,,,,,33526.139134,5619.954891,
5670,2020,1,0,0,0,0,14688.0,6909.0,21597,0.6800944805145264,1427.0,83.78509521484375,,,,,,55.0,34.0,203.0,2705.0,45.81718444824219,,,,,,,,,25242.427997,5599.492434,
5670,2021,1,0,0,0,0,14522.0,7410.0,21932,0.662137508392334,1427.0,83.78509521484375,,,,,,53.0,48.0,201.0,2816.0,45.3676872253418,,,,,,,,,34663.535139,6716.1621834,
5670,2022,1,0,0,0,0,14477.0,7794.0,22271,0.6500381827354431,1427.0,83.78509521484375,,,,,,52.0,40.0,193.0,2749.0,45.19793701171875,,,,,,,,,31437.59703,6390.304512049999,
5670,2023,1,0,0,0,0,14476.0,8142.0,22618,0.6400212049484253,1427.0,83.78509521484375,,,,,,,,,,,,,,,,,,,36774.327945,7970.35806535,
5686,1993,1,0,0,0,0,15575.0,10150.0,25725,0.6054421663284302,2588.0,46.40922546386719,46.40922546386719,28.781278610229492,,,,,,,,,,,,,,,,,997.030029296875,951.6699829101562,
5686,1994,1,0,0,0,0,15595.0,10348.0,25943,0.6011255383491516,2588.0,46.40922546386719,46.40922546386719,,,,,,,,,,,,,,,,,,1582.81005859375,1575.6300048828125,
5686,1995,1,0,0,0,0,15615.0,10598.0,26213,0.5956968069076538,2588.0,46.40922546386719,46.40922546386719,,,,,,,,,,,,,,,,,,2256.110107421875,2216.239990234375,
5686,1996,1,0,0,0,0,15641.0,10895.0,26536,0.5894256830215454,2588.0,46.40922546386719,46.40922546386719,,,,,68.0,,279.0,6251.0,,,,,,,,,,2919.85009765625,1489.43994140625,
5686,1997,1,0,0,0,0,15675.0,11231.0,26906,0.5825837850570679,2588.0,46.40922546386719,46.40922546386719,,,,,69.0,,263.0,6547.0,,,,,,,,,,5071.31005859375,3141.360107421875,
5686,1998,1,0,0,0,0,15722.0,11600.0,27322,0.5754337310791016,2588.0,46.40922546386719,46.40922546386719,,,,,70.0,,267.0,6688.0,,,,,,,,,,5292.52978515625,2434.110107421875,
5686,1999,1,0,0,0,0,15784.0,11996.0,27780,0.5681785345077515,2588.0,46.40922546386719,46.40922546386719,,,,,70.0,,271.0,7311.0,,,,,,,,,,6534.58984375,2272.550048828125,
5686,2000,1,0,0,0,0,15868.0,12412.0,28280,0.5611032247543335,2588.0,46.40922546386719,46.40922546386719,,,,,69.0,,259.0,7366.0,48.02962875366211,,,,,,,,,8165.531,3245.95,5641326.0
5686,2001,1,0,0,0,0,15971.0,12845.0,28816,0.5542407035827637,2588.0,46.40922546386719,46.40922546386719,,,,,66.0,,258.0,6818.0,47.5964241027832,,,,,,,,,7830.978,4187.424,4447587.0
5686,2002,1,0,0,0,0,16071.0,13295.0,29366,0.5472655296325684,2588.0,46.40922546386719,46.40922546386719,,,,,66.0,,264.0,7026.0,47.8222770690918,,,,,,,,,8607.815999999999,4250.481,6371896.0
5686,2003,1,0,0,0,0,16165.0,13756.0,29921,0.5402560234069824,2588.0,46.40922546386719,46.40922546386719,,,,,64.0,,258.0,6819.0,49.51844787597656,,,,,,,,,9492.1,3781.414,8054056.0
5686,2004,1,0,0,0,0,16250.0,14227.0,30477,0.5331889390945435,2588.0,46.40922546386719,46.40922546386719,,,,,72.0,,290.0,7531.0,49.205116271972656,,,,,,,,,10543.997,4319.329,9459499.0
5686,2005,1,0,0,0,0,16322.0,14703.0,31025,0.5260918736457825,2588.0,46.40922546386719,46.40922546386719,23.51898579685691,59.44053,38.41743,22.679170000000003,71.0,71.0,335.0,9346.0,47.70844268798828,16.02,64.95622895622895,99.29155313351498,31.398135818908123,,57.11784511784512,,,12129.954,5179.085999999999,9499589.0
5686,2006,1,0,0,0,0,16378.0,15182.0,31560,0.5189480185508728,2588.0,46.40922546386719,46.40922546386719,,,,,73.0,82.0,332.0,7777.0,47.138423919677734,15.84,,,,,,,,13521.642615,5637.649615,10686071.0
5686,2007,1,0,0,0,0,16436.0,15577.0,32013,0.5134164094924927,2588.0,46.40922546386719,46.40922546386719,,,,,68.0,126.0,350.0,7859.0,48.1240119934082,15.66,,,,,,,,18916.717,5906.076,14300045.0
5686,2008,1,0,0,0,0,16498.0,15971.0,32469,0.5081154108047485,2588.0,46.40922546386719,46.40922546386719,,,,,71.0,104.0,307.0,7751.0,47.023075103759766,15.48,26.55,72.01,0.0,19.47,26.55,,,14754.907,5568.593,12235740.0
5686,2009,1,0,0,0,0,16562.0,16361.0,32923,0.5030525922775269,2588.0,46.40922546386719,46.40922546386719,,,,,71.0,114.0,318.0,7922.0,46.69254684448242,15.31,26.55,72.01,0.0,19.47,26.55,,,17362.807,5972.8240000000005,15856035.0
5686,2010,1,0,0,0,0,16629.0,16751.0,33380,0.4981725513935089,2588.0,46.40922546386719,46.40922546386719,,,,,72.0,107.0,319.0,8114.0,49.3206787109375,15.13,18.9,70.52,0.0,13.74,18.9,,,17875.376,7000.297,13559670.0
5686,2011,1,0,0,0,0,16699.0,17139.0,33838,0.49349844455718994,2588.0,46.40922546386719,46.40922546386719,,,,,72.0,94.0,356.0,8875.0,47.639522552490234,15.13,30.85,74.04,0.0,23.86,30.85,11029.0,2316.0,19226.328,7564.521,
5686,2012,1,0,0,0,0,16774.0,17521.0,34295,0.48910918831825256,2588.0,46.40922546386719,46.40922546386719,,,,,72.0,99.0,323.0,8169.0,48.4029426574707,14.069624055755177,52.1,67.48,19.26,33.05,47.58,11660.0,3373.0,22707.034,8525.545,
5686,2013,1,0,0,0,0,16851.0,17902.0,34753,0.4848790168762207,2588.0,46.40922546386719,46.40922546386719,,,,,72.0,103.0,346.0,7966.0,50.08591079711914,12.66266165017966,51.4,66.23,19.22,32.61,46.94,12028.0,3735.0,33893.846806999994,10739.436603999999,
5686,2014,1,0,0,0,0,16930.0,18272.0,35202,0.480938583612442,2588.0,46.40922546386719,46.40922546386719,,,,,72.0,77.0,340.0,5829.0,50.75513458251953,11.845823838200142,57.48,70.76,33.09,34.51,41.83,12285.0,3914.0,33673.141650000005,12841.236840000001,
5686,2015,1,0,0,0,0,17010.0,18640.0,35650,0.47713884711265564,2588.0,46.40922546386719,46.40922546386719,,,,,70.0,85.0,331.0,5940.0,50.086090087890625,12.64799905,55.47,66.3,34.53,56.63,40.22,12555.0,4103.0,33864.80859375,13625.7041015625,
5686,2016,1,0,0,0,0,17091.0,19012.0,36103,0.47339555621147156,2588.0,46.40922546386719,46.40922546386719,,,,,73.0,85.0,376.0,5921.0,50.82590866088867,,47.36,64.94,21.52,38.41,35.5,,4296.0,35439.752,16856.736,
5686,2017,1,0,0,0,0,17173.0,19375.0,36548,0.4698752462863922,2588.0,46.40922546386719,46.40922546386719,,,,,73.0,72.0,367.0,5862.0,49.55631637573242,,,,,,,,,40139.4694640166,17267.56268310547,
5686,2018,1,0,0,0,0,16422.0,19896.0,36318,0.45217248797416687,2588.0,46.40922546386719,46.40922546386719,9.176276771004943,30.9,26.3,27.9,71.0,63.0,364.0,5383.0,49.84561538696289,,,,,,,,,45406.865695,19343.016366,
5686,2019,1,0,0,0,0,16353.0,20790.0,37143,0.44027137756347656,2588.0,46.40922546386719,,,,,,71.0,85.0,367.0,5308.0,50.58158874511719,,,,,,,,,57715.37767357,19960.924467869998,
5686,2020,1,0,0,0,0,16267.0,21602.0,37869,0.4295597970485687,2588.0,46.40922546386719,,,,,,72.0,68.0,363.0,5383.0,50.728084564208984,,,,,,,,,45115.63531033,19486.406597989997,
5686,2021,1,0,0,0,0,16083.0,22380.0,38463,0.4181421101093292,2588.0,46.40922546386719,,,,,,70.0,109.0,361.0,5314.0,52.31846618652344,,,,,,,,,62969.898471,19374.017695299997,
5686,2022,1,0,0,0,0,16034.0,23024.0,39058,0.41051769256591797,2588.0,46.40922546386719,,,,,,70.0,118.0,356.0,4871.0,51.660736083984375,,,,,,,,,56419.051298000006,21349.5958469,
5686,2023,1,0,0,0,0,16032.0,23635.0,39667,0.4041646718978882,2588.0,46.40922546386719,,,,,,,,,,,,,,,,,,,65033.730796,23967.9942835,
5690,1993,1,0,0,0,0,10833.0,2579.0,13412,0.8077095150947571,1950.0,62.5406608581543,62.5406608581543,42.40532684326172,,,,,,,,,,,,,,,,,784.5399780273438,782.3099975585938,
5690,1994,1,0,0,0,0,10657.0,2538.0,13195,0.8076544404029846,1950.0,62.5406608581543,62.5406608581543,,,,,,,,,,,,,,,,,,974.6300048828125,729.2100219726562,
5690,1995,1,0,0,0,0,10485.0,2497.0,12982,0.8076567649841309,1950.0,62.5406608581543,62.5406608581543,,,,,,,,,,,,,,,,,,1273.0899658203125,985.27001953125,
5690,1996,1,0,0,0,0,10321.0,2457.0,12778,0.8077163696289062,1950.0,62.5406608581543,62.5406608581543,,,,,50.0,,142.0,3274.0,,,,,,,,,,1808.2900390625,631.6500244140625,
5690,1997,1,0,0,0,0,10167.0,2419.0,12586,0.8078023195266724,1950.0,62.5406608581543,62.5406608581543,,,,,49.0,,148.0,3217.0,,,,,,,,,,1852.239990234375,677.719970703125,
5690,1998,1,0,0,0,0,10028.0,2383.0,12411,0.8079929351806641,1950.0,62.5406608581543,62.5406608581543,,,,,52.0,,167.0,3371.0,,,,,,,,,,2739.139892578125,757.219970703125,
5690,1999,1,0,0,0,0,9907.0,2351.0,12258,0.8082068562507629,1950.0,62.5406608581543,62.5406608581543,,,,,53.0,,173.0,3384.0,,,,,,,,,,3395.550048828125,980.5,
5690,2000,1,0,0,0,0,9806.0,2321.0,12127,0.808608889579773,1950.0,62.5406608581543,62.5406608581543,,,,,53.0,,177.0,3289.0,47.828739166259766,,,,,,,,,3611.943,1093.571,2902633.0
5690,2001,1,0,0,0,0,9723.0,2296.0,12019,0.8089691400527954,1950.0,62.5406608581543,62.5406608581543,,,,,49.0,,153.0,2869.0,46.35932540893555,,,,,,,,,3240.795,1066.168,3130213.0
5690,2002,1,0,0,0,0,9640.0,2271.0,11911,0.8093358874320984,1950.0,62.5406608581543,62.5406608581543,,,,,49.0,,156.0,3286.0,47.020301818847656,,,,,,,,,4487.953,1414.387,3254084.0
5690,2003,1,0,0,0,0,9554.0,2246.0,11800,0.8096610307693481,1950.0,62.5406608581543,62.5406608581543,,,,,35.0,,133.0,3340.0,47.191131591796875,,,,,,,,,4273.414,940.992,3699299.0
5690,2004,1,0,0,0,0,9463.0,2222.0,11685,0.8098416924476624,1950.0,62.5406608581543,62.5406608581543,,,,,47.0,,135.0,2876.0,46.22054672241211,,,,,,,,,5334.209999999999,1751.176,5031239.0
5690,2005,1,0,0,0,0,9368.0,2199.0,11567,0.8098902106285095,1950.0,62.5406608581543,62.5406608581543,29.074384540721788,63.69893,34.7279,38.47122,46.0,,140.0,2889.0,47.006446838378906,20.11,88.65157794070768,98.21958456973294,86.03329273244012,,47.880140261396235,,,4537.781,1081.086,3813361.0
5690,2006,1,0,0,0,0,9263.0,2177.0,11440,0.8097028136253357,1950.0,62.5406608581543,62.5406608581543,,,,,46.0,33.0,148.0,2881.0,45.81671142578125,19.88,,,,,,,,5089.670346999999,1051.461347,3807377.0
5690,2007,1,0,0,0,0,9165.0,2155.0,11320,0.809628963470459,1950.0,62.5406608581543,62.5406608581543,,,,,,45.0,135.0,2895.0,46.87144470214844,19.66,,,,,,,,6829.81,1244.143,5541483.0
5690,2008,1,0,0,0,0,9087.0,2133.0,11220,0.8098930716514587,1950.0,62.5406608581543,62.5406608581543,,,,,47.0,74.0,130.0,2922.0,47.60484313964844,19.44,22.04,88.45,4.87,18.15,18.15,,,8033.109,1413.482,6274905.0
5690,2009,1,0,0,0,0,8992.0,2111.0,11103,0.8098711967468262,1950.0,62.5406608581543,62.5406608581543,,,,,46.0,44.0,167.0,2843.0,47.15584182739258,19.21,21.88,88.13,4.82,18.03,18.03,,,11196.504,1834.492,6952598.0
5690,2010,1,0,0,0,0,8902.0,2089.0,10991,0.8099353909492493,1950.0,62.5406608581543,62.5406608581543,,,,,48.0,51.0,159.0,2769.0,46.64704132080078,18.99,27.26,86.96,7.67,21.52,21.52,,,7281.449999999999,2001.8629999999998,11190880.0
5690,2011,1,0,0,0,0,8806.0,2068.0,10874,0.809821605682373,1950.0,62.5406608581543,62.5406608581543,,,,,48.0,50.0,166.0,2733.0,46.64821243286133,18.99,21.68,87.84,4.66,17.96,17.96,4895.0,,8589.856,2338.569,
5690,2012,1,0,0,0,0,8712.0,2047.0,10759,0.8097406625747681,1950.0,62.5406608581543,62.5406608581543,,,,,48.0,51.0,162.0,2640.0,46.99984359741211,18.868536090722923,23.51,89.28,5.04,19.98,19.26,4936.0,,9321.666000000001,2195.228,
5690,2013,1,0,0,0,0,8624.0,2026.0,10650,0.8097652792930603,1950.0,62.5406608581543,62.5406608581543,,,,,47.0,28.0,165.0,2540.0,46.62345886230469,18.868536090722923,22.81,87.58,4.77,19.48,18.77,4961.0,,14275.005,2331.48,
5690,2014,1,0,0,0,0,8520.0,2005.0,10525,0.8095011711120605,1950.0,62.5406608581543,62.5406608581543,,,,,47.0,41.0,131.0,1684.0,46.13640213012695,20.064485568758137,24.88,88.21,7.35,21.42,20.87,5060.0,93.0,15346.8,4513.04,
5690,2015,1,0,0,0,0,8432.0,1984.0,10416,0.8095238208770752,1950.0,62.5406608581543,62.5406608581543,,,,,49.0,40.0,136.0,1816.0,45.59142303466797,22.512352808146627,24.88,88.13,7.35,21.44,20.89,5219.0,129.0,15087.92578125,4455.568359375,
5690,2016,1,0,0,0,0,8328.0,1964.0,10292,0.8091721534729004,1950.0,62.5406608581543,62.5406608581543,,,,,47.0,32.0,157.0,2033.0,46.13002014160156,,39.53,99.22,14.52,39.76,33.65,,809.0,13327.777999999998,3396.6940000000004,
5690,2017,1,0,0,0,0,8230.0,1943.0,10173,0.8090042471885681,1950.0,62.5406608581543,62.5406608581543,,,,,47.0,32.0,142.0,1787.0,45.67818069458008,,,,,,,,,16635.499755859375,6204.87158203125,
5690,2018,1,0,0,0,0,9586.0,2808.0,12394,0.7734387516975403,1950.0,62.5406608581543,62.5406608581543,11.544117647058824,41.5,45.2,34.8,47.0,26.0,144.0,1831.0,45.82015609741211,,,,,,,,,24819.79280011,7361.0973506499995,
5690,2019,1,0,0,0,0,9515.0,2811.0,12326,0.7719454765319824,1950.0,62.5406608581543,,,,,,48.0,30.0,145.0,1853.0,45.878787994384766,,,,,,,,,31941.61611592,16102.12870289,
5690,2020,1,0,0,0,0,9494.0,2830.0,12324,0.7703667879104614,1950.0,62.5406608581543,,,,,,49.0,33.0,145.0,1883.0,45.086116790771484,,,,,,,,,22009.6754581,7420.14892304,
5690,2021,1,0,0,0,0,9387.0,3128.0,12515,0.7500599026679993,1950.0,62.5406608581543,,,,,,48.0,36.0,150.0,1675.0,45.50892639160156,,,,,,,,,28741.883904,8362.85414,
5690,2022,1,0,0,0,0,9358.0,3350.0,12708,0.7363865375518799,1950.0,62.5406608581543,,,,,,48.0,34.0,153.0,1719.0,47.89194107055664,,,,,,,,,22876.022907,5801.6586284,
5690,2023,1,0,0,0,0,9357.0,3550.0,12907,0.7249554395675659,1950.0,62.5406608581543,,,,,,,,,,,,,,,,,,,35039.210031,8052.3007908,
5736,1993,1,0,0,0,0,5580.0,24834.0,30414,0.18346813321113586,681.0,157.2300567626953,157.2300567626953,52.836204528808594,,,,,,,,,,,,,,,,,1193.3199462890625,1042.199951171875,
5736,1994,1,0,0,0,0,5616.0,25321.0,30937,0.1815302073955536,681.0,157.2300567626953,157.2300567626953,,,,,,,,,,,,,,,,,,1873.1400146484375,1511.5999755859375,
5736,1995,1,0,0,0,0,5675.0,25720.0,31395,0.18076126277446747,681.0,157.2300567626953,157.2300567626953,,,,,,,,,,,,,,,,,,2102.659912109375,1883.6099853515625,
5736,1996,1,0,0,0,0,5758.0,26048.0,31806,0.18103502690792084,681.0,157.2300567626953,157.2300567626953,,,,,32.0,,242.0,7504.0,,,,,,,,,,0.0,0.0,
5736,1997,1,0,0,0,0,5860.0,26313.0,32173,0.1821403056383133,681.0,157.2300567626953,157.2300567626953,,,,,30.0,,251.0,7388.0,,,,,,,,,,3138.6201171875,1261.56005859375,
5736,1998,1,0,0,0,0,5980.0,26527.0,32507,0.18396037817001343,681.0,157.2300567626953,157.2300567626953,,,,,34.0,,262.0,7819.0,,,,,,,,,,4747.72998046875,1590.5799560546875,
5736,1999,1,0,0,0,0,6117.0,26705.0,32822,0.1863688975572586,681.0,157.2300567626953,157.2300567626953,,,,,32.0,,252.0,7852.0,,,,,,,,,,0.0,0.0,
5736,2000,1,0,0,0,0,6268.0,26859.0,33127,0.18921121954917908,681.0,157.2300567626953,157.2300567626953,,,,,35.0,,245.0,8264.0,45.34907913208008,,,,,,,,,8505.578000000001,1801.616,4418535.0
5736,2001,1,0,0,0,0,6430.0,27014.0,33444,0.1922616958618164,681.0,157.2300567626953,157.2300567626953,,,,,30.0,,221.0,7167.0,45.52951431274414,,,,,,,,,7796.686,2736.706,4934672.0
5736,2002,1,0,0,0,0,6592.0,27191.0,33783,0.1951277256011963,681.0,157.2300567626953,157.2300567626953,,,,,31.0,,278.0,8796.0,46.088340759277344,,,,,,,,,9598.453,4070.956,5180684.0
5736,2003,1,0,0,0,0,6748.0,27411.0,34159,0.19754676520824432,681.0,157.2300567626953,157.2300567626953,,,,,10.0,,276.0,9050.0,45.696292877197266,,,,,,,,,13954.042,3674.685,12530031.0
5736,2004,1,0,0,0,0,6893.0,27690.0,34583,0.1993175894021988,681.0,157.2300567626953,157.2300567626953,,,,,21.0,,222.0,6701.0,47.14826202392578,,,,,,,,,12164.931,3905.617,7254638.0
5736,2005,1,0,0,0,0,7023.0,28048.0,35071,0.20025092363357544,681.0,157.2300567626953,157.2300567626953,41.367019543458234,69.15584,36.25738,50.27231,20.0,52.0,279.0,7350.0,46.60394287109375,20.64,63.05126483098277,69.42126514131898,31.58244680851064,,46.26147302440116,,,12822.774,2798.33589,8086043.0
5736,2006,1,0,0,0,0,7135.0,28485.0,35620,0.20030881464481354,681.0,157.2300567626953,157.2300567626953,,,,,20.0,45.0,323.0,6852.0,46.33159255981445,20.41,,,,,,,,13322.448131,4269.491131,8462413.0
5736,2007,1,0,0,0,0,7250.0,28882.0,36132,0.20065316557884216,681.0,157.2300567626953,157.2300567626953,,,,,15.0,84.0,289.0,7290.0,46.176353454589844,20.18,,,,,,,,15583.867,2778.363,13337603.0
5736,2008,1,0,0,0,0,7366.0,29284.0,36650,0.2009822577238083,681.0,157.2300567626953,157.2300567626953,,,,,15.0,55.0,239.0,7218.0,46.3803596496582,19.95,,,,,,,,19058.757,4285.89,18706506.0
5736,2009,1,0,0,0,0,7485.0,29669.0,37154,0.20145879685878754,681.0,157.2300567626953,157.2300567626953,,,,,16.0,80.0,255.0,7843.0,45.68674850463867,19.72,,,,,,,,20526.47,5738.860000000001,19997338.0
5736,2010,1,0,0,0,0,7606.0,30041.0,37647,0.20203469693660736,681.0,157.2300567626953,157.2300567626953,,,,,27.0,59.0,305.0,8544.0,45.16085433959961,19.49,,,,,,,,17257.025999999998,5497.085999999999,10614923.0
5736,2011,1,0,0,0,0,7728.0,30426.0,38154,0.2025475651025772,681.0,157.2300567626953,157.2300567626953,,,,,27.0,56.0,311.0,8649.0,45.15586471557617,18.59985293557991,36.44,35.09,41.48,0.0,3.15,8738.0,,19500.24,7316.812,
5736,2012,1,0,0,0,0,7853.0,30808.0,38661,0.20312459766864777,681.0,157.2300567626953,157.2300567626953,,,,,27.0,61.0,311.0,8916.0,43.47074508666992,18.59985293557991,36.46,35.1,41.55,0.0,3.15,10074.0,,35454.996,9882.409,
5736,2013,1,0,0,0,0,7980.0,31183.0,39163,0.20376375317573547,681.0,157.2300567626953,157.2300567626953,,,,,24.0,63.0,306.0,8534.0,44.380558013916016,17.585433940862423,36.46,35.1,41.55,0.0,3.15,10631.0,1066.0,28669.666999999998,10720.943,
5736,2014,1,0,0,0,0,8109.0,31557.0,39666,0.20443201065063477,681.0,157.2300567626953,157.2300567626953,,,,,24.0,50.0,272.0,7516.0,45.140602111816406,18.830035995554077,42.37,44.93,24.96,71.57,11.19,10440.0,1721.0,34275.371,12077.428,
5736,2015,1,0,0,0,0,8240.0,31934.0,40174,0.20510777831077576,681.0,157.2300567626953,157.2300567626953,,,,,21.0,54.0,280.0,7120.0,44.988525390625,20.23360686,42.37,44.93,24.96,71.57,11.19,11059.0,1762.0,31346.998046875,12792.03515625,
5736,2016,1,0,0,0,0,8373.0,32315.0,40688,0.20578548312187195,681.0,157.2300567626953,157.2300567626953,,,,,22.0,55.0,309.0,7082.0,45.584503173828125,,,,,,,,1812.0,51801.019,15217.793000000001,
5736,2017,1,0,0,0,0,8508.0,32697.0,41205,0.20647980272769928,681.0,157.2300567626953,157.2300567626953,,,,,25.0,44.0,357.0,8938.0,44.509178161621094,,,,,,,,,44751.29032022656,20883.6796875,
5736,2018,1,0,0,0,0,7767.0,30133.0,37900,0.2049340307712555,681.0,157.2300567626953,157.2300567626953,23.122185529870908,42.8,23.4,44.1,25.0,31.0,285.0,7323.0,42.828773498535156,,,,,,,,,56274.118197,20701.516228,
5736,2019,1,0,0,0,0,7391.0,31301.0,38692,0.1910213977098465,681.0,157.2300567626953,,,,,,36.0,48.0,325.0,6957.0,43.78120803833008,,,,,,,,,60502.326403,29851.299314999997,
5736,2020,1,0,0,0,0,6983.0,32396.0,39379,0.17732802033424377,681.0,157.2300567626953,,,,,,37.0,62.0,330.0,7015.0,44.332496643066406,,,,,,,,,76325.32722022,37865.6145579,
5736,2021,1,0,0,0,0,6903.0,33087.0,39990,0.17261815071105957,681.0,157.2300567626953,,,,,,37.0,80.0,321.0,6730.0,43.899837493896484,,,,,,,,,76503.79216000001,42656.144842,
5736,2022,1,0,0,0,0,6881.0,33726.0,40607,0.16945354640483856,681.0,157.2300567626953,,,,,,36.0,78.0,325.0,6758.0,43.824527740478516,,,,,,,,,105427.93995,68650.842259,
5736,2023,1,0,0,0,0,6881.0,34360.0,41241,0.16684852540493011,681.0,157.2300567626953,,,,,,,,,,,,,,,,,,,132656.092094,74635.97064025,
5809,1993,1,0,0,0,0,7949.0,4795.0,12744,0.6237444877624512,1550.0,29.52694320678711,29.52694320678711,40.764095306396484,,,,,,,,,,,,,,,,,698.5800170898438,669.27001953125,
5809,1994,1,0,0,0,0,7759.0,4907.0,12666,0.6125848889350891,1550.0,29.52694320678711,29.52694320678711,,,,,,,,,,,,,,,,,,821.5800170898438,801.9299926757812,
5809,1995,1,0,0,0,0,7578.0,5039.0,12617,0.6006182432174683,1550.0,29.52694320678711,29.52694320678711,,,,,,,,,,,,,,,,,,1068.81005859375,938.3699951171875,
5809,1996,1,0,0,0,0,7408.0,5190.0,12598,0.5880298614501953,1550.0,29.52694320678711,29.52694320678711,,,,,21.0,,105.0,2442.0,,,,,,,,,,1701.18994140625,935.4500122070312,
5809,1997,1,0,0,0,0,7253.0,5355.0,12608,0.5752696990966797,1550.0,29.52694320678711,29.52694320678711,,,,,25.0,,100.0,2340.0,,,,,,,,,,0.0,0.0,
5809,1998,1,0,0,0,0,7112.0,5528.0,12640,0.5626582503318787,1550.0,29.52694320678711,29.52694320678711,,,,,25.0,,96.0,2356.0,,,,,,,,,,0.0,0.0,
5809,1999,1,0,0,0,0,6990.0,5709.0,12699,0.5504370331764221,1550.0,29.52694320678711,29.52694320678711,,,,,25.0,,94.0,2412.0,,,,,,,,,,2734.1201171875,743.219970703125,
5809,2000,1,0,0,0,0,6887.0,5890.0,12777,0.5390154123306274,1550.0,29.52694320678711,29.52694320678711,,,,,24.0,,86.0,2348.0,51.409542083740234,,,,,,,,,2741.3,851.91,2248188.0
5809,2001,1,0,0,0,0,6803.0,6072.0,12875,0.5283883213996887,1550.0,29.52694320678711,29.52694320678711,,,,,23.0,,91.0,2294.0,47.104454040527344,,,,,,,,,3061.306,824.031,2185587.0
5809,2002,1,0,0,0,0,6729.0,6252.0,12981,0.5183730125427246,1550.0,29.52694320678711,29.52694320678711,,,,,22.0,,88.0,2253.0,48.291603088378906,,,,,,,,,3625.721,933.504,2928604.0
5809,2003,1,0,0,0,0,6664.0,6428.0,13092,0.5090131163597107,1550.0,29.52694320678711,29.52694320678711,,,,,14.0,,84.0,2250.0,50.564910888671875,,,,,,,,,4229.272000000001,1231.065,4238972.0
5809,2004,1,0,0,0,0,6607.0,6598.0,13205,0.5003407597541809,1550.0,29.52694320678711,29.52694320678711,,,,,20.0,,78.0,2228.0,48.209571838378906,,,,,,,,,3627.425,1042.345,3141072.0
5809,2005,1,0,0,0,0,6558.0,6759.0,13317,0.4924532473087311,1550.0,29.52694320678711,29.52694320678711,27.78323633890107,66.94883,11.64536,6.948300000000001,19.0,,76.0,2236.0,48.66565704345703,15.83,89.0485312899106,99.04567143830948,80.24024024024024,,87.70753512132823,,,4123.914999999999,1406.95,3624727.0
5809,2006,1,0,0,0,0,6513.0,6911.0,13424,0.48517581820487976,1550.0,29.52694320678711,29.52694320678711,,,,,20.0,21.0,80.0,2121.0,49.668426513671875,15.65,,,,,,,,4369.771870000001,1504.38987,3147505.0
5809,2007,1,0,0,0,0,6483.0,7058.0,13541,0.4787681996822357,1550.0,29.52694320678711,29.52694320678711,,,,,,29.0,73.0,2056.0,48.60348129272461,15.48,,,,,,,,6253.865,1539.904,4255595.0
5809,2008,1,0,0,0,0,6447.0,7201.0,13648,0.47237691283226013,1550.0,29.52694320678711,29.52694320678711,,,,,20.0,29.0,75.0,2009.0,49.17108917236328,15.3,59.73,96.93,47.63,48.02,44.49,,,5193.735,1562.829,4223187.0
5809,2009,1,0,0,0,0,6423.0,7339.0,13762,0.46671995520591736,1550.0,29.52694320678711,29.52694320678711,,,,,19.0,31.0,81.0,2043.0,48.8856315612793,15.12,60.27,97.44,48.21,47.97,45.75,,,6231.000000000001,1851.47,5935482.0
5809,2010,1,0,0,0,0,6401.0,7473.0,13874,0.46136659383773804,1550.0,29.52694320678711,29.52694320678711,,,,,20.0,32.0,76.0,1964.0,49.26626968383789,14.95,59.17,97.99,45.6,47.08,45.66,,,7903.597,2001.681,6663468.0
5809,2011,1,0,0,0,0,6377.0,7603.0,13980,0.4561516344547272,1550.0,29.52694320678711,29.52694320678711,,,,,20.0,33.0,90.0,1922.0,48.118568420410156,13.455,58.94,97.99,45.35,46.99,45.5,3304.0,,6487.902,2423.447,
5809,2012,1,0,0,0,0,6364.0,7728.0,14092,0.4516037404537201,1550.0,29.52694320678711,29.52694320678711,,,,,20.0,33.0,88.0,1882.0,48.892822265625,13.455,65.93,98.19,55.8,45.67,48.93,3455.0,,6170.414,2266.071,
5809,2013,1,0,0,0,0,6350.0,7849.0,14199,0.44721460342407227,1550.0,29.52694320678711,29.52694320678711,,,,,20.0,27.0,86.0,1892.0,47.669986724853516,12.800121958672651,65.93,98.19,55.8,45.67,48.93,3542.0,,9512.794,2531.591,
5809,2014,1,0,0,0,0,6329.0,7966.0,14295,0.4427422285079956,1550.0,29.52694320678711,29.52694320678711,,,,,20.0,22.0,71.0,1280.0,47.226600646972656,13.16648733647652,66.06,98.19,55.91,45.73,49.11,3558.0,,10368.542,3110.009,
5809,2015,1,0,0,0,0,6315.0,8078.0,14393,0.43875494599342346,1550.0,29.52694320678711,29.52694320678711,,,,,20.0,23.0,76.0,1147.0,48.01097869873047,14.40297894,66.06,98.19,55.91,45.73,49.11,3709.0,1064.0,10658.1240234375,2796.2099609375,
5809,2016,1,0,0,0,0,6308.0,8186.0,14494,0.4352145791053772,1550.0,29.52694320678711,29.52694320678711,,,,,20.0,18.0,81.0,1167.0,48.517826080322266,,67.56,100.0,51.53,64.75,54.6,,1181.0,10059.553,3302.0330000000004,
5809,2017,1,0,0,0,0,6312.0,8290.0,14602,0.43226954340934753,1550.0,29.52694320678711,29.52694320678711,,,,,19.0,22.0,94.0,1046.0,48.98820495605469,,,,,,,,,11325.00420242456,3910.8591117858887,
5809,2018,1,0,0,0,0,6184.0,4591.0,10775,0.5739210844039917,1550.0,29.52694320678711,29.52694320678711,11.174960264090965,30.3,15.0,8.1,19.0,14.0,97.0,985.0,50.416099548339844,,,,,,,,,12063.425071000001,4001.5559839999996,
5809,2019,1,0,0,0,0,5947.0,4769.0,10716,0.554964542388916,1550.0,29.52694320678711,,,,,,19.0,18.0,88.0,924.0,47.78314208984375,,,,,,,,,16002.580954539999,5675.68648409,
5809,2020,1,0,0,0,0,5783.0,4936.0,10719,0.5395092964172363,1550.0,29.52694320678711,,,,,,19.0,12.0,85.0,963.0,45.36604309082031,,,,,,,,,19505.089115579998,7708.61055864,
5809,2021,1,0,0,0,0,5716.0,5169.0,10885,0.5251263380050659,1550.0,29.52694320678711,,,,,,17.0,19.0,84.0,932.0,48.743560791015625,,,,,,,,,18644.814138,8924.6663745,
5809,2022,1,0,0,0,0,5699.0,5354.0,11053,0.5156066417694092,1550.0,29.52694320678711,,,,,,17.0,20.0,74.0,860.0,46.62879943847656,,,,,,,,,26319.884303,8966.506545,
5809,2023,1,0,0,0,0,5698.0,5528.0,11226,0.5075716972351074,1550.0,29.52694320678711,,,,,,,,,,,,,,,,,,,20670.015613,8835.60117635,
5842,1993,1,0,0,0,0,6403.0,1962.0,8365,0.7654513120651245,647.0,88.90043640136719,88.90043640136719,75.53630828857422,,,,,,,,,,,,,,,,,373.6300048828125,324.2799987792969,
5842,1994,1,0,0,0,0,6364.0,1991.0,8355,0.7616995573043823,647.0,88.90043640136719,88.90043640136719,,,,,,,,,,,,,,,,,,585.530029296875,584.030029296875,
5842,1995,1,0,0,0,0,6318.0,2023.0,8341,0.7574631571769714,647.0,88.90043640136719,88.90043640136719,,,,,,,,,,,,,,,,,,700.780029296875,601.0900268554688,
5842,1996,1,0,0,0,0,6269.0,2058.0,8327,0.7528521418571472,647.0,88.90043640136719,88.90043640136719,,,,,40.0,,63.0,1557.0,,,,,,,,,,957.510009765625,342.80999755859375,
5842,1997,1,0,0,0,0,6219.0,2095.0,8314,0.7480154037475586,647.0,88.90043640136719,88.90043640136719,,,,,41.0,,65.0,1490.0,,,,,,,,,,1900.6700439453125,401.989990234375,
5842,1998,1,0,0,0,0,6171.0,2132.0,8303,0.7432253360748291,647.0,88.90043640136719,88.90043640136719,,,,,43.0,,69.0,1586.0,,,,,,,,,,2088.360107421875,467.75,
5842,1999,1,0,0,0,0,6126.0,2169.0,8295,0.738517165184021,647.0,88.90043640136719,88.90043640136719,,,,,43.0,,72.0,1598.0,,,,,,,,,,2497.9599609375,497.9200134277344,
5842,2000,1,0,0,0,0,6089.0,2206.0,8295,0.7340566515922546,647.0,88.90043640136719,88.90043640136719,,,,,42.0,,64.0,1513.0,46.483219146728516,,,,,,,,,2523.824000000001,473.5460000000001,2473111.0
5842,2001,1,0,0,0,0,6058.0,2241.0,8299,0.729967474937439,647.0,88.90043640136719,88.90043640136719,,,,,39.0,,64.0,1526.0,44.62076187133789,,,,,,,,,3088.527,486.92,2456760.0
5842,2002,1,0,0,0,0,6026.0,2277.0,8303,0.7257617712020874,647.0,88.90043640136719,88.90043640136719,,,,,40.0,,63.0,1527.0,45.23908233642578,,,,,,,,,3950.962,701.645,4847228.0
5842,2003,1,0,0,0,0,5994.0,2311.0,8305,0.7217338681221008,647.0,88.90043640136719,88.90043640136719,,,,,39.0,,62.0,1608.0,45.49717330932617,,,,,,,,,3561.7,657.281,3092610.0
5842,2004,1,0,0,0,0,5961.0,2345.0,8306,0.7176739573478699,647.0,88.90043640136719,88.90043640136719,,,,,39.0,,69.0,1664.0,47.041664123535156,,,,,,,,,3744.804,1399.195,3637008.0
5842,2005,1,0,0,0,0,5927.0,2377.0,8304,0.7137523889541626,647.0,88.90043640136719,88.90043640136719,63.59377153093565,83.67094,45.29864,47.72324,37.0,13.0,69.0,1580.0,45.91294479370117,26.3,56.13718411552347,95.14018691588785,37.62200532386868,,10.469314079422382,,,4432.447,881.1740000000001,4556074.0
5842,2006,1,0,0,0,0,5891.0,2408.0,8299,0.7098445892333984,647.0,88.90043640136719,88.90043640136719,,,,,38.0,15.0,77.0,1575.0,46.36687469482422,25.72,,,,,,,,5069.760736,903.172736,4498964.0
5842,2007,1,0,0,0,0,5856.0,2437.0,8293,0.7061377167701721,647.0,88.90043640136719,88.90043640136719,,,,,,45.0,72.0,1624.0,46.6446647644043,25.14,,,,,,,,5207.682000000001,1046.733,4922969.0
5842,2008,1,0,0,0,0,5824.0,2463.0,8287,0.7027875185012817,647.0,88.90043640136719,88.90043640136719,,,,,38.0,46.0,67.0,1540.0,47.65909194946289,24.55,100.0,100.0,0.0,100.0,100.0,,,4278.181000000001,1130.574,4471614.0
5842,2009,1,0,0,0,0,5793.0,2488.0,8281,0.6995531916618347,647.0,88.90043640136719,88.90043640136719,,,,,38.0,46.0,73.0,1547.0,45.67021942138672,23.97,28.68,100.0,0.0,28.68,28.68,,,5492.826,1276.5259999999998,5114747.0
5842,2010,1,0,0,0,0,5765.0,2510.0,8275,0.6966767311096191,647.0,88.90043640136719,88.90043640136719,,,,,38.0,60.0,69.0,1550.0,46.46510696411133,23.38,28.76,100.0,0.0,28.76,28.76,,,7080.366,1343.327,6693952.0
5842,2011,1,0,0,0,0,5738.0,2530.0,8268,0.6940009593963623,647.0,88.90043640136719,88.90043640136719,,,,,38.0,63.0,73.0,1511.0,43.7891731262207,23.38,28.89,100.0,0.0,28.89,28.89,1921.0,,6532.771000000001,1371.766,
5842,2012,1,0,0,0,0,5713.0,2548.0,8261,0.6915627717971802,647.0,88.90043640136719,88.90043640136719,,,,,38.0,51.0,73.0,1584.0,46.370391845703125,21.4760167799517,29.1,100.0,5.16,29.1,29.1,2250.0,,5836.198,1605.4630000000002,
5842,2013,1,0,0,0,0,5689.0,2564.0,8253,0.6893250942230225,647.0,88.90043640136719,88.90043640136719,,,,,37.0,20.0,78.0,1532.0,45.745391845703125,21.4760167799517,28.21,100.0,0.0,28.21,28.21,2517.0,,19412.55,2284.44,
5842,2014,1,0,0,0,0,5668.0,2578.0,8246,0.6873635649681091,647.0,88.90043640136719,88.90043640136719,,,,,37.0,22.0,64.0,741.0,46.24778747558594,19.32841510195653,28.39,100.0,0.0,28.39,28.39,2523.0,,19049.037,3843.458,
5842,2015,1,0,0,0,0,5646.0,2592.0,8238,0.6853605508804321,647.0,88.90043640136719,88.90043640136719,,,,,37.0,26.0,69.0,911.0,46.507843017578125,19.32841510195653,30.5,0.0,30.5,30.5,30.5,2638.0,,13378.318359375,3001.86596679687,
5842,2016,1,0,0,0,0,5627.0,2603.0,8230,0.6837180852890015,647.0,88.90043640136719,88.90043640136719,,,,,37.0,,81.0,886.0,45.75166702270508,,100.0,100.0,0.0,100.0,100.0,,,10285.059000000001,2604.389,
5842,2017,1,0,0,0,0,5608.0,2613.0,8221,0.682155430316925,647.0,88.90043640136719,88.90043640136719,,,,,37.0,4.0,78.0,851.0,44.93582534790039,,,,,,,,,11387.084602355957,2527.789680480957,
5842,2018,1,0,0,0,0,4777.0,2111.0,6888,0.693524956703186,647.0,88.90043640136719,88.90043640136719,27.058102100260616,55.6,42.6,56.0,37.0,1.0,78.0,801.0,43.52466583251953,,,,,,,,,13227.901654000001,2647.758714,
5842,2019,1,0,0,0,0,4721.0,2154.0,6875,0.6866909265518188,647.0,88.90043640136719,,,,,,39.0,5.0,76.0,808.0,45.1837158203125,,,,,,,,,14448.580867,3296.141617,
5842,2020,1,0,0,0,0,4697.0,2202.0,6899,0.6808233261108398,647.0,88.90043640136719,,,,,,39.0,6.0,80.0,785.0,43.09577941894531,,,,,,,,,15114.577511,3802.9906819999997,
5842,2021,1,0,0,0,0,4644.0,2362.0,7006,0.6628603935241699,647.0,88.90043640136719,,,,,,38.0,6.0,87.0,810.0,45.92789077758789,,,,,,,,,22421.460486999997,5044.015799,
5842,2022,1,0,0,0,0,4630.0,2484.0,7114,0.6508293747901917,647.0,88.90043640136719,,,,,,38.0,7.0,72.0,755.0,45.04131317138672,,,,,,,,,21615.053492,4900.499743,
5842,2023,1,0,0,0,0,4629.0,2596.0,7225,0.6406920552253723,647.0,88.90043640136719,,,,,,,,,,,,,,,,,,,24016.049756,4864.961547,
5890,1993,1,0,0,0,0,12636.0,5764.0,18400,0.6867391467094421,1462.0,95.68061828613281,95.68061828613281,43.53982162475586,,,,,,,,,,,,,,,,,985.02001953125,962.02001953125,
5890,1994,1,0,0,0,0,12497.0,5748.0,18245,0.6849547624588013,1462.0,95.68061828613281,95.68061828613281,,,,,,,,,,,,,,,,,,1068.52001953125,1059.3399658203125,
5890,1995,1,0,0,0,0,12409.0,5737.0,18146,0.6838421821594238,1462.0,95.68061828613281,95.68061828613281,,,,,,,,,,,,,,,,,,1384.3199462890625,1218.989990234375,
5890,1996,1,0,0,0,0,12372.0,5732.0,18104,0.683384895324707,1462.0,95.68061828613281,95.68061828613281,,,,,68.0,,187.0,4918.0,,,,,,,,,,1950.1700439453125,838.739990234375,
5890,1997,1,0,0,0,0,12384.0,5732.0,18116,0.6835945844650269,1462.0,95.68061828613281,95.68061828613281,,,,,68.0,,196.0,4847.0,,,,,,,,,,0.0,0.0,
5890,1998,1,0,0,0,0,12446.0,5739.0,18185,0.6844102144241333,1462.0,95.68061828613281,95.68061828613281,,,,,71.0,,217.0,5330.0,,,,,,,,,,4221.10009765625,1340.530029296875,
5890,1999,1,0,0,0,0,12557.0,5754.0,18311,0.6857626438140869,1462.0,95.68061828613281,95.68061828613281,,,,,70.0,,201.0,5126.0,,,,,,,,,,3356.77001953125,940.510009765625,
5890,2000,1,0,0,0,0,12716.0,5775.0,18491,0.6876859068870544,1462.0,95.68061828613281,95.68061828613281,,,,,71.0,,199.0,5154.0,49.09981918334961,,,,,,,,,4957.101,1205.662,2669622.0
5890,2001,1,0,0,0,0,12922.0,5808.0,18730,0.6899092197418213,1462.0,95.68061828613281,95.68061828613281,,,,,68.0,,211.0,4953.0,46.737247467041016,,,,,,,,,4270.122,778.953,4202319.0
5890,2002,1,0,0,0,0,13152.0,5854.0,19006,0.6919919848442078,1462.0,95.68061828613281,95.68061828613281,,,,,66.0,,194.0,4644.0,47.79526138305664,,,,,,,,,4978.204,1287.826,3338180.0
5890,2003,1,0,0,0,0,13401.0,5916.0,19317,0.6937412619590759,1462.0,95.68061828613281,95.68061828613281,,,,,51.0,,173.0,4476.0,48.69733810424805,,,,,,,,,4976.05,1020.521,5087196.0
5890,2004,1,0,0,0,0,13664.0,5994.0,19658,0.6950859427452087,1462.0,95.68061828613281,95.68061828613281,,,,,65.0,,187.0,4697.0,45.8008918762207,,,,,,,,,5548.225,1061.055,4517638.0
5890,2005,1,0,0,0,0,13934.0,6091.0,20025,0.695830225944519,1462.0,95.68061828613281,95.68061828613281,40.628735066630085,70.25342,53.85247,59.792590000000004,64.0,30.0,195.0,4763.0,47.80652618408203,18.23,43.71304690579424,98.30618892508143,20.033907883582934,,17.461568782026017,,,7131.381,1429.727,6241210.0
5890,2006,1,0,0,0,0,14202.0,6205.0,20407,0.6959376931190491,1462.0,95.68061828613281,95.68061828613281,,,,,66.0,45.0,218.0,4691.0,46.82272720336914,17.83,,,,,,,,6475.651529999999,1311.24753,
5890,2007,1,0,0,0,0,14457.0,6318.0,20775,0.6958844661712646,1462.0,95.68061828613281,95.68061828613281,,,,,,67.0,189.0,4708.0,46.360687255859375,17.42,,,,,,,,7181.348,1403.766,6927317.0
5890,2008,1,0,0,0,0,14724.0,6431.0,21155,0.6960057020187378,1462.0,95.68061828613281,95.68061828613281,,,,,66.0,71.0,199.0,4745.0,47.581031799316406,17.02,27.46,99.75,0.1,27.43,27.46,,,9238.643,2080.178,7466107.0
5890,2009,1,0,0,0,0,14997.0,6544.0,21541,0.6962072253227234,1462.0,95.68061828613281,95.68061828613281,,,,,65.0,71.0,203.0,4716.0,47.18157196044922,16.61,27.45,99.75,0.1,27.43,27.45,,,11031.871,2195.284,10337679.0
5890,2010,1,0,0,0,0,15282.0,6657.0,21939,0.6965677738189697,1462.0,95.68061828613281,95.68061828613281,,,,,66.0,69.0,205.0,4685.0,45.698062896728516,16.21,27.64,100.0,0.0,27.64,27.64,,,12950.729,2868.8959999999997,17915476.0
5890,2011,1,0,0,0,0,15561.0,6769.0,22330,0.6968652009963989,1462.0,95.68061828613281,95.68061828613281,,,,,66.0,74.0,204.0,4728.0,46.06939697265625,15.6349334153949,27.62,100.0,0.02,27.62,27.62,6173.0,,12959.585,3028.58,
5890,2012,1,0,0,0,0,15849.0,6881.0,22730,0.6972723007202148,1462.0,95.68061828613281,95.68061828613281,,,,,66.0,65.0,208.0,4580.0,46.20576095581055,15.6349334153949,100.0,0.0,100.0,100.0,100.0,6360.0,,14900.905,3083.6910000000003,
5890,2013,1,0,0,0,0,16149.0,6993.0,23142,0.6978221535682678,1462.0,95.68061828613281,95.68061828613281,,,,,64.0,63.0,210.0,4671.0,45.176048278808594,15.6349334153949,53.14,100.0,31.04,29.96,31.99,6510.0,,19930.947,3355.057,
5890,2014,1,0,0,0,0,16450.0,7105.0,23555,0.6983655095100403,1462.0,95.68061828613281,95.68061828613281,,,,,64.0,44.0,190.0,3119.0,44.26259231567383,14.944211963504966,53.14,100.0,31.04,29.96,31.99,6856.0,,24487.274999999994,4314.773999999999,
5890,2015,1,0,0,0,0,16742.0,7216.0,23958,0.6988062262535095,1462.0,95.68061828613281,95.68061828613281,,,,,63.0,44.0,196.0,3164.0,43.51654052734375,14.944211963504966,53.14,100.0,31.04,29.96,31.99,7114.0,777.0,21313.44140625,4662.9619140625,
5890,2016,1,0,0,0,0,17057.0,7327.0,24384,0.6995160579681396,1462.0,95.68061828613281,95.68061828613281,,,,,65.0,40.0,235.0,3001.0,44.161216735839844,,49.41,100.0,29.83,26.17,27.87,,1408.0,21107.431,4620.553,
5890,2017,1,0,0,0,0,17371.0,7438.0,24809,0.700189471244812,1462.0,95.68061828613281,95.68061828613281,,,,,65.0,34.0,235.0,3463.0,44.53357696533203,,,,,,,,,28145.215377807617,5784.57975769043,
5890,2018,1,0,0,0,0,15770.0,6768.0,22538,0.6997071504592896,1462.0,95.68061828613281,95.68061828613281,15.98731165741475,45.0,42.5,47.8,65.0,38.0,216.0,2752.0,43.34245681762695,,,,,,,,,28808.077997,5702.7960330000005,
5890,2019,1,0,0,0,0,16120.0,6930.0,23050,0.6993492245674133,1462.0,95.68061828613281,,,,,,66.0,39.0,212.0,2825.0,43.46528625488281,,,,,,,,,28633.30262673,6525.61328201,
5890,2020,1,0,0,0,0,16397.0,7104.0,23501,0.6977149844169617,1462.0,95.68061828613281,,,,,,66.0,30.0,219.0,2820.0,44.1707878112793,,,,,,,,,30859.22032218,6338.9444466,
5890,2021,1,0,0,0,0,16212.0,7658.0,23870,0.6791788935661316,1462.0,95.68061828613281,,,,,,64.0,46.0,213.0,2855.0,44.733036041259766,,,,,,,,,34425.414933,7201.1841592,
5890,2022,1,0,0,0,0,16162.0,8077.0,24239,0.6667766571044922,1462.0,95.68061828613281,,,,,,64.0,42.0,212.0,2719.0,43.34955596923828,,,,,,,,,36364.812971,7583.68884825,
5890,2023,1,0,0,0,0,16160.0,8457.0,24617,0.6564569473266602,1462.0,95.68061828613281,,,,,,,,,,,,,,,,,,,45127.851001,10468.10776225,
5895,1993,1,0,0,0,0,10687.0,11162.0,21849,0.4891299307346344,67.0,161.76661682128906,161.76661682128906,68.86083221435547,,,,,,,,,,,,,,,,,750.2000122070312,744.3900146484375,
5895,1994,1,0,0,0,0,11126.0,11453.0,22579,0.49275875091552734,67.0,161.76661682128906,161.76661682128906,,,,,,,,,,,,,,,,,,1271.8800048828125,1163.9000244140625,
5895,1995,1,0,0,0,0,11523.0,11660.0,23183,0.49704524874687195,67.0,161.76661682128906,161.76661682128906,,,,,,,,,,,,,,,,,,1392.050048828125,1225.27001953125,
5895,1996,1,0,0,0,0,11884.0,11804.0,23688,0.5016885995864868,67.0,161.76661682128906,161.76661682128906,,,,,87.0,,283.0,7646.0,,,,,,,,,,2957.659912109375,905.27001953125,
5895,1997,1,0,0,0,0,12213.0,11898.0,24111,0.5065323114395142,67.0,161.76661682128906,161.76661682128906,,,,,81.0,,183.0,4713.0,,,,,,,,,,0.0,0.0,
5895,1998,1,0,0,0,0,12517.0,11964.0,24481,0.5112944841384888,67.0,161.76661682128906,161.76661682128906,,,,,97.0,,345.0,8556.0,,,,,,,,,,4791.64013671875,1521.760009765625,
5895,1999,1,0,0,0,0,12801.0,12018.0,24819,0.5157741904258728,67.0,161.76661682128906,161.76661682128906,,,,,99.0,,304.0,8012.0,,,,,,,,,,6665.2998046875,2605.169921875,
5895,2000,1,0,0,0,0,13072.0,12081.0,25153,0.5196994543075562,67.0,161.76661682128906,161.76661682128906,,,,,95.0,,272.0,7444.0,44.57859802246094,,,,,,,,,8718.199,2031.631,5351826.0
5895,2001,1,0,0,0,0,13336.0,12165.0,25501,0.5229598879814148,67.0,161.76661682128906,161.76661682128906,,,,,80.0,,225.0,6347.0,44.56178283691406,,,,,,,,,0.0,0.0,4323960.0
5895,2002,1,0,0,0,0,13601.0,12256.0,25857,0.5260084271430969,67.0,161.76661682128906,161.76661682128906,,,,,79.0,,240.0,6704.0,44.73227310180664,,,,,,,,,8741.292,2022.217,8805730.0
5895,2003,1,0,0,0,0,13861.0,12358.0,26219,0.5286624431610107,67.0,161.76661682128906,161.76661682128906,,,,,44.0,,233.0,6649.0,44.805721282958984,,,,,,,,,8156.602,1340.576,9990004.0
5895,2004,1,0,0,0,0,14114.0,12473.0,26587,0.530860960483551,67.0,161.76661682128906,161.76661682128906,,,,,67.0,,214.0,6349.0,44.1556282043457,,,,,,,,,7366.045,2095.646,4955630.0
5895,2005,1,0,0,0,0,14357.0,12602.0,26959,0.5325494408607483,67.0,161.76661682128906,161.76661682128906,64.29899076201116,79.896,48.023379999999996,48.95287,61.0,40.0,246.0,6771.0,46.02057647705078,26.97,54.71571906354515,90.89650398061613,20.8993853121967,,43.54515050167224,,,10972.332,2680.607,9963929.0
5895,2006,1,0,0,0,0,14602.0,12725.0,27327,0.5343433022499084,67.0,161.76661682128906,161.76661682128906,,,,,62.0,55.0,253.0,6367.0,43.5453987121582,26.37,,,,,,,,10075.472611,3056.572405,
5895,2007,1,0,0,0,0,14853.0,12855.0,27708,0.5360545516014099,67.0,161.76661682128906,161.76661682128906,,,,,51.0,59.0,249.0,6652.0,44.65177917480469,25.77,,,,,,,,12399.597,1642.079,8879940.0
5895,2008,1,0,0,0,0,15106.0,12992.0,28098,0.5376183390617371,67.0,161.76661682128906,161.76661682128906,,,,,52.0,48.0,228.0,6983.0,45.69720458984375,25.17,0.0,0.0,0.0,0.0,0.0,,,11917.932,2223.22,9541407.0
5895,2009,1,0,0,0,0,15350.0,13127.0,28477,0.5390315055847168,67.0,161.76661682128906,161.76661682128906,,,,,52.0,55.0,218.0,7275.0,45.40990447998047,24.57,0.0,0.0,0.0,0.0,0.0,,,14992.464,2796.6730000000002,11653786.0
5895,2010,1,0,0,0,0,15586.0,13259.0,28845,0.5403362512588501,67.0,161.76661682128906,161.76661682128906,,,,,57.0,57.0,270.0,7703.0,44.686012268066406,23.97,0.0,0.0,0.0,0.0,0.0,,,15766.077000000001,2895.632,13902035.0
5895,2011,1,0,0,0,0,15828.0,13400.0,29228,0.541535496711731,67.0,161.76661682128906,161.76661682128906,,,,,58.0,54.0,284.0,7971.0,44.07011413574219,23.97,68.76,100.0,29.55,76.2,89.4,5331.0,,25669.195,3788.298,
5895,2012,1,0,0,0,0,16071.0,13543.0,29614,0.5426825284957886,67.0,161.76661682128906,161.76661682128906,,,,,58.0,34.0,283.0,7921.0,44.156471252441406,22.73171452340629,59.13,100.0,0.07,42.47,75.76,6737.0,,23483.517,5093.263000000001,
5895,2013,1,0,0,0,0,16304.0,13685.0,29989,0.5436660051345825,67.0,161.76661682128906,161.76661682128906,,,,,54.0,88.0,301.0,8192.0,44.79969787597656,21.973468691567575,59.81,98.71,3.32,59.81,60.42,7159.0,1362.0,29663.741751,5322.058,
5895,2014,1,0,0,0,0,16535.0,13831.0,30366,0.5445234775543213,67.0,161.76661682128906,161.76661682128906,,,,,54.0,75.0,290.0,5220.0,45.96186828613281,22.131788796700647,60.58,98.91,0.0,61.35,60.58,7402.0,1439.0,33576.233079000005,9089.781,
5895,2015,1,0,0,0,0,16760.0,13978.0,30738,0.5452534556388855,67.0,161.76661682128906,161.76661682128906,,,,,53.0,74.0,289.0,5441.0,43.672096252441406,23.14801292,59.68,98.85,0.25,74.79,59.68,10939.0,1463.0,30364.9921875,10463.6943359375,
5895,2016,1,0,0,0,0,16992.0,14137.0,31129,0.5458575487136841,67.0,161.76661682128906,161.76661682128906,,,,,56.0,67.0,363.0,6209.0,41.547019958496094,,39.57,77.69,0.0,53.94,39.34,,1506.0,34492.248999999996,10962.788999999999,
5895,2017,1,0,0,0,0,17212.0,14291.0,31503,0.5463606715202332,67.0,161.76661682128906,161.76661682128906,,,,,70.0,68.0,368.0,5509.0,41.404781341552734,,,,,,,,,38820.97444821771,11025.233328819275,
5895,2018,1,0,0,0,0,13478.0,11173.0,24651,0.5467526912689209,67.0,161.76661682128906,161.76661682128906,45.68019291535008,58.0,30.5,42.2,71.0,68.0,373.0,5640.0,40.91636657714844,,,,,,,,,36093.58442,13514.975995,
5895,2019,1,0,0,0,0,13604.0,11606.0,25210,0.5396271347999573,67.0,161.76661682128906,,,,,,75.0,66.0,368.0,5807.0,41.39390182495117,,,,,,,,,40107.42503226,14348.75876162,
5895,2020,1,0,0,0,0,13691.0,12012.0,25703,0.5326615571975708,67.0,161.76661682128906,,,,,,75.0,39.0,349.0,5322.0,41.17863082885742,,,,,,,,,44151.33296863,14629.58542707,
5895,2021,1,0,0,0,0,13536.0,12570.0,26106,0.5185015201568604,67.0,161.76661682128906,,,,,,74.0,67.0,336.0,4607.0,41.76504135131836,,,,,,,,,50709.358672,15042.0235065,
5895,2022,1,0,0,0,0,13495.0,13015.0,26510,0.5090531706809998,67.0,161.76661682128906,,,,,,73.0,77.0,341.0,4904.0,41.95170211791992,,,,,,,,,53585.838963,15177.597946999998,
5895,2023,1,0,0,0,0,13493.0,13431.0,26924,0.5011513829231262,67.0,161.76661682128906,,,,,,,,,,,,,,,,,,,63405.590212,21703.61343775,
8001,1993,0,1,0,0,0,3615.0,1069062.0,1072677,0.0033700731582939625,32.0,0.0,0.0,27.75786018371582,,,,,,,,,,,,,,,,,39862.58984375,39862.58984375,
8001,1994,0,1,0,0,0,3695.0,1078197.0,1081892,0.003415313083678484,32.0,0.0,0.0,,,,,,,,,,,,,,,,,,54293.4296875,54293.4296875,
8001,1995,0,1,0,0,0,3765.0,1085153.0,1088918,0.003457560669630766,32.0,0.0,0.0,,,,,,,,,,,,,,,,,,94137.2265625,90323.21875,
8001,1996,0,1,0,0,0,3826.0,1090450.0,1094276,0.003496375633403659,32.0,0.0,0.0,,,,,830.0,,12165.0,264360.0,,,,,,,,,,123887.7109375,50647.171875,
8001,1997,0,1,0,0,0,3870.0,1094719.0,1098589,0.00352270039729774,32.0,0.0,0.0,,,,,796.0,,11224.0,242229.0,,,,,,,,,,280926.03125,172028.234375,
8001,1998,0,1,0,0,0,3912.0,1098640.0,1102552,0.003548132022842765,32.0,0.0,0.0,,,,,967.0,,14230.0,287971.0,,,,,,,,,,264657.96875,125616.3515625,
8001,1999,0,1,0,0,0,3943.0,1102819.0,1106762,0.003562644822522998,32.0,0.0,0.0,,,,,1014.0,,14034.0,284841.0,,,,,,,,,,284969.84375,148830.4375,
8001,2000,0,1,0,0,0,3967.0,1107670.0,1111637,0.0035686108749359846,32.0,0.0,0.0,,,,,1024.0,,13926.0,280426.0,49.1563720703125,,,,,,,,,341136.43383,134092.8163,313173312.0
8001,2001,0,1,0,0,0,3981.0,1113411.0,1117392,0.003562760539352894,32.0,0.0,0.0,,,,,987.0,,14187.0,282122.0,49.51164627075195,,,,,,,,,307069.995,143269.985,240151792.0
8001,2002,0,1,0,0,0,3994.0,1119868.0,1123862,0.0035538170486688614,32.0,0.0,0.0,,,,,1043.0,,14166.0,294986.0,49.278995513916016,,,,,,,,,383441.274,155331.083,306320224.0
8001,2003,0,1,0,0,0,4012.0,1126952.0,1130964,0.003547416301444173,32.0,0.0,0.0,,,,,789.0,,12731.0,279800.0,49.465824127197266,,,,,,,,,400214.5390000001,163748.626,334626784.0
8001,2004,0,1,0,0,0,4033.0,1134512.0,1138545,0.0035422402434051037,32.0,0.0,0.0,,,,,867.0,,11627.0,244370.0,49.723976135253906,,,,,,,,,458785.808,199844.812,383651680.0
8001,2005,0,1,0,0,0,4047.0,1142451.0,1146498,0.003529879730194807,32.0,0.0,0.0,17.71819019849722,37.200070000000004,3.37468,6.90614,906.0,4263.0,12889.0,271491.0,50.06636428833008,15.59,96.64254025525715,96.96289236741212,4.625,,93.61943874652523,,,540769.334,221568.012,437298816.0
8001,2006,0,1,0,0,0,4067.0,1150575.0,1154642,0.0035223038867115974,32.0,0.0,0.0,,,,,956.0,4248.0,13189.0,271711.0,49.72616195678711,15.42,,,,,,,213958.0,574449.025,261147.631,417851328.0
8001,2007,0,1,0,0,0,4089.0,1158766.0,1162855,0.0035163455177098513,32.0,0.0,0.0,,,,,799.0,4380.0,13669.0,259872.0,49.346336364746094,15.24,,,,,,,221019.0,612225.0,282023.0,464996384.0
8001,2008,0,1,0,0,0,4106.0,1166834.0,1170940,0.00350658455863595,32.0,0.0,0.0,,,,,792.0,5007.0,12996.0,252548.0,49.63068389892578,15.07,99.09,99.39,35.71,97.75,93.53,,,815225.435,364762.323,696200384.0
8001,2009,0,1,0,0,0,4128.0,1174699.0,1178827,0.0035017861519008875,32.0,0.0,0.0,,,,,714.0,4677.0,12600.0,255362.0,49.829586029052734,14.9,100.0,100.0,100.0,97.63,94.42,,239494.0,1032046.173,466516.394,937882816.0
8001,2010,0,1,0,0,0,4148.0,1182264.0,1186412,0.0034962559584528208,32.0,0.0,0.0,,,,,917.0,4345.0,12080.0,246830.0,49.96284103393555,14.72,98.99,98.99,97.85,98.27,94.38,,243542.0,1184132.1600000001,533748.914,1170600320.0
8001,2011,0,1,0,0,0,4164.0,1189503.0,1193667,0.0034884100314229727,32.0,0.0,0.0,,,,,917.0,4648.0,12554.0,253246.0,49.45566940307617,14.329908425610647,100.0,100.0,100.0,98.51,93.8,289612.0,247600.0,1365771.928314,581945.0839280001,
8001,2012,0,1,0,0,0,4180.0,1196333.0,1200513,0.0034818449057638645,32.0,0.0,0.0,,,,,916.0,4459.0,12082.0,245690.0,49.87821960449219,14.329908425610647,100.0,100.0,100.0,98.56,93.89,264315.0,254561.0,1495144.5855629998,768263.1914169999,
8001,2013,0,1,0,0,0,4197.0,1202749.0,1206946,0.0034773717634379864,32.0,0.0,0.0,,,,,671.0,4475.0,12135.0,244129.0,49.727901458740234,14.020800821070335,67.04,67.54,20.81,67.04,64.02,271290.06341955956,266397.0,1573491.8761979998,764841.6597229999,
8001,2014,0,1,0,0,0,4214.0,1208729.0,1212943,0.0034741945564746857,32.0,0.0,0.0,,,,,674.0,4160.0,11082.0,246666.0,50.389808654785156,12.658767203120133,66.21,66.53,46.31,66.44,63.27,271290.0,278366.0,1761377.2088660002,817644.640189,
8001,2015,0,1,0,0,0,4222.0,1214253.0,1218475,0.0034649870358407497,32.0,0.0,0.0,,,,,650.0,3891.0,11051.0,246088.0,50.08236312866211,12.658767203120133,99.52,99.52,99.55,98.74,94.84,271290.0,288896.0,1900356.25,860392.4375,
8001,2016,0,1,0,0,0,4234.0,1219382.0,1223616,0.003460235893726349,32.0,0.0,0.0,,,,,721.0,3650.0,12013.0,244890.0,50.78293228149414,,100.0,100.0,100.0,98.83,95.74,,299021.0,2207049.368342,1020967.350604,
8001,2017,0,1,0,0,0,4248.0,1224023.0,1228271,0.0034585201647132635,32.0,0.0,0.0,,,,,619.0,3529.0,12291.0,249980.0,50.282588958740234,,,,,,,,,2487146.0810546875,1165377.5498046875,
8001,2018,0,1,0,0,0,1035.0,1205284.0,1206319,0.0008579820278100669,32.0,0.0,0.0,9.051000008964671,17.4,1.0,2.1,613.0,3456.0,11821.0,242429.0,50.33881759643555,,,,,,,,,2731424.263743,1304027.19276,
8001,2019,0,1,0,0,0,819.0,1242237.0,1243056,0.0006588600808754563,32.0,0.0,,,,,,621.0,4064.0,12423.0,251073.0,50.393978118896484,,,,,,,,,2910706.38484409,1358240.05230729,
8001,2020,0,1,0,0,0,604.0,1273646.0,1274250,0.00047400430776178837,32.0,0.0,,,,,,631.0,3923.0,12152.0,251455.0,50.490604400634766,,,,,,,,,2783219.21603687,1228513.8009977601,
8001,2021,0,1,0,0,0,611.0,1296471.0,1297082,0.0004710573412012309,32.0,0.0,,,,,,618.0,4164.0,11836.0,249043.0,50.6367301940918,,,,,,,,,3069818.78322,1426386.9422280001,
8001,2022,0,1,0,0,0,617.0,1311856.0,1312473,0.0004701049183495343,32.0,0.0,,,,,,617.0,4526.0,12170.0,246086.0,50.515506744384766,,,,,,,,,3614595.311898,1762112.988872,
8001,2023,0,1,0,0,0,621.0,1326588.0,1327209,0.0004678991681430489,32.0,0.0,,,,,,,,,,,,,,,,,,,4164323.847247,1945742.623387,
8296,1993,0,1,0,0,0,2292.0,16562.0,18854,0.12156571447849274,87.0,13.787675857543945,13.787675857543945,35.109344482421875,,,,,,,,,,,,,,,,,664.5599975585938,664.5599975585938,
8296,1994,0,1,0,0,0,2428.0,17352.0,19780,0.12275025248527527,87.0,13.787675857543945,13.787675857543945,,,,,,,,,,,,,,,,,,1041.97998046875,692.030029296875,
8296,1995,0,1,0,0,0,2550.0,18226.0,20776,0.12273777276277542,87.0,13.787675857543945,13.787675857543945,,,,,,,,,,,,,,,,,,1048.780029296875,900.6099853515625,
8296,1996,0,1,0,0,0,2659.0,19144.0,21803,0.12195569276809692,87.0,13.787675857543945,13.787675857543945,,,,,17.0,,219.0,5556.0,,,,,,,,,,2091.610107421875,446.2799987792969,
8296,1997,0,1,0,0,0,2756.0,20122.0,22878,0.12046507745981216,87.0,13.787675857543945,13.787675857543945,,,,,18.0,,224.0,5650.0,,,,,,,,,,0.0,0.0,
8296,1998,0,1,0,0,0,2846.0,21143.0,23989,0.11863771080970764,87.0,13.787675857543945,13.787675857543945,,,,,17.0,,206.0,5426.0,,,,,,,,,,4085.89990234375,849.5499877929688,
8296,1999,0,1,0,0,0,2932.0,22213.0,25145,0.11660369485616684,87.0,13.787675857543945,13.787675857543945,,,,,17.0,,237.0,5935.0,,,,,,,,,,2873.719970703125,1325.4599609375,
8296,2000,0,1,0,0,0,3006.0,23313.0,26319,0.11421406269073486,87.0,13.787675857543945,13.787675857543945,,,,,17.0,,242.0,6223.0,47.40938186645508,,,,,,,,,4385.139999999999,1394.344,2783832.0
8296,2001,0,1,0,0,0,3077.0,24422.0,27499,0.11189498007297516,87.0,13.787675857543945,13.787675857543945,,,,,14.0,,232.0,5937.0,48.2762336730957,,,,,,,,,4680.786,1532.455,4457196.0
8296,2002,0,1,0,0,0,3143.0,25519.0,28662,0.10965738445520401,87.0,13.787675857543945,13.787675857543945,,,,,14.0,,220.0,6531.0,46.9281005859375,,,,,,,,,5238.909,1553.429,4907268.0
8296,2003,0,1,0,0,0,3205.0,26600.0,29805,0.10753229260444641,87.0,13.787675857543945,13.787675857543945,,,,,9.0,,263.0,8196.0,46.586795806884766,,,,,,,,,4501.282999999999,1187.385,3062162.0
8296,2004,0,1,0,0,0,3268.0,27650.0,30918,0.10569894313812256,87.0,13.787675857543945,13.787675857543945,,,,,15.0,,278.0,7225.0,47.445980072021484,,,,,,,,,5076.387,1142.126,6002348.0
8296,2005,0,1,0,0,0,3325.0,28660.0,31985,0.10395497828722,87.0,13.787675857543945,13.787675857543945,39.193043460344015,78.30475,29.99628,91.60408,14.0,59.0,287.0,7407.0,47.20182418823242,24.93,69.08391070053888,75.8151700087184,18.289473684210527,,0.6312548113933795,,,6757.904000000001,1602.456,5090597.0
8296,2006,0,1,0,0,0,3381.0,29637.0,33018,0.10239869356155396,87.0,13.787675857543945,13.787675857543945,,,,,14.0,68.0,291.0,7431.0,47.21361541748047,24.66,,,,,,,3830.0,6998.206843,2705.126843,4421200.0
8296,2007,0,1,0,0,0,3437.0,30591.0,34028,0.10100505501031876,87.0,13.787675857543945,13.787675857543945,,,,,13.0,69.0,301.0,7459.0,46.73298263549805,24.38,,,,,,,4135.0,8655.885000000002,3220.078,5941819.0
8296,2008,0,1,0,0,0,3490.0,31556.0,35046,0.09958340227603912,87.0,13.787675857543945,13.787675857543945,,,,,13.0,80.0,319.0,7703.0,46.96095275878906,24.1,31.54,33.34,3.13,31.27,3.64,,4341.0,10607.866,3048.366,9131503.0
8296,2009,0,1,0,0,0,3551.0,32531.0,36082,0.09841471910476685,87.0,13.787675857543945,13.787675857543945,,,,,14.0,100.0,325.0,8357.0,47.55437088012695,23.83,31.03,33.41,2.68,30.74,3.53,,5008.0,14920.827,4518.165999999999,14849545.0
8296,2010,0,1,0,0,0,3613.0,33518.0,37131,0.09730414301156998,87.0,13.787675857543945,13.787675857543945,,,,,15.0,82.0,330.0,8418.0,48.457000732421875,23.55,34.48,35.19,8.95,34.14,4.08,,5889.0,14209.785000000002,5055.1990000000005,16114007.0
8296,2011,0,1,0,0,0,3683.0,34526.0,38209,0.09639090299606323,87.0,13.787675857543945,13.787675857543945,,,,,15.0,82.0,355.0,8203.0,47.93880081176758,23.55,34.9,35.62,8.95,33.68,4.91,10664.0,6678.0,15097.992,6402.005000000001,
8296,2012,0,1,0,0,0,3749.0,35551.0,39300,0.09539440274238586,87.0,13.787675857543945,13.787675857543945,,,,,17.0,85.0,329.0,8187.0,48.591251373291016,22.252262217383286,35.9,36.44,8.99,35.75,9.07,10873.0,7628.0,20434.669018,6878.603278,
8296,2013,0,1,0,0,0,3822.0,36598.0,40420,0.09455715119838715,87.0,13.787675857543945,13.787675857543945,,,,,17.0,87.0,357.0,8453.0,48.11280059814453,20.027035995644958,12.77,12.81,10.77,12.6,1.19,11096.119029943084,8932.0,33351.563402,9021.137102,
8296,2014,0,1,0,0,0,3897.0,37658.0,41555,0.09377932548522949,87.0,13.787675857543945,13.787675857543945,,,,,18.0,83.0,338.0,8371.0,48.49764633178711,19.982844972707817,59.84,60.61,1.23,59.86,42.19,11096.0,9382.0,42128.142367,13836.613786999998,
8296,2015,0,1,0,0,0,3981.0,38739.0,42720,0.09318820387125015,87.0,13.787675857543945,13.787675857543945,,,,,20.0,126.0,424.0,9977.0,48.40425109863281,19.73953405,65.62,66.97,1.97,64.1,42.02,11096.0,10643.0,53549.22265625,19058.703125,
8296,2016,0,1,0,0,0,4062.0,39834.0,43896,0.09253690391778946,87.0,13.787675857543945,13.787675857543945,,,,,21.0,117.0,496.0,10420.0,49.76240921020508,,68.42,70.27,6.64,67.13,44.04,,11692.0,47502.517991,19781.11112,
8296,2017,0,1,0,0,0,4149.0,40944.0,45093,0.09200984984636307,87.0,13.787675857543945,13.787675857543945,,,,,22.0,125.0,508.0,11032.0,49.32027816772461,,,,,,,,,51229.606201171875,21933.742431640625,
8296,2018,0,1,0,0,0,4541.0,56167.0,60708,0.07480068504810333,87.0,13.787675857543945,13.787675857543945,13.485658196095539,23.8,3.3,12.9,22.0,123.0,501.0,11128.0,48.93587875366211,,,,,,,,,51155.38407958,22637.52201156,
8296,2019,0,1,0,0,0,4730.0,59530.0,64260,0.07360722124576569,87.0,13.787675857543945,,,,,,22.0,132.0,563.0,11793.0,49.20725631713867,,,,,,,,,59533.30981948,24177.81293428,
8296,2020,0,1,0,0,0,4862.0,62159.0,67021,0.07254442572593689,87.0,13.787675857543945,,,,,,21.0,147.0,556.0,11976.0,48.57111740112305,,,,,,,,,61427.598887,23291.75637285,
8296,2021,0,1,0,0,0,4924.0,63311.0,68235,0.07216238230466843,87.0,13.787675857543945,,,,,,21.0,130.0,571.0,12064.0,47.5515251159668,,,,,,,,,68219.019245,26982.994251,
8296,2022,0,1,0,0,0,4957.0,64088.0,69045,0.07179375737905502,87.0,13.787675857543945,,,,,,21.0,155.0,561.0,11918.0,48.319068908691406,,,,,,,,,92502.021342,39337.14371475,
8296,2023,0,1,0,0,0,4997.0,64823.0,69820,0.07156974822282791,87.0,13.787675857543945,,,,,,,,,,,,,,,,,,,103910.964643,45594.6811765,
8433,1993,0,1,0,0,0,4895.0,72679.0,77574,0.06310103833675385,10.0,18.328872680664062,18.328872680664062,35.89087677001953,,,,,,,,,,,,,,,,,2380.159912109375,2379.35009765625,
8433,1994,0,1,0,0,0,5016.0,75110.0,80126,0.06260140240192413,10.0,18.328872680664062,18.328872680664062,,,,,,,,,,,,,,,,,,1759.25,1758.3599853515625,
8433,1995,0,1,0,0,0,5119.0,77295.0,82414,0.06211323291063309,10.0,18.328872680664062,18.328872680664062,,,,,,,,,,,,,,,,,,2101.590087890625,2100.530029296875,
8433,1996,0,1,0,0,0,5211.0,79150.0,84361,0.061770249158144,10.0,18.328872680664062,18.328872680664062,,,,,50.0,,755.0,16930.0,,,,,,,,,,4273.47021484375,1471.5899658203125,
8433,1997,0,1,0,0,0,5298.0,80870.0,86168,0.06148454174399376,10.0,18.328872680664062,18.328872680664062,,,,,45.0,,711.0,16630.0,,,,,,,,,,0.0,0.0,
8433,1998,0,1,0,0,0,5381.0,82511.0,87892,0.0612228661775589,10.0,18.328872680664062,18.328872680664062,,,,,57.0,,822.0,20144.0,,,,,,,,,,0.0,0.0,
8433,1999,0,1,0,0,0,5466.0,84182.0,89648,0.06097180023789406,10.0,18.328872680664062,18.328872680664062,,,,,61.0,,830.0,20498.0,,,,,,,,,,0.0,0.0,
8433,2000,0,1,0,0,0,5553.0,85916.0,91469,0.060709092766046524,10.0,18.328872680664062,18.328872680664062,,,,,63.0,,885.0,19880.0,46.939231872558594,,,,,,,,,0.0,0.0,
8433,2001,0,1,0,0,0,5642.0,87702.0,93344,0.06044309213757515,10.0,18.328872680664062,18.328872680664062,,,,,60.0,,846.0,18729.0,46.8947639465332,,,,,,,,,10432.03,2072.515,9308166.0
8433,2002,0,1,0,0,0,5736.0,89532.0,95268,0.06020909547805786,10.0,18.328872680664062,18.328872680664062,,,,,68.0,,922.0,20623.0,46.75209045410156,,,,,,,,,15091.513,3563.273,11624775.0
8433,2003,0,1,0,0,0,5832.0,91404.0,97236,0.059977784752845764,10.0,18.328872680664062,18.328872680664062,,,,,66.0,,967.0,22047.0,46.368343353271484,,,,,,,,,12465.382,4294.200999999999,4541106.0
8433,2004,0,1,0,0,0,5928.0,93324.0,99252,0.05972675606608391,10.0,18.328872680664062,18.328872680664062,,,,,75.0,,926.0,22760.0,46.05133056640625,,,,,,,,,14767.121,4428.333,8483733.0
8433,2005,0,1,0,0,0,6026.0,95254.0,101280,0.05949842184782028,10.0,18.328872680664062,18.328872680664062,31.84410098479814,62.497170000000004,11.99432,30.23143,74.0,389.0,919.0,21904.0,46.50934600830078,19.95,87.19260690231295,89.074507183428,58.912133891213394,,66.59531143946118,,,0.0,0.0,10985268.0
8433,2006,0,1,0,0,0,6120.0,97191.0,103311,0.05923860892653465,10.0,18.328872680664062,18.328872680664062,,,,,77.0,335.0,1037.0,23065.0,46.775352478027344,19.73,,,,,,,13971.0,20080.916862,7492.003862000001,0.0
8433,2007,0,1,0,0,0,6213.0,99099.0,105312,0.05899612605571747,10.0,18.328872680664062,18.328872680664062,,,,,71.0,404.0,1120.0,23441.0,46.59914779663086,19.51,,,,,,,14966.0,19832.939,7149.829,17175156.0
8433,2008,0,1,0,0,0,6307.0,100991.0,107298,0.05878021940588951,10.0,18.328872680664062,18.328872680664062,,,,,69.0,409.0,1048.0,21592.0,46.98603439331055,19.28,38.58,39.64,17.23,31.79,37.69,,15432.0,23528.11900000001,6538.817000000001,21153764.0
8433,2009,0,1,0,0,0,6408.0,102884.0,109292,0.05863192304968834,10.0,18.328872680664062,18.328872680664062,,,,,69.0,396.0,988.0,21150.0,48.0484733581543,19.06,85.74,85.56,95.68,69.69,84.09,,16559.0,25493.556,5395.6939999999995,23656896.0
8433,2010,0,1,0,0,0,6500.0,104770.0,111270,0.0584164634346962,10.0,18.328872680664062,18.328872680664062,,,,,71.0,366.0,1005.0,21362.0,47.34069061279297,18.84,100.0,100.0,100.0,64.86,98.09,,17241.0,51885.469000000005,6253.055,55597016.0
8433,2011,0,1,0,0,0,6593.0,106675.0,113268,0.058207083493471146,10.0,18.328872680664062,18.328872680664062,,,,,72.0,451.0,1036.0,20022.0,47.2572135925293,18.84,100.0,100.0,100.0,65.01,98.04,27926.0,18775.0,57067.46100000001,9114.162,
8433,2012,0,1,0,0,0,6693.0,108581.0,115274,0.058061663061380386,10.0,18.328872680664062,18.328872680664062,,,,,73.0,413.0,1092.0,19984.0,47.225704193115234,17.137225722546773,52.2,54.5,13.8,44.69,48.2,24184.0,19945.0,66950.711,9953.972999999998,
8433,2013,0,1,0,0,0,6790.0,110493.0,117283,0.05789415165781975,10.0,18.328872680664062,18.328872680664062,,,,,72.0,437.0,1094.0,19562.0,46.54785919189453,15.423503150292095,50.77,55.98,7.39,41.96,46.59,25681.76444938821,22026.0,110628.46264399998,11264.526501,
8433,2014,0,1,0,0,0,6884.0,112402.0,119286,0.05771004036068916,10.0,18.328872680664062,18.328872680664062,,,,,72.0,381.0,1056.0,25694.0,46.026084899902344,13.88115283526289,49.12,55.08,6.01,41.0,45.39,25682.0,23435.0,95632.93263400001,15142.613381,
8433,2015,0,1,0,0,0,6983.0,114298.0,121281,0.05757703259587288,10.0,18.328872680664062,18.328872680664062,,,,,70.0,442.0,1107.0,26741.0,46.54411315917969,13.88115283526289,49.11,55.07,5.9,41.01,45.4,25682.0,24163.0,111665.03125,15336.396484375,
8433,2016,0,1,0,0,0,7076.0,116189.0,123265,0.0574047788977623,10.0,18.328872680664062,18.328872680664062,,,,,78.0,379.0,1121.0,24644.0,46.6358528137207,,50.4,57.2,5.63,43.21,46.79,,24898.0,111396.625205,19330.686571,
8433,2017,0,1,0,0,0,7179.0,118069.0,125248,0.05731828138232231,10.0,18.328872680664062,18.328872680664062,,,,,68.0,360.0,1219.0,26646.0,46.844722747802734,,,,,,,,,130246.12122050195,24452.68130493164,
8433,2018,0,1,0,0,0,8325.0,119878.0,128203,0.0649360790848732,10.0,18.328872680664062,18.328872680664062,12.819120497226493,30.0,6.2,14.3,69.0,387.0,1246.0,26979.0,47.02777099609375,,,,,,,,,163028.84422043,36222.83824143,
8433,2019,0,1,0,0,0,8947.0,125521.0,134468,0.06653627753257751,10.0,18.328872680664062,,,,,,71.0,485.0,1286.0,27767.0,46.922969818115234,,,,,,,,,160669.20838732,31437.85567575,
8433,2020,0,1,0,0,0,9431.0,130135.0,139566,0.06757376343011856,10.0,18.328872680664062,,,,,,79.0,489.0,1344.0,28445.0,47.58965301513672,,,,,,,,,168004.75550941,24551.301512410002,
8433,2021,0,1,0,0,0,9552.0,132543.0,142095,0.06722263246774673,10.0,18.328872680664062,,,,,,84.0,531.0,1365.0,29073.0,46.970584869384766,,,,,,,,,188003.742881,30692.130120999995,
8433,2022,0,1,0,0,0,9615.0,134166.0,143781,0.06687253713607788,10.0,18.328872680664062,,,,,,85.0,608.0,1526.0,30312.0,47.045196533203125,,,,,,,,,208516.01426000003,43704.585954,
8433,2023,0,1,0,0,0,9693.0,135703.0,145396,0.06666620820760727,10.0,18.328872680664062,,,,,,,,,,,,,,,,,,,249577.969287,53443.414637,
8573,1993,0,1,0,0,0,11435.0,15141.0,26576,0.43027544021606445,4.0,5.751773834228516,5.751773834228516,35.5050048828125,,,,,,,,,,,,,,,,,1002.47998046875,1002.47998046875,
8573,1994,0,1,0,0,0,11298.0,15624.0,26922,0.41965678334236145,4.0,5.751773834228516,5.751773834228516,,,,,,,,,,,,,,,,,,1669.1500244140625,1669.1500244140625,
8573,1995,0,1,0,0,0,11026.0,16179.0,27205,0.40529313683509827,4.0,5.751773834228516,5.751773834228516,,,,,,,,,,,,,,,,,,1365.3199462890625,1365.3199462890625,
8573,1996,0,1,0,0,0,10648.0,16753.0,27401,0.3885989487171173,4.0,5.751773834228516,5.751773834228516,,,,,22.0,,322.0,6512.0,,,,,,,,,,3507.56005859375,1243.6600341796875,
8573,1997,0,1,0,0,0,10199.0,17348.0,27547,0.3702399432659149,4.0,5.751773834228516,5.751773834228516,,,,,18.0,,285.0,6054.0,,,,,,,,,,2991.5400390625,1403.25,
8573,1998,0,1,0,0,0,9735.0,17917.0,27652,0.35205408930778503,4.0,5.751773834228516,5.751773834228516,,,,,21.0,,400.0,6917.0,,,,,,,,,,3944.159912109375,1825.760009765625,
8573,1999,0,1,0,0,0,9284.0,18449.0,27733,0.33476364612579346,4.0,5.751773834228516,5.751773834228516,,,,,24.0,,440.0,7591.0,,,,,,,,,,0.0,0.0,
8573,2000,0,1,0,0,0,8866.0,18918.0,27784,0.31910452246665955,4.0,5.751773834228516,5.751773834228516,,,,,28.0,,589.0,11158.0,49.0582275390625,,,,,,,,,6854.641,2973.467,4559675.0
8573,2001,0,1,0,0,0,8495.0,19323.0,27818,0.3053778111934662,4.0,5.751773834228516,5.751773834228516,,,,,32.0,,638.0,11118.0,50.54740524291992,,,,,,,,,8343.154,3650.876,6012454.0
8573,2002,0,1,0,0,0,8145.0,19690.0,27835,0.29261720180511475,4.0,5.751773834228516,5.751773834228516,,,,,33.0,,688.0,11607.0,50.12145233154297,,,,,,,,,11888.26,4034.913,10271102.0
8573,2003,0,1,0,0,0,7818.0,20027.0,27845,0.2807685434818268,4.0,5.751773834228516,5.751773834228516,,,,,22.0,,613.0,10968.0,49.00419998168945,,,,,,,,,8862.775,4842.617,7500313.0
8573,2004,0,1,0,0,0,7502.0,20343.0,27845,0.26941999793052673,4.0,5.751773834228516,5.751773834228516,,,,,33.0,,526.0,10748.0,49.372467041015625,,,,,,,,,9182.195,4442.853,7633082.0
8573,2005,0,1,0,0,0,7190.0,20635.0,27825,0.25840070843696594,4.0,5.751773834228516,5.751773834228516,24.74014721433544,42.33793,12.15567,17.87613,30.0,260.0,526.0,11522.0,50.687889099121094,17.72,85.52743332767115,87.68562942654786,79.27152317880794,,63.42789196534737,,,14408.28302,5241.10471,12575958.0
8573,2006,0,1,0,0,0,6890.0,20903.0,27793,0.24790415167808533,4.0,5.751773834228516,5.751773834228516,,,,,31.0,265.0,546.0,11603.0,53.77295684814453,17.52,,,,,,,6621.0,10606.967673,4817.848913,7655209.5
8573,2007,0,1,0,0,0,6599.0,21146.0,27745,0.23784466087818146,4.0,5.751773834228516,5.751773834228516,,,,,27.0,304.0,612.0,8990.0,53.926631927490234,17.32,,,,,,,7017.0,13519.14,6432.491000000001,8501559.0
8573,2008,0,1,0,0,0,6326.0,21367.0,27693,0.22843317687511444,4.0,5.751773834228516,5.751773834228516,,,,,31.0,459.0,676.0,11643.0,54.21883010864258,17.12,100.0,100.0,100.0,100.0,100.0,,7427.0,17115.616,11308.967,8586813.0
8573,2009,0,1,0,0,0,6056.0,21573.0,27629,0.21918998658657074,4.0,5.751773834228516,5.751773834228516,,,,,32.0,539.0,762.0,11871.0,55.058956146240234,16.93,99.18,99.12,99.71,97.15,63.66,,8383.0,24154.368000000002,11780.921,11233620.0
8573,2010,0,1,0,0,0,5796.0,21756.0,27552,0.21036584675312042,4.0,5.751773834228516,5.751773834228516,,,,,35.0,605.0,863.0,13193.0,53.26860809326172,16.73,98.76,98.78,98.61,95.06,63.06,,9173.0,32174.316,13260.275,31076978.0
8573,2011,0,1,0,0,0,5550.0,21922.0,27472,0.20202387869358063,4.0,5.751773834228516,5.751773834228516,,,,,35.0,494.0,845.0,13138.0,54.019775390625,16.73,52.91,54.04,43.93,52.55,42.35,8435.0,9840.0,25528.584,19404.056,
8573,2012,0,1,0,0,0,5317.0,22076.0,27393,0.19410067796707153,4.0,5.751773834228516,5.751773834228516,,,,,36.0,737.0,956.0,14148.0,55.3607177734375,15.073597595184223,51.44,57.38,27.48,50.77,34.75,8274.0,10740.0,31855.361290999997,21258.418207,
8573,2013,0,1,0,0,0,5093.0,22216.0,27309,0.18649528920650482,4.0,5.751773834228516,5.751773834228516,,,,,35.0,763.0,1046.0,14304.0,56.44623565673828,15.073597595184223,98.78,98.83,98.17,98.59,71.61,10753.86921797005,11685.0,47889.457467,25108.588811,
8573,2014,0,1,0,0,0,4880.0,22336.0,27216,0.1793062835931778,4.0,5.751773834228516,5.751773834228516,,,,,36.0,664.0,980.0,14269.0,54.30219650268555,13.5662378356658,51.33,56.55,24.96,50.7,37.05,10754.0,12797.0,60564.287904,32620.242605999993,
8573,2015,0,1,0,0,0,4676.0,22427.0,27103,0.1725270301103592,4.0,5.751773834228516,5.751773834228516,,,,,33.0,692.0,1059.0,14887.0,57.89309310913086,13.5662378356658,100.0,0.0,100.0,98.44,77.28,10754.0,13378.0,75973.2890625,35694.0234375,
8573,2016,0,1,0,0,0,4483.0,22506.0,26989,0.16610470414161682,4.0,5.751773834228516,5.751773834228516,,,,,37.0,710.0,1063.0,14142.0,57.47954177856445,,48.12,52.97,20.8,47.56,34.3,,14169.0,80657.408379,39906.73392100001,
8573,2017,0,1,0,0,0,4302.0,22567.0,26869,0.16011016070842743,4.0,5.751773834228516,5.751773834228516,,,,,31.0,642.0,993.0,14191.0,56.361358642578125,,,,,,,,,58763.89654902759,41741.48746109009,
8573,2018,0,1,0,0,0,6461.0,42803.0,49264,0.1311505287885666,4.0,5.751773834228516,5.751773834228516,9.05492019605379,14.4,4.7,6.5,33.0,735.0,902.0,13185.0,57.05952453613281,,,,,,,,,71329.43375059,47076.375280570006,
8573,2019,0,1,0,0,0,6576.0,45119.0,51695,0.1272076666355133,4.0,5.751773834228516,,,,,,34.0,725.0,1124.0,15313.0,57.57001495361328,,,,,,,,,75361.11020118,49822.4452312,
8573,2020,0,1,0,0,0,6697.0,46952.0,53649,0.12482991069555283,4.0,5.751773834228516,,,,,,34.0,740.0,1040.0,14770.0,55.74492645263672,,,,,,,,,77583.40024466999,46590.347851599996,
8573,2021,0,1,0,0,0,6781.0,47840.0,54621,0.12414638698101044,4.0,5.751773834228516,,,,,,32.0,819.0,1057.0,15267.0,57.49766159057617,,,,,,,,,91036.23826599999,61195.13459699999,
8573,2022,0,1,0,0,0,6826.0,48443.0,55269,0.12350504100322723,4.0,5.751773834228516,,,,,,34.0,1017.0,1284.0,16783.0,56.716068267822266,,,,,,,,,104332.020873,73050.678124,
8573,2023,0,1,0,0,0,6882.0,49008.0,55890,0.12313473224639893,4.0,5.751773834228516,,,,,,,,,,,,,,,,,,,131531.991597,93378.892726,
8638,1993,0,1,0,0,0,24401.0,46461.0,70862,0.344345360994339,99.0,43.556617736816406,43.556617736816406,36.1818962097168,,,,,,,,,,,,,,,,,0.0,0.0,
8638,1994,0,1,0,0,0,24425.0,48117.0,72542,0.33670148253440857,99.0,43.556617736816406,43.556617736816406,,,,,,,,,,,,,,,,,,0.0,0.0,
8638,1995,0,1,0,0,0,24238.0,49895.0,74133,0.32695290446281433,99.0,43.556617736816406,43.556617736816406,,,,,,,,,,,,,,,,,,0.0,0.0,
8638,1996,0,1,0,0,0,23869.0,51667.0,75536,0.3159950077533722,99.0,43.556617736816406,43.556617736816406,,,,,47.0,,767.0,17309.0,,,,,,,,,,4538.43994140625,1427.1199951171875,
8638,1997,0,1,0,0,0,23390.0,53471.0,76861,0.30431559681892395,99.0,43.556617736816406,43.556617736816406,,,,,44.0,,727.0,16577.0,,,,,,,,,,4823.89990234375,1072.5799560546875,
8638,1998,0,1,0,0,0,22861.0,55261.0,78122,0.2926320433616638,99.0,43.556617736816406,43.556617736816406,,,,,53.0,,821.0,19383.0,,,,,,,,,,9962.5302734375,997.4299926757812,
8638,1999,0,1,0,0,0,22326.0,57032.0,79358,0.28133270144462585,99.0,43.556617736816406,43.556617736816406,,,,,57.0,,857.0,19905.0,,,,,,,,,,10393.099609375,2500.02001953125,
8638,2000,0,1,0,0,0,21836.0,58746.0,80582,0.2709786295890808,99.0,43.556617736816406,43.556617736816406,,,,,57.0,,866.0,20284.0,46.8997917175293,,,,,,,,,6791.826999999999,1014.325,
8638,2001,0,1,0,0,0,21399.0,60388.0,81787,0.26164305210113525,99.0,43.556617736816406,43.556617736816406,,,,,54.0,,814.0,19255.0,46.550601959228516,,,,,,,,,13293.409,2141.607,11812057.0
8638,2002,0,1,0,0,0,20999.0,61988.0,82987,0.2530396282672882,99.0,43.556617736816406,43.556617736816406,,,,,55.0,,858.0,20627.0,46.367549896240234,,,,,,,,,13153.511,2140.168,11381276.0
8638,2003,0,1,0,0,0,20629.0,63568.0,84197,0.24500873684883118,99.0,43.556617736816406,43.556617736816406,,,,,31.0,,703.0,15968.0,46.524871826171875,,,,,,,,,15361.126,2411.003,9393310.0
8638,2004,0,1,0,0,0,20276.0,65135.0,85411,0.2373933047056198,99.0,43.556617736816406,43.556617736816406,,,,,57.0,,860.0,21116.0,46.02509689331055,,,,,,,,,13587.10638,2698.83977,11746702.0
8638,2005,0,1,0,0,0,19941.0,66682.0,86623,0.23020444810390472,99.0,43.556617736816406,43.556617736816406,39.141039373612344,60.79856,29.363329999999998,41.08292,55.0,361.0,856.0,20928.0,46.35799789428711,29.82,69.0898646923666,74.47627191107311,53.23433173923987,,42.162369160071485,,,18105.14643,2913.85498,13177830.0
8638,2006,0,1,0,0,0,19623.0,68204.0,87827,0.223427876830101,99.0,43.556617736816406,43.556617736816406,,,,,55.0,252.0,884.0,21466.0,45.97056198120117,29.82,,,,,,,8364.0,15391.089808,3329.795998000001,8351036.5
8638,2007,0,1,0,0,0,19327.0,69692.0,89019,0.21711094677448273,99.0,43.556617736816406,43.556617736816406,,,,,49.0,318.0,880.0,20955.0,46.467559814453125,29.82,,,,,,,8590.0,13933.931,4036.472,4987083.0
8638,2008,0,1,0,0,0,19052.0,71145.0,90197,0.21122653782367706,99.0,43.556617736816406,43.556617736816406,,,,,48.0,272.0,847.0,20112.0,45.615028381347656,29.82,0.0,0.0,0.0,0.0,0.0,,8781.0,20702.668,3895.054,15241646.0
8638,2009,0,1,0,0,0,18805.0,72574.0,91379,0.20579126477241516,99.0,43.556617736816406,43.556617736816406,,,,,50.0,280.0,872.0,20067.0,46.58164596557617,29.82,100.0,100.0,100.0,100.0,100.0,,8998.0,25229.725,3800.1200000000003,23381876.0
8638,2010,0,1,0,0,0,18573.0,73966.0,92539,0.20070457458496094,99.0,43.556617736816406,43.556617736816406,,,,,54.0,301.0,871.0,20198.0,46.731605529785156,29.82,100.0,100.0,100.0,100.0,100.0,,9202.0,24536.847810000003,4809.19281,23589884.0
8638,2011,0,1,0,0,0,18363.0,75328.0,93691,0.19599534571170807,99.0,43.556617736816406,43.556617736816406,,,,,53.0,313.0,865.0,19647.0,45.438514709472656,28.216512464306724,,,,,,24157.0,9456.0,27588.564093,5505.292889,
8638,2012,0,1,0,0,0,18181.0,76656.0,94837,0.19170787930488586,99.0,43.556617736816406,43.556617736816406,,,,,54.0,297.0,879.0,19978.0,46.171409606933594,26.848711155259124,,,,,,20049.0,9796.0,47322.98546900001,5987.163783000001,
8638,2013,0,1,0,0,0,18017.0,77949.0,95966,0.18774357438087463,99.0,43.556617736816406,43.556617736816406,,,,,52.0,302.0,906.0,20045.0,46.259918212890625,26.848711155259124,,,,,,20573.814818998137,10678.0,66213.203962,8095.374000000001,
8638,2014,0,1,0,0,0,17877.0,79199.0,97076,0.1841546893119812,99.0,43.556617736816406,43.556617736816406,,,,,52.0,267.0,808.0,20525.0,45.21476364135742,28.729541371575863,61.98,78.51,26.23,54.98,44.43,20574.0,14479.0,67440.005369,9637.861792999998,
8638,2015,0,1,0,0,0,17758.0,80411.0,98169,0.18089213967323303,99.0,43.556617736816406,43.556617736816406,,,,,49.0,267.0,867.0,19556.0,45.07717514038086,30.41394773,58.24,74.74,29.32,49.14,40.92,20574.0,14982.0,64333.91796875,9827.158203125,
8638,2016,0,1,0,0,0,17660.0,81586.0,99246,0.1779416799545288,99.0,43.556617736816406,43.556617736816406,,,,,54.0,274.0,949.0,19901.0,45.853416442871094,,58.57,74.9,29.76,49.34,40.92,,15430.0,60410.87300000001,9815.758,
8638,2017,0,1,0,0,0,17588.0,82716.0,100304,0.17534694075584412,99.0,43.556617736816406,43.556617736816406,,,,,49.0,300.0,943.0,20360.0,45.78364944458008,,,,,,,,,66308.4846496582,11787.657501220703,
8638,2018,0,1,0,0,0,24031.0,69230.0,93261,0.2576746940612793,99.0,43.556617736816406,43.556617736816406,18.088922120000433,36.5,11.6,15.0,49.0,278.0,982.0,20426.0,45.024105072021484,,,,,,,,,67683.472783,12570.062256,
8638,2019,0,1,0,0,0,24781.0,72224.0,97005,0.25546106696128845,99.0,43.556617736816406,,,,,,51.0,294.0,966.0,20911.0,45.0706787109375,,,,,,,,,81223.388968,17334.865187,
8638,2020,0,1,0,0,0,25336.0,74713.0,100049,0.25323590636253357,99.0,43.556617736816406,,,,,,50.0,311.0,928.0,21088.0,45.42641067504883,,,,,,,,,89168.26369600001,16836.545490000004,
8638,2021,0,1,0,0,0,25655.0,76188.0,101843,0.2519073486328125,99.0,43.556617736816406,,,,,,51.0,304.0,899.0,20971.0,45.11620330810547,,,,,,,,,104084.00225399999,19053.829202,
8638,2022,0,1,0,0,0,25824.0,77226.0,103050,0.2505967915058136,99.0,43.556617736816406,,,,,,51.0,335.0,924.0,21093.0,45.525726318359375,,,,,,,,,117538.51306599998,22189.667875,
8638,2023,0,1,0,0,0,26035.0,78172.0,104207,0.24983926117420197,99.0,43.556617736816406,,,,,,,,,,,,,,,,,,,132251.878114,28526.393413,
13001,1993,0,1,0,0,0,54374.0,670698.0,725072,0.07499117404222488,1.0,0.0,99.48111724853516,33.074951171875,,,,,,,,,,,,,,,,,27367.08984375,27364.640625,
13001,1994,0,1,0,0,0,55874.0,690783.0,746657,0.07483221590518951,1.0,0.0,99.48111724853516,,,,,,,,,,,,,,,,,,39454.8203125,38513.62109375,
13001,1995,0,1,0,0,0,57186.0,710599.0,767785,0.0744817852973938,1.0,0.0,99.48111724853516,,,,,,,,,,,,,,,,,,69098.921875,65386.4609375,
13001,1996,0,1,0,0,0,58216.0,729758.0,787974,0.07388061285018921,1.0,0.0,99.48111724853516,,,,,461.0,,7285.0,189324.0,,,,,,,,,,94035.7890625,49139.640625,
13001,1997,0,1,0,0,0,58862.0,747820.0,806682,0.07296803593635559,1.0,0.0,99.48111724853516,,,,,500.0,,8119.0,212900.0,,,,,,,,,,223083.015625,98842.1328125,
13001,1998,0,1,0,0,0,59035.0,764332.0,823367,0.07169950008392334,1.0,0.0,99.48111724853516,,,,,559.0,,8746.0,222685.0,,,,,,,,,,195648.703125,97922.046875,
13001,1999,0,1,0,0,0,58637.0,778915.0,837552,0.0700099840760231,1.0,0.0,99.48111724853516,,,,,587.0,,9050.0,227210.0,,,,,,,,,,168636.09375,64306.66015625,
13001,2000,0,1,0,0,0,57708.0,791547.0,849255,0.06795132160186768,1.0,0.0,99.48111724853516,,,,,556.0,,8773.0,219025.0,49.259498596191406,,,,,,,,,258326.30602,104989.22188,187054096.0
13001,2001,0,1,0,0,0,56336.0,802460.0,858796,0.06559881567955017,1.0,0.0,99.48111724853516,,,,,496.0,,8445.0,207807.0,50.23466110229492,,,,,,,,,295626.474,103987.165,215297680.0
13001,2002,0,1,0,0,0,54812.0,812585.0,867397,0.06319136172533035,1.0,0.0,99.48111724853516,,,,,559.0,,8874.0,222554.0,49.399078369140625,,,,,,,,,381869.794,141387.928,221794880.0
13001,2003,0,1,0,0,0,53255.0,822381.0,875636,0.06081864982843399,1.0,0.0,99.48111724853516,,,,,446.0,,9332.0,228510.0,49.14717102050781,,,,,,,,,395964.004,152890.731,258659152.0
13001,2004,0,1,0,0,0,51781.0,832339.0,884120,0.0585678406059742,1.0,0.0,99.48111724853516,,,,,508.0,,9486.0,223996.0,49.10199737548828,,,,,,,,,449418.236,159280.686,297425792.0
13001,2005,0,1,0,0,0,50401.0,842632.0,893033,0.05643800273537636,1.0,0.0,99.48111724853516,26.010599956073264,42.57535,9.84575,19.56676,484.0,4342.0,9897.0,187657.0,49.06108856201172,17.41,89.60547402159244,92.93856783007433,33.58678306580306,,76.72802800269906,,,485726.3260000001,198795.144,394878560.0
13001,2006,0,1,0,0,0,49139.0,853394.0,902533,0.05444565415382385,1.0,0.0,99.48111724853516,,,,,516.0,4798.0,10455.0,202571.0,49.293766021728516,17.22,,,,,,,148494.0,510469.1849999999,203231.608,395656992.0
13001,2007,0,1,0,0,0,47976.0,864522.0,912498,0.05257655307650566,1.0,0.0,99.48111724853516,,,,,486.0,4607.0,10264.0,194915.0,48.928955078125,17.03,,,,,,,156038.0,572588.878,202069.011,474805088.0
13001,2008,0,1,0,0,0,46929.0,875930.0,922859,0.05085175484418869,1.0,0.0,99.48111724853516,,,,,526.0,4527.0,10324.0,195990.0,49.061683654785156,16.83,12.52,0.93,12.8,1.24,10.3,,,882951.5604999999,268825.82727,687284992.0
13001,2009,0,1,0,0,0,45976.0,887565.0,933541,0.04924904182553291,1.0,0.0,99.48111724853516,,,,,520.0,5363.0,10253.0,192682.0,49.06565856933594,16.64,12.23,0.45,12.79,1.21,10.08,,,922192.73693,289604.15246,814599488.0
13001,2010,0,1,0,0,0,45123.0,899358.0,944481,0.04777544364333153,1.0,0.0,99.48111724853516,,,,,581.0,4996.0,10476.0,195591.0,49.03737258911133,16.44,31.55,0.0,31.55,10.5,0.0,,,875971.0321700003,362198.4986200001,749992192.0
13001,2011,0,1,0,0,0,44364.0,911345.0,955709,0.04641998931765556,1.0,0.0,99.48111724853516,,,,,584.0,4999.0,10385.0,195805.0,48.54600524902344,16.44,0.0,0.0,0.0,0.0,0.0,221272.0,,836730.7879860001,411152.611229,
13001,2012,0,1,0,0,0,43689.0,923414.0,967103,0.04517512768507004,1.0,0.0,99.48111724853516,,,,,588.0,4915.0,10031.0,198307.0,48.772735595703125,14.796000000000001,0.0,0.0,0.0,0.0,0.0,233288.0,188613.0,1098627.078845,435948.06628299993,
13001,2013,0,1,0,0,0,43104.0,935496.0,978600,0.04404659569263458,1.0,0.0,99.48111724853516,,,,,518.0,4988.0,10081.0,203300.0,48.787532806396484,14.082307900547884,15.57,18.05,0.0,8.25,15.57,248913.60320988492,197221.0,1284377.576794,511930.1589159999,
13001,2014,0,1,0,0,0,42600.0,947579.0,990179,0.0430225245654583,1.0,0.0,99.48111724853516,,,,,525.0,4091.0,9826.0,222894.0,48.561893463134766,13.468864420906252,51.75,55.46,13.45,20.9,38.98,249072.0,205750.0,1301611.9952929998,571760.487031,
13001,2015,0,1,0,0,0,42161.0,959594.0,1001755,0.0420871376991272,1.0,0.0,99.48111724853516,,,,,501.0,3892.0,9709.0,220755.0,48.53214645385742,13.62152549,41.12,45.19,0.01,21.43,39.97,249072.0,214078.0,1454669.25,621660.625,
13001,2016,0,1,0,0,0,41797.0,971592.0,1013389,0.04124477505683899,1.0,0.0,99.48111724853516,,,,,588.0,3710.0,10521.0,219475.0,49.15353775024414,,49.45,52.97,13.0,41.06,47.99,,232398.0,1476150.3436089999,617178.609662,
13001,2017,0,1,0,0,0,41491.0,983391.0,1024882,0.040483683347702026,1.0,0.0,99.48111724853516,,,,,505.0,3756.0,10910.0,226060.0,48.92436599731445,,,,,,,,,1625211.3474292657,678461.962890625,
13001,2018,0,1,0,0,0,96160.0,876885.0,973045,0.09882379323244095,1.0,0.0,99.48111724853516,12.378574886549242,19.9,5.4,7.8,533.0,3673.0,10839.0,229103.0,48.510475158691406,,,,,,,,,1766803.3325588498,765879.9826907801,
13001,2019,0,1,0,0,0,106029.0,897656.0,1003685,0.10563971847295761,1.0,0.0,,,,,,521.0,4317.0,10999.0,231143.0,48.3393669128418,,,,,,,,,1864723.7827550601,765770.64366604,
13001,2020,0,1,0,0,0,114184.0,914552.0,1028736,0.11099446564912796,1.0,0.0,,,,,,501.0,4226.0,10990.0,231849.0,48.387088775634766,,,,,,,,,1979343.4790994597,672459.40002507,
13001,2021,0,1,0,0,0,117179.0,926747.0,1043926,0.11224837601184845,1.0,0.0,,,,,,491.0,4404.0,10687.0,229057.0,47.58784866333008,,,,,,,,,2287036.441656,836878.2184132001,
13001,2022,0,1,0,0,0,119673.0,935362.0,1055035,0.11343035846948624,1.0,0.0,,,,,,488.0,4719.0,11107.0,232165.0,48.1097412109375,,,,,,,,,2831201.894095,1231634.3220711,
13001,2023,0,1,0,0,0,122068.0,943502.0,1065570,0.11455652862787247,1.0,0.0,,,,,,,,,,,,,,,,,,,3203730.318501,1499257.1696469,
13212,1993,0,1,0,0,0,12651.0,4661.0,17312,0.7307648062705994,20.0,115.97611236572266,164.73753356933594,83.98811340332031,,,,,,,,,,,,,,,,,0.0,0.0,
13212,1994,0,1,0,0,0,12507.0,4649.0,17156,0.7290160655975342,20.0,115.97611236572266,164.73753356933594,,,,,,,,,,,,,,,,,,0.0,0.0,
13212,1995,0,1,0,0,0,12268.0,4601.0,16869,0.7272511720657349,20.0,115.97611236572266,164.73753356933594,,,,,,,,,,,,,,,,,,0.0,0.0,
13212,1996,0,1,0,0,0,11949.0,4510.0,16459,0.7259857654571533,20.0,115.97611236572266,164.73753356933594,,,,,26.0,,155.0,3828.0,,,,,,,,,,1656.8599853515625,414.1199951171875,
13212,1997,0,1,0,0,0,11599.0,4396.0,15995,0.7251641154289246,20.0,115.97611236572266,164.73753356933594,,,,,28.0,,174.0,4439.0,,,,,,,,,,3503.989990234375,502.17999267578125,
13212,1998,0,1,0,0,0,11244.0,4268.0,15512,0.7248581647872925,20.0,115.97611236572266,164.73753356933594,,,,,28.0,,200.0,5032.0,,,,,,,,,,2839.409912109375,1050.3499755859375,
13212,1999,0,1,0,0,0,10911.0,4133.0,15044,0.725272536277771,20.0,115.97611236572266,164.73753356933594,,,,,28.0,,199.0,4536.0,,,,,,,,,,2878.27001953125,687.52001953125,
13212,2000,0,1,0,0,0,10625.0,3996.0,14621,0.7266944646835327,20.0,115.97611236572266,164.73753356933594,,,,,28.0,,193.0,4688.0,44.74677276611328,,,,,,,,,3264.889,501.64,2440270.0
13212,2001,0,1,0,0,0,10386.0,3855.0,14241,0.729302704334259,20.0,115.97611236572266,164.73753356933594,,,,,24.0,,172.0,4219.0,45.47927474975586,,,,,,,,,3924.814,713.047,3072853.0
13212,2002,0,1,0,0,0,10160.0,3724.0,13884,0.7317776083946228,20.0,115.97611236572266,164.73753356933594,,,,,25.0,,220.0,5587.0,45.36150360107422,,,,,,,,,6114.986,1303.85,6021183.0
13212,2003,0,1,0,0,0,9958.0,3608.0,13566,0.7340409755706787,20.0,115.97611236572266,164.73753356933594,,,,,6.0,,153.0,4074.0,44.91511917114258,,,,,,,,,4759.946,933.2440000000001,3800880.0
13212,2004,0,1,0,0,0,9791.0,3513.0,13304,0.7359440922737122,20.0,115.97611236572266,164.73753356933594,,,,,23.0,,159.0,4287.0,44.811492919921875,,,,,,,,,5138.815,1135.162,4191098.0
13212,2005,0,1,0,0,0,9669.0,3444.0,13113,0.737359881401062,20.0,115.97611236572266,164.73753356933594,70.23753711517425,86.29473,25.525100000000002,54.93057999999999,21.0,,179.0,4370.0,45.98086166381836,29.12,77.72001485332342,97.51958224543081,69.84950700570836,,0.33419977720014854,,,5517.836,1042.536,4582014.0
13212,2006,0,1,0,0,0,9596.0,3399.0,12995,0.738437831401825,20.0,115.97611236572266,164.73753356933594,,,,,22.0,,181.0,4592.0,44.62302017211914,28.47,,,,,,,,5596.004793,1119.465793,3880013.0
13212,2007,0,1,0,0,0,9543.0,3357.0,12900,0.7397674322128296,20.0,115.97611236572266,164.73753356933594,,,,,,14.0,166.0,3637.0,45.51102828979492,27.82,,,,,,,,6047.16,1191.702,4324689.0
13212,2008,0,1,0,0,0,9506.0,3317.0,12823,0.7413241863250732,20.0,115.97611236572266,164.73753356933594,,,,,22.0,17.0,172.0,4265.0,45.6331787109375,27.17,,,,,,,,7227.429,1209.318,5685539.0
13212,2009,0,1,0,0,0,9469.0,3280.0,12749,0.7427248954772949,20.0,115.97611236572266,164.73753356933594,,,,,21.0,25.0,184.0,3915.0,45.61708450317383,26.53,27.35,41.31,0.0,27.35,0.0,,,7502.616,1223.002,6275351.0
13212,2010,0,1,0,0,0,9433.0,3245.0,12678,0.7440447807312012,20.0,115.97611236572266,164.73753356933594,,,,,21.0,30.0,213.0,4310.0,45.868431091308594,25.88,24.01,33.68,0.0,23.98,0.0,,,7862.667000000001,1323.5520000000001,6669422.0
13212,2011,0,1,0,0,0,9413.0,3213.0,12626,0.7455251216888428,20.0,115.97611236572266,164.73753356933594,,,,,21.0,25.0,246.0,4364.0,44.26409912109375,24.65206711316774,24.69,24.69,0.0,25.74,0.0,3235.0,,9293.505,1462.251,
13212,2012,0,1,0,0,0,9390.0,3183.0,12573,0.7468384504318237,20.0,115.97611236572266,164.73753356933594,,,,,21.0,19.0,231.0,4113.0,46.248207092285156,23.972471040657254,,,,,,3330.0,221.0,10675.413999999999,1636.1,
13212,2013,0,1,0,0,0,9372.0,3155.0,12527,0.7481440305709839,20.0,115.97611236572266,164.73753356933594,,,,,21.0,24.0,244.0,4093.0,46.03550338745117,23.972471040657254,,,,,,3022.0,523.0,18569.244,1520.783,
13212,2014,0,1,0,0,0,9345.0,3130.0,12475,0.7490981817245483,20.0,115.97611236572266,164.73753356933594,,,,,21.0,20.0,150.0,3154.0,44.82444763183594,23.70469614306726,,,,,,3022.0,560.0,23322.214,2296.831,
13212,2015,0,1,0,0,0,9328.0,3107.0,12435,0.7501407265663147,20.0,115.97611236572266,164.73753356933594,,,,,22.0,18.0,144.0,2910.0,44.791561126708984,21.33422652876057,25.66,94.56,0.0,25.66,0.0,3022.0,596.0,16282.814453125,1838.01196289062,
13212,2016,0,1,0,0,0,9302.0,3087.0,12389,0.7508273720741272,20.0,115.97611236572266,164.73753356933594,,,,,21.0,27.0,220.0,3643.0,45.7260627746582,,23.31,86.11,0.0,23.31,0.0,,626.0,18075.213,2286.573,
13212,2017,0,1,0,0,0,9273.0,3069.0,12342,0.7513368725776672,20.0,115.97611236572266,164.73753356933594,,,,,21.0,24.0,220.0,3585.0,44.840972900390625,,,,,,,,,7059.747791290283,2247.4676818847656,
13212,2018,0,1,0,0,0,11754.0,4206.0,15960,0.7364661693572998,20.0,115.97611236572266,164.73753356933594,29.695837780149414,61.9,27.6,44.5,21.0,29.0,217.0,3732.0,44.28480529785156,,,,,,,,,18347.29590169,2650.6004008600003,
13212,2019,0,1,0,0,0,12094.0,4131.0,16225,0.745392918586731,20.0,115.97611236572266,,,,,,21.0,29.0,207.0,3813.0,44.45097351074219,,,,,,,,,22671.654466599997,3967.7843145999996,
13212,2020,0,1,0,0,0,12383.0,4091.0,16474,0.7516692876815796,20.0,115.97611236572266,,,,,,23.0,26.0,219.0,3773.0,44.604469299316406,,,,,,,,,22884.150005760002,2491.7425000000003,
13212,2021,0,1,0,0,0,12705.0,4009.0,16714,0.7601411938667297,20.0,115.97611236572266,,,,,,23.0,26.0,214.0,3791.0,43.635746002197266,,,,,,,,,27170.450083999996,3310.1304149999996,
13212,2022,0,1,0,0,0,12975.0,3917.0,16892,0.7681151032447815,20.0,115.97611236572266,,,,,,23.0,26.0,209.0,3668.0,43.06539535522461,,,,,,,,,38429.938882999995,6060.44452375,
13212,2023,0,1,0,0,0,13235.0,3825.0,17060,0.775791347026825,20.0,115.97611236572266,,,,,,,,,,,,,,,,,,,36362.918197,8477.99197075,
13873,1993,0,1,0,0,0,3048.0,11063.0,14111,0.2160017043352127,112.0,26.445999145507812,77.29202270507812,77.81917572021484,,,,,,,,,,,,,,,,,437.5899963378906,437.5899963378906,
13873,1994,0,1,0,0,0,3017.0,11439.0,14456,0.20870226621627808,112.0,26.445999145507812,77.29202270507812,,,,,,,,,,,,,,,,,,525.5900268554688,525.3300170898438,
13873,1995,0,1,0,0,0,2958.0,11839.0,14797,0.1999053806066513,112.0,26.445999145507812,77.29202270507812,,,,,,,,,,,,,,,,,,457.04998779296875,456.5899963378906,
13873,1996,0,1,0,0,0,2876.0,12222.0,15098,0.190488800406456,112.0,26.445999145507812,77.29202270507812,,,,,9.0,,126.0,3479.0,,,,,,,,,,1326.1400146484375,318.1300048828125,
13873,1997,0,1,0,0,0,2780.0,12618.0,15398,0.1805429309606552,112.0,26.445999145507812,77.29202270507812,,,,,9.0,,127.0,3674.0,,,,,,,,,,0.0,0.0,
13873,1998,0,1,0,0,0,2678.0,13024.0,15702,0.17055152356624603,112.0,26.445999145507812,77.29202270507812,,,,,9.0,,126.0,4006.0,,,,,,,,,,1767.4200439453125,572.8400268554688,
13873,1999,0,1,0,0,0,2575.0,13435.0,16010,0.16083697974681854,112.0,26.445999145507812,77.29202270507812,,,,,9.0,,147.0,4091.0,,,,,,,,,,2280.64990234375,401.9800109863281,
13873,2000,0,1,0,0,0,2478.0,13848.0,16326,0.15178243815898895,112.0,26.445999145507812,77.29202270507812,,,,,9.0,,141.0,4110.0,45.55717849731445,,,,,,,,,2698.529000000001,420.273,2414799.0
13873,2001,0,1,0,0,0,2383.0,14228.0,16611,0.14345915615558624,112.0,26.445999145507812,77.29202270507812,,,,,11.0,,151.0,4200.0,45.2686882019043,,,,,,,,,2561.026,406.6470000000001,2169277.0
13873,2002,0,1,0,0,0,2286.0,14597.0,16883,0.13540247082710266,112.0,26.445999145507812,77.29202270507812,,,,,10.0,,189.0,5055.0,44.7633056640625,,,,,,,,,5422.797,535.496,
13873,2003,0,1,0,0,0,2185.0,14948.0,17133,0.12753166258335114,112.0,26.445999145507812,77.29202270507812,,,,,6.0,,180.0,4983.0,44.02899169921875,,,,,,,,,4658.993,968.367,4416627.0
13873,2004,0,1,0,0,0,2085.0,15280.0,17365,0.12006910145282745,112.0,26.445999145507812,77.29202270507812,,,,,10.0,,155.0,4325.0,43.99466323852539,,,,,,,,,4536.88527,1148.79774,3226756.5
13873,2005,0,1,0,0,0,1988.0,15588.0,17576,0.11310878396034241,112.0,26.445999145507812,77.29202270507812,86.43400912086608,90.18043,75.23855999999999,91.76811000000001,9.0,,164.0,4501.0,44.24610900878906,37.65,22.019428907859876,23.88059701492537,7.329842931937172,,1.177509567265234,,,4841.362,948.605,4877339.0
13873,2006,0,1,0,0,0,1896.0,15869.0,17765,0.10672671347856522,112.0,26.445999145507812,77.29202270507812,,,,,9.0,,188.0,4670.0,43.32620620727539,37.65,,,,,,,1828.0,5199.063473,712.805473,3633956.0
13873,2007,0,1,0,0,0,1812.0,16142.0,17954,0.10092458873987198,112.0,26.445999145507812,77.29202270507812,,,,,,13.0,189.0,3671.0,45.024932861328125,37.65,,,,,,,1920.0,5480.772000000001,954.108,4880865.0
13873,2008,0,1,0,0,0,1740.0,16413.0,18153,0.09585192799568176,112.0,26.445999145507812,77.29202270507812,,,,,11.0,47.0,197.0,5207.0,45.53764724731445,37.65,,,,,,,8820.0,7212.292,1156.982,5681062.0
13873,2009,0,1,0,0,0,1677.0,16690.0,18367,0.09130505472421646,112.0,26.445999145507812,77.29202270507812,,,,,12.0,60.0,197.0,5521.0,44.81560134887695,37.65,,,,,,,2167.0,9051.2,1464.5130000000001,8904996.0
13873,2010,0,1,0,0,0,1621.0,16947.0,18568,0.08730073273181915,112.0,26.445999145507812,77.29202270507812,,,,,12.0,52.0,231.0,5567.0,46.38722229003906,37.65,,,,,,,2200.0,9339.665,1567.359,7020865.0
13873,2011,0,1,0,0,0,1575.0,17205.0,18780,0.08386581391096115,112.0,26.445999145507812,77.29202270507812,,,,,12.0,43.0,208.0,5119.0,44.90340042114258,36.92157538176178,46.88,51.24,0.0,71.92,0.0,4009.0,2274.0,10624.224,1697.537,
13873,2012,0,1,0,0,0,1537.0,17473.0,19010,0.08085218071937561,112.0,26.445999145507812,77.29202270507812,,,,,12.0,74.0,184.0,5154.0,45.017147064208984,36.92157538176178,,,,,,4019.0,2509.0,13671.143,1673.881,
13873,2013,0,1,0,0,0,1505.0,17729.0,19234,0.07824685424566269,112.0,26.445999145507812,77.29202270507812,,,,,12.0,54.0,197.0,4252.0,45.20683288574219,36.80096825876293,,,,,,4384.0,2638.0,18392.599,1927.725,
13873,2014,0,1,0,0,0,1478.0,17980.0,19458,0.07595847547054291,112.0,26.445999145507812,77.29202270507812,,,,,12.0,58.0,204.0,5667.0,42.97015380859375,36.4274324104735,,,,,,4384.0,2718.0,20829.497,2402.924,
13873,2015,0,1,0,0,0,1458.0,18233.0,19691,0.07404398173093796,112.0,26.445999145507812,77.29202270507812,,,,,14.0,44.0,217.0,5023.0,43.34187698364258,34.74663967,83.13,100.0,0.0,83.13,0.0,4384.0,2818.0,19853.158203125,2460.04711914062,
13873,2016,0,1,0,0,0,1442.0,18481.0,19923,0.07237865775823593,112.0,26.445999145507812,77.29202270507812,,,,,12.0,40.0,208.0,4651.0,43.445526123046875,,83.06,100.0,0.0,83.06,0.0,,3036.0,27310.878999999997,2566.607,
13873,2017,0,1,0,0,0,1431.0,18721.0,20152,0.07101032137870789,112.0,26.445999145507812,77.29202270507812,,,,,11.0,39.0,299.0,5075.0,44.987552642822266,,,,,,,,,24069.453102203734,3218.948419570923,
13873,2018,0,1,0,0,0,3008.0,20769.0,23777,0.12650881707668304,112.0,26.445999145507812,77.29202270507812,39.59309202744263,54.1,45.5,91.9,11.0,44.0,298.0,5169.0,44.44728469848633,,,,,,,,,22943.71477349,3817.1094168699997,
13873,2019,0,1,0,0,0,3265.0,21316.0,24581,0.13282616436481476,112.0,26.445999145507812,,,,,,11.0,42.0,309.0,5076.0,43.988525390625,,,,,,,,,27227.42331056,4051.40261757,
13873,2020,0,1,0,0,0,3478.0,21753.0,25231,0.13784630596637726,112.0,26.445999145507812,,,,,,11.0,40.0,303.0,5215.0,42.08131408691406,,,,,,,,,26400.89248008,2716.7938161800002,
13873,2021,0,1,0,0,0,3569.0,22035.0,25604,0.13939228653907776,112.0,26.445999145507812,,,,,,11.0,38.0,305.0,5349.0,43.07136154174805,,,,,,,,,26140.722572,2851.94739775,
13873,2022,0,1,0,0,0,3645.0,22231.0,25876,0.14086411893367767,112.0,26.445999145507812,,,,,,11.0,43.0,335.0,5169.0,42.576942443847656,,,,,,,,,31079.631027,3251.8815225,
13873,2023,0,1,0,0,0,3718.0,22416.0,26134,0.14226678013801575,112.0,26.445999145507812,,,,,,,,,,,,,,,,,,,36326.691175,3958.4562685,
15001,1993,1,0,0,0,0,6200.0,101938.0,108138,0.05733414739370346,2778.0,0.0,154.06573486328125,19.393945693969727,,,,,,,,,,,,,,,,,5198.14013671875,5198.14013671875,
15001,1994,1,0,0,0,0,6294.0,105190.0,111484,0.05645653232932091,2778.0,0.0,154.06573486328125,,,,,,,,,,,,,,,,,,6791.009765625,6791.009765625,
15001,1995,1,0,0,0,0,6410.0,108801.0,115211,0.055637046694755554,2778.0,0.0,154.06573486328125,,,,,,,,,,,,,,,,,,8462.8798828125,7016.68017578125,
15001,1996,1,0,0,0,0,6530.0,112686.0,119216,0.05477452650666237,2778.0,0.0,154.06573486328125,,,,,106.0,,1614.0,37021.0,,,,,,,,,,17015.140625,7412.419921875,
15001,1997,1,0,0,0,0,6662.0,116724.0,123386,0.05399315804243088,2778.0,0.0,154.06573486328125,,,,,111.0,,1702.0,37592.0,,,,,,,,,,13205.349609375,8667.6396484375,
15001,1998,1,0,0,0,0,6787.0,120804.0,127591,0.05319340527057648,2778.0,0.0,154.06573486328125,,,,,118.0,,1746.0,37193.0,,,,,,,,,,19404.5390625,12453.7001953125,
15001,1999,1,0,0,0,0,6911.0,124828.0,131739,0.05245978757739067,2778.0,0.0,154.06573486328125,,,,,123.0,,1787.0,37942.0,,,,,,,,,,20520.689453125,10784.990234375,
15001,2000,1,0,0,0,0,7022.0,128711.0,135733,0.051733918488025665,2778.0,0.0,154.06573486328125,,,,,125.0,,1729.0,37231.0,52.19361114501953,,,,,,,,,20603.221,10776.052,17434320.0
15001,2001,1,0,0,0,0,7127.0,132451.0,139578,0.051061056554317474,2778.0,0.0,154.06573486328125,,,,,123.0,,1732.0,36625.0,52.104942321777344,,,,,,,,,21156.415,12904.903,13585567.0
15001,2002,1,0,0,0,0,7220.0,136085.0,143305,0.05038205161690712,2778.0,0.0,154.06573486328125,,,,,121.0,,1761.0,38331.0,52.16233444213867,,,,,,,,,25030.839,15152.666,23474464.0
15001,2003,1,0,0,0,0,7312.0,139642.0,146954,0.04975706711411476,2778.0,0.0,154.06573486328125,,,,,104.0,,1688.0,38968.0,51.51256561279297,,,,,,,,,61116.152,21539.1,43056236.0
15001,2004,1,0,0,0,0,7390.0,143141.0,150531,0.04909287765622139,2778.0,0.0,154.06573486328125,,,,,122.0,,1747.0,35833.0,52.05424118041992,,,,,,,,,74219.83,25819.097,49641576.0
15001,2005,1,0,0,0,0,7461.0,146605.0,154066,0.04842729866504669,2778.0,0.0,154.06573486328125,12.011645894679718,32.17279,3.14028,4.2004399999999995,135.0,726.0,1679.0,36272.0,51.739356994628906,16.3,97.59315790801524,98.57990340193196,73.19922128487994,,94.68425965638167,,,79799.708,34059.77600000001,57586212.0
15001,2006,1,0,0,0,0,7519.0,150027.0,157546,0.04772574454545975,2778.0,0.0,154.06573486328125,,,,,141.0,702.0,1766.0,38301.0,52.05860137939453,15.65,,,,,,,20611.0,88836.183,36775.93400000001,60113632.0
15001,2007,1,0,0,0,0,7562.0,153425.0,160987,0.04697273671627045,2778.0,0.0,154.06573486328125,,,,,133.0,709.0,1709.0,35829.0,51.81071853637695,15.0,,,,,,,22643.0,88779.50799999999,37821.59099999999,82310936.0
15001,2008,1,0,0,0,0,7598.0,156778.0,164376,0.046223293989896774,2778.0,0.0,154.06573486328125,,,,,138.0,726.0,1814.0,36817.0,52.232810974121094,14.35,100.0,100.0,0.0,100.0,100.0,,873.0,110064.056,43691.357,81714848.0
15001,2009,1,0,0,0,0,7637.0,160139.0,167776,0.04551902413368225,2778.0,0.0,154.06573486328125,,,,,137.0,733.0,1935.0,35803.0,52.09885787963867,13.69,100.0,100.0,100.0,100.0,100.0,,27535.0,116038.347,44483.962,95574824.0
15001,2010,1,0,0,0,0,7668.0,163469.0,171137,0.044806208461523056,2778.0,0.0,154.06573486328125,,,,,148.0,810.0,1806.0,37407.0,52.50574493408203,13.04,77.4,79.78,23.13,76.42,76.16,,30376.0,124730.353,48381.791,126477960.0
15001,2011,1,0,0,0,0,7699.0,166862.0,174561,0.0441049262881279,2778.0,0.0,154.06573486328125,,,,,157.0,1098.0,1979.0,38918.0,53.196590423583984,13.04,77.67,80.03,23.13,76.7,76.44,45540.0,33401.0,128728.078,52439.24799999999,
15001,2012,1,0,0,0,0,7723.0,170248.0,177971,0.04339471086859703,2778.0,0.0,154.06573486328125,,,,,159.0,782.0,1876.0,37071.0,53.10805130004883,12.398028767560877,100.0,100.0,100.0,97.93,98.12,48183.0,36288.0,151215.115,67924.13500000001,
15001,2013,1,0,0,0,0,7747.0,173671.0,181418,0.04270248860120773,2778.0,0.0,154.06573486328125,,,,,167.0,828.0,1979.0,38156.0,53.87003707885742,11.15822589080479,96.78,98.15,68.42,93.62,93.92,50630.0,38965.0,175393.929,76420.858,
15001,2014,1,0,0,0,0,7768.0,177096.0,184864,0.042020078748464584,2778.0,0.0,154.06573486328125,,,,,170.0,669.0,1928.0,38006.0,54.433475494384766,10.060829589671192,100.0,100.0,100.0,98.07,98.25,53059.0,42186.0,217002.63999999998,90690.764,
15001,2015,1,0,0,0,0,7786.0,180594.0,188380,0.041331350803375244,2778.0,0.0,154.06573486328125,,,,,164.0,677.0,1972.0,37835.0,54.91234588623047,9.827611884,86.44,85.94,100.0,75.35,82.76,63839.0,44755.0,187965.109375,90897.640625,
15001,2016,1,0,0,0,0,7799.0,184125.0,191924,0.04063587635755539,2778.0,0.0,154.06573486328125,,,,,176.0,644.0,2168.0,38903.0,55.41147232055664,,80.66,84.71,38.02,77.37,77.45,,48178.0,206573.15000000002,93148.46800000001,
15001,2017,1,0,0,0,0,7803.0,187735.0,195538,0.03990528732538223,2778.0,0.0,154.06573486328125,,,,,163.0,617.0,2126.0,37796.0,55.310150146484375,,,,,,,,,223699.65224093362,102565.0609741211,
15001,2018,1,0,0,0,0,8654.0,163894.0,172548,0.05015416070818901,2778.0,0.0,154.06573486328125,3.5966436919388673,11.4,0.9,1.9,171.0,659.0,2170.0,38497.0,55.330780029296875,,,,,,,,,249112.66612675,126252.10585773998,
15001,2019,1,0,0,0,0,8464.0,167883.0,176347,0.04799627885222435,2778.0,0.0,,,,,,171.0,697.0,2205.0,38250.0,54.84004592895508,,,,,,,,,271244.33018736,132154.30636028998,
15001,2020,1,0,0,0,0,7802.0,171461.0,179263,0.04352264478802681,2778.0,0.0,,,,,,172.0,727.0,2093.0,37537.0,54.94587326049805,,,,,,,,,285054.81027696,133126.9468656,
15001,2021,1,0,0,0,0,7764.0,172804.0,180568,0.04299765080213547,2778.0,0.0,,,,,,173.0,702.0,2054.0,36173.0,55.66376495361328,,,,,,,,,339969.379342,167886.6949321,
15001,2022,1,0,0,0,0,7719.0,173991.0,181710,0.042479775846004486,2778.0,0.0,,,,,,176.0,833.0,2180.0,36721.0,56.03364562988281,,,,,,,,,361603.889255,186996.5385115,
15001,2023,1,0,0,0,0,7678.0,175150.0,182828,0.041995756328105927,2778.0,0.0,,,,,,,,,,,,,,,,,,,416466.763466,208047.967556,
15131,1993,1,0,0,0,0,5069.0,216.0,5285,0.9591296315193176,2650.0,56.22854995727539,133.30067443847656,43.67198181152344,,,,,,,,,,,,,,,,,133.77000427246094,133.77000427246094,
15131,1994,1,0,0,0,0,4990.0,218.0,5208,0.9581413269042969,2650.0,56.22854995727539,133.30067443847656,,,,,,,,,,,,,,,,,,163.99000549316406,163.99000549316406,
15131,1995,1,0,0,0,0,4889.0,220.0,5109,0.9569387435913086,2650.0,56.22854995727539,133.30067443847656,,,,,,,,,,,,,,,,,,346.69000244140625,346.69000244140625,
15131,1996,1,0,0,0,0,4774.0,223.0,4997,0.955373227596283,2650.0,56.22854995727539,133.30067443847656,,,,,13.0,,62.0,941.0,,,,,,,,,,0.0,0.0,
15131,1997,1,0,0,0,0,4647.0,226.0,4873,0.9536219835281372,2650.0,56.22854995727539,133.30067443847656,,,,,13.0,,63.0,937.0,,,,,,,,,,677.7100219726562,164.67999267578125,
15131,1998,1,0,0,0,0,4515.0,230.0,4745,0.9515279531478882,2650.0,56.22854995727539,133.30067443847656,,,,,13.0,,63.0,926.0,,,,,,,,,,1183.699951171875,167.16000366210938,
15131,1999,1,0,0,0,0,4381.0,233.0,4614,0.9495015144348145,2650.0,56.22854995727539,133.30067443847656,,,,,13.0,,65.0,917.0,,,,,,,,,,1798.93994140625,789.9500122070312,
15131,2000,1,0,0,0,0,4253.0,236.0,4489,0.9474270343780518,2650.0,56.22854995727539,133.30067443847656,,,,,13.0,,59.0,973.0,47.970787048339844,,,,,,,,,2545.685,334.482,963275.0
15131,2001,1,0,0,0,0,4135.0,238.0,4373,0.9455751180648804,2650.0,56.22854995727539,133.30067443847656,,,,,13.0,,58.0,956.0,47.359886169433594,,,,,,,,,1348.433,283.16,710949.0
15131,2002,1,0,0,0,0,4027.0,240.0,4267,0.9437543749809265,2650.0,56.22854995727539,133.30067443847656,,,,,13.0,,58.0,989.0,47.83333206176758,,,,,,,,,2095.297,357.86,1678051.0
15131,2003,1,0,0,0,0,3933.0,243.0,4176,0.9418103694915771,2650.0,56.22854995727539,133.30067443847656,,,,,8.0,,50.0,959.0,47.646095275878906,,,,,,,,,2082.58803,506.03834,1499419.75
15131,2004,1,0,0,0,0,3858.0,244.0,4102,0.9405168294906616,2650.0,56.22854995727539,133.30067443847656,,,,,13.0,,48.0,955.0,47.35917663574219,,,,,,,,,2324.64,966.201,1512240.0
15131,2005,1,0,0,0,0,3805.0,245.0,4050,0.9395061731338501,2650.0,56.22854995727539,133.30067443847656,39.04320987654321,73.73971,47.53452,40.33531,13.0,,45.0,913.0,47.454002380371094,20.64,57.6530612244898,100.0,55.183585313174945,,9.489795918367347,,,1840.938,575.03387,1237889.0
15131,2006,1,0,0,0,0,3769.0,246.0,4015,0.9387297630310059,2650.0,56.22854995727539,133.30067443847656,,,,,13.0,,40.0,906.0,48.57710266113281,19.82,,,,,,,52.0,2625.432662,677.1086620000001,1562609.0
15131,2007,1,0,0,0,0,3722.0,247.0,3969,0.9377676844596863,2650.0,56.22854995727539,133.30067443847656,,,,,,2.0,20.0,407.0,49.08371353149414,18.99,,,,,,,54.0,2566.351,637.7470000000001,2068007.0
15131,2008,1,0,0,0,0,3686.0,247.0,3933,0.9371980428695679,2650.0,56.22854995727539,133.30067443847656,,,,,13.0,8.0,42.0,884.0,49.50396728515625,18.17,20.21,100.0,14.68,10.68,10.68,,122.0,3061.917,769.0930000000001,2836205.0
15131,2009,1,0,0,0,0,3646.0,248.0,3894,0.9363122582435608,2650.0,56.22854995727539,133.30067443847656,,,,,13.0,8.0,43.0,924.0,49.70613098144531,17.34,20.21,100.0,14.68,10.68,10.68,,57.0,2882.199,723.7460000000001,3561795.0
15131,2010,1,0,0,0,0,3609.0,248.0,3857,0.935701310634613,2650.0,56.22854995727539,133.30067443847656,,,,,13.0,15.0,45.0,929.0,49.44363784790039,16.52,6.16,100.0,0.0,6.16,6.16,,59.0,3050.054,857.027,2730362.0
15131,2011,1,0,0,0,0,3558.0,249.0,3807,0.9345941543579102,2650.0,56.22854995727539,133.30067443847656,,,,,13.0,10.0,51.0,869.0,47.02919006347656,16.52,6.16,100.0,0.0,6.16,6.16,1195.0,60.0,4381.443892,1055.685403,
15131,2012,1,0,0,0,0,3521.0,249.0,3770,0.933952271938324,2650.0,56.22854995727539,133.30067443847656,,,,,13.0,8.0,41.0,815.0,49.86311721801758,16.44191854040822,6.06,100.0,0.0,6.06,6.06,1219.0,62.0,3990.35,1132.274,
15131,2013,1,0,0,0,0,3475.0,249.0,3724,0.9331364035606384,2650.0,56.22854995727539,133.30067443847656,,,,,13.0,7.0,41.0,766.0,50.58266830444336,16.44191854040822,8.73,100.0,0.0,8.73,8.73,1231.0,63.0,5166.466,1449.902,
15131,2014,1,0,0,0,0,3430.0,249.0,3679,0.9323185682296753,2650.0,56.22854995727539,133.30067443847656,,,,,13.0,8.0,38.0,431.0,49.57133102416992,15.438702514507966,13.54,100.0,7.57,13.54,13.54,1228.0,68.0,6619.26,804.2520000000001,
15131,2015,1,0,0,0,0,3390.0,248.0,3638,0.9318307042121887,2650.0,56.22854995727539,133.30067443847656,,,,,13.0,7.0,38.0,316.0,48.64400863647461,15.438702514507966,13.54,100.0,0.0,13.54,13.54,1232.0,87.0,9336.31640625,1027.49694824218,
15131,2016,1,0,0,0,0,3348.0,248.0,3596,0.931034505367279,2650.0,56.22854995727539,133.30067443847656,,,,,13.0,7.0,33.0,470.0,50.80976486206055,,79.08,100.0,77.63,13.54,13.54,,88.0,5032.983,1355.495,
15131,2017,1,0,0,0,0,3303.0,247.0,3550,0.9304225444793701,2650.0,56.22854995727539,133.30067443847656,,,,,13.0,7.0,31.0,409.0,50.98286819458008,,,,,,,,,7385.020255356933,1890.4702377319336,
15131,2018,1,0,0,0,0,2898.0,245.0,3143,0.9220489859580994,2650.0,56.22854995727539,133.30067443847656,15.39708265802269,43.7,33.4,15.8,13.0,7.0,30.0,307.0,49.1216926574707,,,,,,,,,6976.6589539999995,2065.899907,
15131,2019,1,0,0,0,0,2876.0,251.0,3127,0.9197313785552979,2650.0,56.22854995727539,,,,,,13.0,7.0,30.0,312.0,48.45109558105469,,,,,,,,,7333.306519000001,2091.950146,
15131,2020,1,0,0,0,0,2869.0,257.0,3126,0.9177863001823425,2650.0,56.22854995727539,,,,,,13.0,7.0,30.0,292.0,47.3226318359375,,,,,,,,,8128.599232999999,2153.383117,
15131,2021,1,0,0,0,0,2850.0,298.0,3148,0.9053367376327515,2650.0,56.22854995727539,,,,,,13.0,8.0,28.0,302.0,49.606285095214844,,,,,,,,,8278.314755,2016.0723104,
15131,2022,1,0,0,0,0,2834.0,334.0,3168,0.8945707082748413,2650.0,56.22854995727539,,,,,,11.0,9.0,38.0,282.0,50.59547805786133,,,,,,,,,7487.516904,2062.229725,
15131,2023,1,0,0,0,0,2819.0,369.0,3188,0.8842534422874451,2650.0,56.22854995727539,,,,,,,,,,,,,,,,,,,11291.694794,2903.6408709,
15204,1993,1,0,0,0,0,10330.0,462.0,10792,0.9571905136108398,2825.0,18.298906326293945,164.04710388183594,38.29045486450195,,,,,,,,,,,,,,,,,430.6700134277344,430.6700134277344,
15204,1994,1,0,0,0,0,10412.0,477.0,10889,0.9561943411827087,2825.0,18.298906326293945,164.04710388183594,,,,,,,,,,,,,,,,,,540.0700073242188,540.0700073242188,
15204,1995,1,0,0,0,0,10512.0,499.0,11011,0.9546816945075989,2825.0,18.298906326293945,164.04710388183594,,,,,,,,,,,,,,,,,,894.3200073242188,894.3200073242188,
15204,1996,1,0,0,0,0,10635.0,526.0,11161,0.9528716206550598,2825.0,18.298906326293945,164.04710388183594,,,,,22.0,,131.0,2370.0,,,,,,,,,,1249.0799560546875,449.8299865722656,
15204,1997,1,0,0,0,0,10771.0,557.0,11328,0.950829803943634,2825.0,18.298906326293945,164.04710388183594,,,,,22.0,,122.0,2300.0,,,,,,,,,,1560.9599609375,545.5,
15204,1998,1,0,0,0,0,10921.0,590.0,11511,0.9487446546554565,2825.0,18.298906326293945,164.04710388183594,,,,,22.0,,122.0,2264.0,,,,,,,,,,1680.699951171875,463.17999267578125,
15204,1999,1,0,0,0,0,11085.0,626.0,11711,0.9465459585189819,2825.0,18.298906326293945,164.04710388183594,,,,,22.0,,126.0,2251.0,,,,,,,,,,317.0899963378906,268.1099853515625,
15204,2000,1,0,0,0,0,11261.0,663.0,11924,0.9443978667259216,2825.0,18.298906326293945,164.04710388183594,,,,,21.0,,119.0,2234.0,48.70775604248047,,,,,,,,,1739.77,515.005,1491727.0
15204,2001,1,0,0,0,0,11450.0,700.0,12150,0.9423868060112,2825.0,18.298906326293945,164.04710388183594,,,,,21.0,,106.0,2147.0,49.58565902709961,,,,,,,,,2742.393,1110.245,644347.0
15204,2002,1,0,0,0,0,11638.0,736.0,12374,0.9405204653739929,2825.0,18.298906326293945,164.04710388183594,,,,,21.0,,102.0,2071.0,49.9201774597168,,,,,,,,,3513.117,1093.487,2469367.0
15204,2003,1,0,0,0,0,11821.0,771.0,12592,0.9387706518173218,2825.0,18.298906326293945,164.04710388183594,,,,,12.0,,101.0,2138.0,48.44788360595703,,,,,,,,,3899.635,1245.865,2601440.0
15204,2004,1,0,0,0,0,11992.0,803.0,12795,0.9372411370277405,2825.0,18.298906326293945,164.04710388183594,,,,,22.0,,95.0,2109.0,50.587711334228516,,,,,,,,,3769.457,1112.902,2549077.0
15204,2005,1,0,0,0,0,12147.0,834.0,12981,0.935752272605896,2825.0,18.298906326293945,164.04710388183594,38.396693748322235,69.44401,30.228699999999996,55.396840000000005,22.0,21.0,99.0,2159.0,49.37423324584961,26.17,74.8969497114592,97.26775956284153,73.07177886758805,,13.520197856553997,,,4325.55,1406.386,3025509.0
15204,2006,1,0,0,0,0,12270.0,863.0,13133,0.9342876672744751,2825.0,18.298906326293945,164.04710388183594,,,,,22.0,19.0,89.0,1965.0,50.71164321899414,25.39,,,,,,,113.0,4428.149769000001,1215.295769,3823911.0
15204,2007,1,0,0,0,0,12386.0,891.0,13277,0.9328914880752563,2825.0,18.298906326293945,164.04710388183594,,,,,,15.0,89.0,2013.0,49.75965881347656,24.6,,,,,,,118.0,4953.343,1475.929,3992670.0
15204,2008,1,0,0,0,0,12524.0,919.0,13443,0.9316372871398926,2825.0,18.298906326293945,164.04710388183594,,,,,23.0,23.0,108.0,2164.0,51.383880615234375,23.82,12.86,0.0,12.86,1.72,1.72,,14237.0,5327.266,1635.915,5406922.0
15204,2009,1,0,0,0,0,12658.0,947.0,13605,0.9303932189941406,2825.0,18.298906326293945,164.04710388183594,,,,,22.0,20.0,113.0,2081.0,51.51193618774414,23.03,12.49,29.88,11.46,1.67,1.67,,148.0,6341.326,2483.0190000000002,6923227.0
15204,2010,1,0,0,0,0,12788.0,975.0,13763,0.9291579127311707,2825.0,18.298906326293945,164.04710388183594,,,,,23.0,74.0,116.0,1944.0,50.65659713745117,22.25,12.49,29.88,11.46,1.67,1.67,,168.0,6890.83913,2015.9792,2498300.75
15204,2011,1,0,0,0,0,12934.0,1002.0,13936,0.9280998706817627,2825.0,18.298906326293945,164.04710388183594,,,,,23.0,43.0,118.0,1882.0,52.04842758178711,22.25,12.12,27.19,11.16,1.62,1.62,2727.0,175.0,7042.287852,2516.851383,
15204,2012,1,0,0,0,0,13070.0,1028.0,14098,0.9270818829536438,2825.0,18.298906326293945,164.04710388183594,,,,,24.0,73.0,138.0,1904.0,51.947879791259766,20.5966633383537,100.0,100.0,100.0,13.35,13.35,2956.0,192.0,8263.667672,1650.5429050000002,
15204,2013,1,0,0,0,0,13222.0,1055.0,14277,0.9261049032211304,2825.0,18.298906326293945,164.04710388183594,,,,,24.0,36.0,138.0,1828.0,52.77387619018555,19.22016109115893,100.0,100.0,100.0,14.36,13.98,3012.0,232.0,11655.347436,2737.023578,
15204,2014,1,0,0,0,0,13362.0,1081.0,14443,0.9251540303230286,2825.0,18.298906326293945,164.04710388183594,,,,,24.0,32.0,131.0,1549.0,52.71585464477539,20.973723751589212,100.0,100.0,100.0,13.48,10.24,3066.0,253.0,13089.279091,3628.6353279999994,
15204,2015,1,0,0,0,0,13525.0,1107.0,14632,0.9243438839912415,2825.0,18.298906326293945,164.04710388183594,,,,,24.0,37.0,132.0,1640.0,55.200130462646484,20.973723751589212,100.0,100.0,100.0,13.48,10.24,3379.0,341.0,15010.3115234375,3930.484375,
15204,2016,1,0,0,0,0,13680.0,1132.0,14812,0.9235754609107971,2825.0,18.298906326293945,164.04710388183594,,,,,24.0,28.0,163.0,1568.0,53.13765335083008,,25.49,80.93,21.54,4.68,3.81,,374.0,11914.302,4015.759,
15204,2017,1,0,0,0,0,13826.0,1157.0,14983,0.9227791428565979,2825.0,18.298906326293945,164.04710388183594,,,,,25.0,33.0,153.0,1687.0,54.5247917175293,,,,,,,,,15986.281772761718,4898.984069824219,
15204,2018,1,0,0,0,0,11684.0,1286.0,12970,0.9008480906486511,2825.0,18.298906326293945,164.04710388183594,10.373621667915641,36.1,11.6,41.9,25.0,33.0,174.0,1688.0,53.25698471069336,,,,,,,,,14205.18757039,4504.29304127,
15204,2019,1,0,0,0,0,11813.0,1327.0,13140,0.8990106582641602,2825.0,18.298906326293945,,,,,,25.0,46.0,175.0,1680.0,55.281585693359375,,,,,,,,,19901.07844116,5033.44984884,
15204,2020,1,0,0,0,0,11920.0,1360.0,13280,0.8975903391838074,2825.0,18.298906326293945,,,,,,25.0,50.0,190.0,1641.0,54.22483444213867,,,,,,,,,29220.23127312,18606.11095622,
15204,2021,1,0,0,0,0,11860.0,1517.0,13377,0.8865963816642761,2825.0,18.298906326293945,,,,,,25.0,47.0,185.0,1725.0,54.16133499145508,,,,,,,,,18026.565769,5664.54661125,
15204,2022,1,0,0,0,0,11794.0,1667.0,13461,0.876160740852356,2825.0,18.298906326293945,,,,,,24.0,51.0,198.0,1763.0,52.86800765991211,,,,,,,,,20334.586345999996,7526.439014499999,
15204,2023,1,0,0,0,0,11731.0,1813.0,13544,0.8661400079727173,2825.0,18.298906326293945,,,,,,,,,,,,,,,,,,,15787.930927,7105.6495199,
15238,1993,1,0,0,0,0,23430.0,71444.0,94874,0.2469591200351715,2532.0,53.708194732666016,138.1765899658203,16.576446533203125,,,,,,,,,,,,,,,,,3312.080078125,3312.080078125,
15238,1994,1,0,0,0,0,23291.0,73363.0,96654,0.24097295105457306,2532.0,53.708194732666016,138.1765899658203,,,,,,,,,,,,,,,,,,3176.639892578125,3176.639892578125,
15238,1995,1,0,0,0,0,22914.0,75357.0,98271,0.23317153751850128,2532.0,53.708194732666016,138.1765899658203,,,,,,,,,,,,,,,,,,4777.06005859375,2155.389892578125,
15238,1996,1,0,0,0,0,22351.0,77445.0,99796,0.22396689653396606,2532.0,53.708194732666016,138.1765899658203,,,,,69.0,,1003.0,24996.0,,,,,,,,,,5870.97021484375,3148.77001953125,
15238,1997,1,0,0,0,0,21630.0,79529.0,101159,0.21382179856300354,2532.0,53.708194732666016,138.1765899658203,,,,,75.0,,1107.0,26008.0,,,,,,,,,,10491.3603515625,4750.39013671875,
15238,1998,1,0,0,0,0,20787.0,81574.0,102361,0.20307539403438568,2532.0,53.708194732666016,138.1765899658203,,,,,80.0,,1130.0,26547.0,,,,,,,,,,11701.76953125,5055.4599609375,
15238,1999,1,0,0,0,0,19862.0,83536.0,103398,0.1920926868915558,2532.0,53.708194732666016,138.1765899658203,,,,,83.0,,1097.0,26321.0,,,,,,,,,,13287.419921875,6330.169921875,
15238,2000,1,0,0,0,0,18894.0,85379.0,104273,0.18119743466377258,2532.0,53.708194732666016,138.1765899658203,,,,,87.0,,1111.0,26692.0,53.30699920654297,,,,,,,,,12082.0,6507.0,6460634.0
15238,2001,1,0,0,0,0,17917.0,87105.0,105022,0.17060235142707825,2532.0,53.708194732666016,138.1765899658203,,,,,90.0,,1148.0,26614.0,52.88693618774414,,,,,,,,,0.0,0.0,6986088.0
15238,2002,1,0,0,0,0,16948.0,88727.0,105675,0.16037851572036743,2532.0,53.708194732666016,138.1765899658203,,,,,90.0,,1200.0,26957.0,53.77900314331055,,,,,,,,,18744.187,9565.654,10453819.0
15238,2003,1,0,0,0,0,16018.0,90244.0,106262,0.1507406234741211,2532.0,53.708194732666016,138.1765899658203,,,,,83.0,,1194.0,28205.0,53.69577407836914,,,,,,,,,36470.089,10097.299,26805104.0
15238,2004,1,0,0,0,0,15159.0,91669.0,106828,0.14190100133419037,2532.0,53.708194732666016,138.1765899658203,,,,,112.0,,1112.0,23350.0,53.46259307861328,,,,,,,,,47672.41999999999,11388.74,33389572.0
15238,2005,1,0,0,0,0,14403.0,93014.0,107417,0.13408492505550385,2532.0,53.708194732666016,138.1765899658203,8.99323931403001,27.51923,3.09136,2.8867,100.0,403.0,1175.0,22888.0,53.54954147338867,13.1,97.17192041135702,98.9880171063217,83.8559453585843,,89.28385125568225,,,52445.209,13633.486,43057704.0
15238,2006,1,0,0,0,0,13741.0,94385.0,108126,0.1270832121372223,2532.0,53.708194732666016,138.1765899658203,,,,,100.0,432.0,1200.0,25267.0,54.47959518432617,12.71,,,,,,,12725.0,53460.47461000001,14630.39061,40751296.0
15238,2007,1,0,0,0,0,13132.0,95644.0,108776,0.12072516232728958,2532.0,53.708194732666016,138.1765899658203,,,,,90.0,418.0,1338.0,27344.0,54.40414810180664,12.32,,,,,,,13988.0,59170.611,17256.615916,52253548.0
15238,2008,1,0,0,0,0,12577.0,96788.0,109365,0.11500022560358047,2532.0,53.708194732666016,138.1765899658203,,,,,95.0,487.0,1380.0,27513.0,53.854339599609375,11.92,81.64,100.0,42.31,70.17,71.95,,9596.0,65493.50700000001,19478.108,64908980.0
15238,2009,1,0,0,0,0,12074.0,97840.0,109914,0.10984952002763748,2532.0,53.708194732666016,138.1765899658203,,,,,88.0,452.0,1266.0,22143.0,53.24040985107422,11.53,82.33,100.0,43.15,71.05,72.76,,16781.0,69329.74900000001,21593.879,69209248.0
15238,2010,1,0,0,0,0,11624.0,98794.0,110418,0.10527268797159195,2532.0,53.708194732666016,138.1765899658203,,,,,94.0,420.0,1305.0,23843.0,53.917930603027344,11.14,79.31,75.2,99.18,63.64,64.65,,19146.0,82934.538,23707.477,80816112.0
15238,2011,1,0,0,0,0,11228.0,99683.0,110911,0.1012343242764473,2532.0,53.708194732666016,138.1765899658203,,,,,95.0,427.0,1315.0,23779.0,53.89252471923828,11.14,93.33,96.77,78.97,79.56,78.65,32826.0,21068.0,85283.259108,27780.429453,
15238,2012,1,0,0,0,0,10885.0,100482.0,111367,0.09773990511894226,2532.0,53.708194732666016,138.1765899658203,,,,,92.0,398.0,1246.0,24114.0,53.625633239746094,11.093187952937225,93.67,97.08,79.05,80.13,79.35,34454.0,23537.0,103309.569099,30172.980226,
15238,2013,1,0,0,0,0,10594.0,101210.0,111804,0.09475510567426682,2532.0,53.708194732666016,138.1765899658203,,,,,93.0,403.0,1272.0,24350.0,54.41534423828125,10.938631000245273,85.61,89.45,70.5,72.3,71.53,35758.0,25693.0,103207.939962,33557.906982,
15238,2014,1,0,0,0,0,10357.0,101886.0,112243,0.09227301180362701,2532.0,53.708194732666016,138.1765899658203,,,,,93.0,368.0,1239.0,24548.0,54.719276428222656,10.185231413173167,88.11,89.96,81.58,70.67,72.45,35752.0,27685.0,110919.99787600001,36185.131022,
15238,2015,1,0,0,0,0,10173.0,102519.0,112692,0.09027259796857834,2532.0,53.708194732666016,138.1765899658203,,,,,89.0,347.0,1210.0,25305.0,55.00423812866211,9.16670827185585,95.87,100.0,82.02,79.19,80.4,43846.0,29080.0,121514.59375,38672.62109375,
15238,2016,1,0,0,0,0,10042.0,103063.0,113105,0.08878475427627563,2532.0,53.708194732666016,138.1765899658203,,,,,93.0,328.0,1304.0,25022.0,55.62715530395508,,96.57,99.97,83.87,80.34,79.69,,30997.0,124028.81835000002,39210.443471,
15238,2017,1,0,0,0,0,9964.0,103552.0,113516,0.08777616918087006,2532.0,53.708194732666016,138.1765899658203,,,,,87.0,325.0,1284.0,24314.0,55.69902420043945,,,,,,,,,137137.76680755615,42345.61177825928,
15238,2018,1,0,0,0,0,14916.0,107520.0,122436,0.12182691693305969,2532.0,53.708194732666016,138.1765899658203,3.3579756204116946,10.5,1.0,1.3,84.0,331.0,1304.0,24436.0,55.594505310058594,,,,,,,,,147721.30293645,44086.60426191,
15238,2019,1,0,0,0,0,14750.0,110030.0,124780,0.11820804327726364,2532.0,53.708194732666016,,,,,,85.0,391.0,1309.0,24274.0,55.48061752319336,,,,,,,,,180676.68487054,48337.471090820014,
15238,2020,1,0,0,0,0,14362.0,112308.0,126670,0.11338122934103012,2532.0,53.708194732666016,,,,,,83.0,397.0,1235.0,23499.0,54.91794967651367,,,,,,,,,169391.4069756,43984.06663304,
15238,2021,1,0,0,0,0,14286.0,113306.0,127592,0.11196626722812653,2532.0,53.708194732666016,,,,,,82.0,393.0,1202.0,23285.0,55.23649597167969,,,,,,,,,181585.04748799998,49931.603816099996,
15238,2022,1,0,0,0,0,14208.0,114192.0,128400,0.11065420508384705,2532.0,53.708194732666016,,,,,,81.0,431.0,1258.0,23238.0,55.19032669067383,,,,,,,,,202529.86936500002,61424.46331140001,
15238,2023,1,0,0,0,0,14132.0,115060.0,129192,0.10938757658004761,2532.0,53.708194732666016,,,,,,,,,,,,,,,,,,,231368.371472,70921.9276386,
15299,1993,1,0,0,0,0,5343.0,9098.0,14441,0.36998823285102844,1675.0,49.5181770324707,113.46438598632812,26.738977432250977,,,,,,,,,,,,,,,,,1126.0,1126.0,
15299,1994,1,0,0,0,0,5237.0,9322.0,14559,0.3597087860107422,1675.0,49.5181770324707,113.46438598632812,,,,,,,,,,,,,,,,,,837.3599853515625,837.3599853515625,
15299,1995,1,0,0,0,0,5135.0,9581.0,14716,0.3489399254322052,1675.0,49.5181770324707,113.46438598632812,,,,,,,,,,,,,,,,,,859.510009765625,859.510009765625,
15299,1996,1,0,0,0,0,5038.0,9875.0,14913,0.33782604336738586,1675.0,49.5181770324707,113.46438598632812,,,,,29.0,,195.0,3984.0,,,,,,,,,,1503.8499755859375,532.0900268554688,
15299,1997,1,0,0,0,0,4942.0,10186.0,15128,0.326678991317749,1675.0,49.5181770324707,113.46438598632812,,,,,29.0,,207.0,4085.0,,,,,,,,,,1809.2099609375,1191.9100341796875,
15299,1998,1,0,0,0,0,4848.0,10503.0,15351,0.31581005454063416,1675.0,49.5181770324707,113.46438598632812,,,,,29.0,,209.0,4060.0,,,,,,,,,,1705.02001953125,674.3800048828125,
15299,1999,1,0,0,0,0,4758.0,10819.0,15577,0.30545035004615784,1675.0,49.5181770324707,113.46438598632812,,,,,29.0,,183.0,3243.0,,,,,,,,,,2242.949951171875,944.1900024414062,
15299,2000,1,0,0,0,0,4672.0,11121.0,15793,0.2958272695541382,1675.0,49.5181770324707,113.46438598632812,,,,,31.0,,228.0,4379.0,51.3847770690918,,,,,,,,,2614.923,1370.86,2225216.0
15299,2001,1,0,0,0,0,4587.0,11406.0,15993,0.28681299090385437,1675.0,49.5181770324707,113.46438598632812,,,,,30.0,,213.0,4194.0,51.66366958618164,,,,,,,,,3674.507000000001,1201.94,3356073.0
15299,2002,1,0,0,0,0,4502.0,11671.0,16173,0.2783651649951935,1675.0,49.5181770324707,113.46438598632812,,,,,30.0,,214.0,4176.0,52.1901969909668,,,,,,,,,4369.769,2219.965,2986088.0
15299,2003,1,0,0,0,0,4413.0,11911.0,16324,0.27033814787864685,1675.0,49.5181770324707,113.46438598632812,,,,,28.0,,195.0,4605.0,51.8239860534668,,,,,,,,,4018.776,1812.553,3191607.0
15299,2004,1,0,0,0,0,4319.0,12122.0,16441,0.26269692182540894,1675.0,49.5181770324707,113.46438598632812,,,,,30.0,,153.0,3960.0,51.677886962890625,,,,,,,,,6580.482,1939.729,5626298.0
15299,2005,1,0,0,0,0,4219.0,12301.0,16520,0.25538739562034607,1675.0,49.5181770324707,113.46438598632812,23.062021953401743,47.3104,21.281390000000002,13.50364,29.0,71.0,154.0,3986.0,50.98463439941406,19.71,79.67213114754098,99.41520467836257,37.56419662509171,,68.14988290398126,,,4323.377,1794.423,3908848.0
15299,2006,1,0,0,0,0,4108.0,12466.0,16574,0.24785809218883514,1675.0,49.5181770324707,113.46438598632812,,,,,29.0,67.0,151.0,3915.0,50.12765884399414,19.12,,,,,,,,5743.393224,1941.562224,4423502.0
15299,2007,1,0,0,0,0,4003.0,12633.0,16636,0.24062274396419525,1675.0,49.5181770324707,113.46438598632812,,,,,28.0,43.0,144.0,3709.0,51.68561935424805,18.53,,,,,,,,7065.575000000001,1916.59,5345814.0
15299,2008,1,0,0,0,0,3900.0,12785.0,16685,0.2337428778409958,1675.0,49.5181770324707,113.46438598632812,,,,,27.0,41.0,145.0,3628.0,51.68104553222656,17.94,29.99,100.0,0.0,29.99,29.99,,,6479.617,2165.632,6029659.0
15299,2009,1,0,0,0,0,3802.0,12936.0,16738,0.22714780271053314,1675.0,49.5181770324707,113.46438598632812,,,,,26.0,38.0,139.0,3537.0,51.33976745605469,17.35,33.44,100.0,0.0,33.44,33.44,,,9342.417000000001,2637.8,11284233.0
15299,2010,1,0,0,0,0,3706.0,13073.0,16779,0.22087132930755615,1675.0,49.5181770324707,113.46438598632812,,,,,29.0,43.0,153.0,3390.0,50.6793327331543,16.76,39.87,100.0,0.0,39.87,39.87,,,9281.991,2945.456,11626123.0
15299,2011,1,0,0,0,0,3615.0,13207.0,16822,0.21489715576171875,1675.0,49.5181770324707,113.46438598632812,,,,,29.0,41.0,163.0,3321.0,50.01609802246094,16.623060391653972,44.45,100.0,18.74,31.65,31.65,5536.0,2157.0,7311.231000000001,3140.582,
15299,2012,1,0,0,0,0,3527.0,13328.0,16855,0.2092554122209549,1675.0,49.5181770324707,113.46438598632812,,,,,29.0,39.0,151.0,3237.0,50.52431869506836,16.623060391653972,99.88,99.85,100.0,82.12,82.12,5613.0,2496.0,9510.060211,3156.5317889999997,
15299,2013,1,0,0,0,0,3442.0,13438.0,16880,0.2039099484682083,1675.0,49.5181770324707,113.46438598632812,,,,,29.0,40.0,146.0,3135.0,52.95600891113281,15.905624126982508,99.8,99.85,99.54,83.12,83.12,5753.0,2602.0,14267.307671999999,3549.165698,
15299,2014,1,0,0,0,0,3363.0,13547.0,16910,0.19887641072273254,1675.0,49.5181770324707,113.46438598632812,,,,,29.0,42.0,144.0,2792.0,53.31756591796875,14.626176152461944,100.0,100.0,100.0,85.35,85.35,5968.0,2950.0,15246.874125999999,3857.9073439999997,
15299,2015,1,0,0,0,0,3290.0,13654.0,16944,0.1941690295934677,1675.0,49.5181770324707,113.46438598632812,,,,,24.0,21.0,144.0,2635.0,54.292999267578125,12.875422867012249,100.0,100.0,100.0,85.55,85.55,6730.0,3312.0,19542.32421875,5067.85498046875,
15299,2016,1,0,0,0,0,3221.0,13753.0,16974,0.18976080417633057,1675.0,49.5181770324707,113.46438598632812,,,,,28.0,21.0,150.0,2777.0,54.99459457397461,,100.0,100.0,100.0,85.61,85.61,,3476.0,17621.936922,5323.350326,
15299,2017,1,0,0,0,0,3158.0,13850.0,17008,0.18567733466625214,1675.0,49.5181770324707,113.46438598632812,,,,,28.0,33.0,148.0,2761.0,51.75422286987305,,,,,,,,,18165.090567998046,5648.651031494141,
15299,2018,1,0,0,0,0,5574.0,12358.0,17932,0.3108409643173218,1675.0,49.5181770324707,113.46438598632812,7.340631036703155,20.3,13.8,5.3,29.0,30.0,155.0,2784.0,52.209346771240234,,,,,,,,,21901.22468,6600.057616,
15299,2019,1,0,0,0,0,5525.0,12619.0,18144,0.30450838804244995,1675.0,49.5181770324707,,,,,,29.0,38.0,157.0,2654.0,51.39015197753906,,,,,,,,,20965.161698,5754.00252,
15299,2020,1,0,0,0,0,5463.0,12859.0,18322,0.2981661260128021,1675.0,49.5181770324707,,,,,,29.0,40.0,157.0,2614.0,51.30714797973633,,,,,,,,,22999.831148,6476.29663,
15299,2021,1,0,0,0,0,5434.0,13021.0,18455,0.2944459617137909,1675.0,49.5181770324707,,,,,,25.0,35.0,142.0,2630.0,52.150123596191406,,,,,,,,,27670.873005999998,6197.1517005,
15299,2022,1,0,0,0,0,5404.0,13168.0,18572,0.2909756600856781,1675.0,49.5181770324707,,,,,,25.0,40.0,154.0,2620.0,52.2017822265625,,,,,,,,,31010.686434000003,7175.69118815,
15299,2023,1,0,0,0,0,5375.0,13312.0,18687,0.28763312101364136,1675.0,49.5181770324707,,,,,,,,,,,,,,,,,,,30595.962318,8215.94000115,
15322,1993,1,0,0,0,0,3078.0,6595.0,9673,0.318205326795578,1810.0,58.05144119262695,103.05453491210938,25.29892921447754,,,,,,,,,,,,,,,,,464.0,464.0,
15322,1994,1,0,0,0,0,3028.0,6638.0,9666,0.3132629692554474,1810.0,58.05144119262695,103.05453491210938,,,,,,,,,,,,,,,,,,555.4500122070312,555.4500122070312,
15322,1995,1,0,0,0,0,2998.0,6691.0,9689,0.3094230592250824,1810.0,58.05144119262695,103.05453491210938,,,,,,,,,,,,,,,,,,697.7999877929688,643.1300048828125,
15322,1996,1,0,0,0,0,2989.0,6757.0,9746,0.30668991804122925,1810.0,58.05144119262695,103.05453491210938,,,,,17.0,,115.0,2815.0,,,,,,,,,,1855.949951171875,530.280029296875,
15322,1997,1,0,0,0,0,2991.0,6824.0,9815,0.3047376573085785,1810.0,58.05144119262695,103.05453491210938,,,,,17.0,,116.0,2817.0,,,,,,,,,,2427.780029296875,620.030029296875,
15322,1998,1,0,0,0,0,3005.0,6890.0,9895,0.30368873476982117,1810.0,58.05144119262695,103.05453491210938,,,,,18.0,,125.0,2891.0,,,,,,,,,,1503.0,655.6300048828125,
15322,1999,1,0,0,0,0,3024.0,6952.0,9976,0.3031274974346161,1810.0,58.05144119262695,103.05453491210938,,,,,18.0,,121.0,2720.0,,,,,,,,,,2202.280029296875,989.5399780273438,
15322,2000,1,0,0,0,0,3047.0,7004.0,10051,0.3031539022922516,1810.0,58.05144119262695,103.05453491210938,,,,,18.0,,137.0,3051.0,50.27719497680664,,,,,,,,,2116.783,910.3820000000001,1880508.0
15322,2001,1,0,0,0,0,3069.0,7048.0,10117,0.3033508062362671,1810.0,58.05144119262695,103.05453491210938,,,,,17.0,,120.0,2735.0,48.67626190185547,,,,,,,,,2830.805,1781.468,1494468.0
15322,2002,1,0,0,0,0,3084.0,7083.0,10167,0.3033343255519867,1810.0,58.05144119262695,103.05453491210938,,,,,16.0,,119.0,2791.0,49.23262405395508,,,,,,,,,3614.610000000001,1350.647,3625809.0
15322,2003,1,0,0,0,0,3086.0,7110.0,10196,0.3026677072048187,1810.0,58.05144119262695,103.05453491210938,,,,,12.0,,119.0,2775.0,50.854434967041016,,,,,,,,,4035.609,1859.131,3312162.0
15322,2004,1,0,0,0,0,3073.0,7127.0,10200,0.30127450823783875,1810.0,58.05144119262695,103.05453491210938,,,,,17.0,,120.0,2725.0,50.003150939941406,,,,,,,,,4233.019,1827.959,2546556.0
15322,2005,1,0,0,0,0,3036.0,7135.0,10171,0.29849570989608765,1810.0,58.05144119262695,103.05453491210938,25.95520421607378,42.64721,16.8428,16.77675,17.0,40.0,105.0,2705.0,50.03501892089844,15.09,87.83582089552239,99.10414333706606,65.32438478747203,,65.67164179104478,,,3642.353,1830.196,3207591.0
15322,2006,1,0,0,0,0,2975.0,7144.0,10119,0.29400137066841125,1810.0,58.05144119262695,103.05453491210938,,,,,16.0,34.0,101.0,2626.0,52.221405029296875,14.64,,,,,,,,4268.618955,1874.125955,3171304.0
15322,2007,1,0,0,0,0,2915.0,7156.0,10071,0.2894449532032013,1810.0,58.05144119262695,103.05453491210938,,,,,16.0,35.0,100.0,2547.0,49.459285736083984,14.18,,,,,,,,4881.981,1876.604,3984835.0
15322,2008,1,0,0,0,0,2854.0,7166.0,10020,0.28483033180236816,1810.0,58.05144119262695,103.05453491210938,,,,,16.0,41.0,102.0,2550.0,49.234169006347656,13.73,51.57,39.41,100.0,25.51,27.39,,,5469.741,2042.016,5619380.0
15322,2009,1,0,0,0,0,2793.0,7177.0,9970,0.2801404297351837,1810.0,58.05144119262695,103.05453491210938,,,,,16.0,75.0,103.0,2475.0,50.10691833496094,13.28,51.57,39.41,100.0,25.51,27.39,,,7676.357,2775.514,7918347.0
15322,2010,1,0,0,0,0,2732.0,7183.0,9915,0.27554211020469666,1810.0,58.05144119262695,103.05453491210938,,,,,16.0,39.0,110.0,2471.0,50.668758392333984,12.83,51.57,39.41,100.0,25.51,27.39,,,5857.995999999999,2942.821,7118714.0
15322,2011,1,0,0,0,0,2671.0,7192.0,9863,0.2708100974559784,1810.0,58.05144119262695,103.05453491210938,,,,,16.0,36.0,120.0,2400.0,49.45677947998047,12.83,51.57,39.41,100.0,25.51,27.39,3542.0,,5934.996999999999,2723.732,
15322,2012,1,0,0,0,0,2610.0,7184.0,9794,0.2664896845817566,1810.0,58.05144119262695,103.05453491210938,,,,,16.0,31.0,112.0,2249.0,49.61045837402344,12.507129792624715,29.32,71.69,0.84,29.32,29.32,3542.0,830.0,7258.629,2950.968,
15322,2013,1,0,0,0,0,2549.0,7177.0,9726,0.2620810270309448,1810.0,58.05144119262695,103.05453491210938,,,,,17.0,29.0,105.0,2205.0,49.08721923828125,12.507129792624715,41.01,100.0,0.7,40.6,30.06,3615.0,1419.0,9689.193000000001,3334.3100000000004,
15322,2014,1,0,0,0,0,2488.0,7189.0,9677,0.2571044862270355,1810.0,58.05144119262695,103.05453491210938,,,,,17.0,29.0,96.0,2074.0,49.950469970703125,11.256416813362243,41.01,100.0,0.7,40.6,30.06,3711.0,1747.0,13870.436,3536.7980000000002,
15322,2015,1,0,0,0,0,2427.0,7176.0,9603,0.2527335286140442,1810.0,58.05144119262695,103.05453491210938,,,,,16.0,29.0,106.0,2020.0,50.368202209472656,10.83118142,41.01,100.0,0.7,40.6,30.06,4339.0,1891.0,16769.169921875,3846.79028320312,
15322,2016,1,0,0,0,0,2366.0,7186.0,9552,0.24769681692123413,1810.0,58.05144119262695,103.05453491210938,,,,,16.0,22.0,106.0,1878.0,51.271507263183594,,100.0,100.0,100.0,80.62,74.67,,2016.0,10009.083428,3517.914609,
15322,2017,1,0,0,0,0,2304.0,7179.0,9483,0.2429610937833786,1810.0,58.05144119262695,103.05453491210938,,,,,16.0,26.0,112.0,1986.0,51.5300407409668,,,,,,,,,13685.281261132812,4284.4149169921875,
15322,2018,1,0,0,0,0,3068.0,7631.0,10699,0.28675577044487,1810.0,58.05144119262695,103.05453491210938,6.7912772585669785,19.4,7.7,8.4,16.0,25.0,112.0,1884.0,50.58319854736328,,,,,,,,,17297.74144237,4155.93102373,
15322,2019,1,0,0,0,0,3118.0,7691.0,10809,0.2884633243083954,1810.0,58.05144119262695,,,,,,16.0,23.0,112.0,1800.0,50.25831604003906,,,,,,,,,15484.880667520001,5499.26603488,
15322,2020,1,0,0,0,0,3137.0,7767.0,10904,0.2876925766468048,1810.0,58.05144119262695,,,,,,17.0,26.0,120.0,1789.0,50.32794189453125,,,,,,,,,19531.94097869,5551.23836056,
15322,2021,1,0,0,0,0,3121.0,7860.0,10981,0.2842181921005249,1810.0,58.05144119262695,,,,,,17.0,26.0,112.0,1765.0,50.39124298095703,,,,,,,,,15946.222420999999,6353.79039925,
15322,2022,1,0,0,0,0,3104.0,7947.0,11051,0.28087955713272095,1810.0,58.05144119262695,,,,,,17.0,28.0,106.0,1747.0,50.654510498046875,,,,,,,,,18279.337515,6410.029518599999,
15322,2023,1,0,0,0,0,3087.0,8032.0,11119,0.2776328921318054,1810.0,58.05144119262695,,,,,,,,,,,,,,,,,,,20257.441268,7585.3332481,
15368,1993,1,0,0,0,0,5149.0,578.0,5727,0.8990745544433594,3100.0,111.60201263427734,124.44279479980469,69.88057708740234,,,,,,,,,,,,,,,,,261.1499938964844,257.8800048828125,
15368,1994,1,0,0,0,0,5065.0,579.0,5644,0.8974131941795349,3100.0,111.60201263427734,124.44279479980469,,,,,,,,,,,,,,,,,,320.1400146484375,320.1400146484375,
15368,1995,1,0,0,0,0,4972.0,581.0,5553,0.8953718543052673,3100.0,111.60201263427734,124.44279479980469,,,,,,,,,,,,,,,,,,428.5899963378906,428.5899963378906,
15368,1996,1,0,0,0,0,4878.0,584.0,5462,0.8930794596672058,3100.0,111.60201263427734,124.44279479980469,,,,,20.0,,47.0,1001.0,,,,,,,,,,855.8400268554688,179.05999755859375,
15368,1997,1,0,0,0,0,4780.0,589.0,5369,0.8902961611747742,3100.0,111.60201263427734,124.44279479980469,,,,,20.0,,51.0,1077.0,,,,,,,,,,887.7999877929688,167.42999267578125,
15368,1998,1,0,0,0,0,4682.0,591.0,5273,0.8879196047782898,3100.0,111.60201263427734,124.44279479980469,,,,,20.0,,50.0,1122.0,,,,,,,,,,1080.4300537109375,259.2300109863281,
15368,1999,1,0,0,0,0,4585.0,596.0,5181,0.8849642872810364,3100.0,111.60201263427734,124.44279479980469,,,,,20.0,,53.0,1133.0,,,,,,,,,,1678.56005859375,456.69000244140625,
15368,2000,1,0,0,0,0,4492.0,599.0,5091,0.8823413848876953,3100.0,111.60201263427734,124.44279479980469,,,,,19.0,,51.0,1107.0,45.813514709472656,,,,,,,,,2048.378,386.804,2243440.0
15368,2001,1,0,0,0,0,4406.0,602.0,5008,0.879792332649231,3100.0,111.60201263427734,124.44279479980469,,,,,19.0,,50.0,1090.0,45.45966720581055,,,,,,,,,2069.893,305.754,1552150.0
15368,2002,1,0,0,0,0,4322.0,606.0,4928,0.8770292401313782,3100.0,111.60201263427734,124.44279479980469,,,,,20.0,,51.0,1125.0,45.27491760253906,,,,,,,,,2963.048,405.06,2051478.0
15368,2003,1,0,0,0,0,4243.0,609.0,4852,0.8744847774505615,3100.0,111.60201263427734,124.44279479980469,,,,,17.0,,59.0,1124.0,44.36393356323242,,,,,,,,,2745.297,259.248,2562618.0
15368,2004,1,0,0,0,0,4169.0,613.0,4782,0.8718109726905823,3100.0,111.60201263427734,124.44279479980469,,,,,19.0,,49.0,1014.0,44.31906509399414,,,,,,,,,2410.803,461.514,1922401.0
15368,2005,1,0,0,0,0,4099.0,617.0,4716,0.869168758392334,3100.0,111.60201263427734,124.44279479980469,74.00400623191632,81.21522,36.30952,42.772110000000005,19.0,,51.0,999.0,44.59191131591797,28.52,63.992869875222816,99.33774834437085,58.49639546858908,,15.240641711229946,,,2452.783,495.638,2074297.0
15368,2006,1,0,0,0,0,4030.0,622.0,4652,0.8662940859794617,3100.0,111.60201263427734,124.44279479980469,,,,,19.0,,50.0,1013.0,43.49394607543945,27.38,,,,,,,,2802.37699,567.36599,1812298.0
15368,2007,1,0,0,0,0,3947.0,625.0,4572,0.8632983565330505,3100.0,111.60201263427734,124.44279479980469,,,,,,5.0,47.0,1020.0,45.02214050292969,26.24,,,,,,,,3759.568,782.1479999999999,3037853.0
15368,2008,1,0,0,0,0,3876.0,628.0,4504,0.8605684041976929,3100.0,111.60201263427734,124.44279479980469,,,,,19.0,4.0,47.0,1023.0,45.23432922363281,25.09,19.53,74.73,16.58,3.79,3.79,,,4142.821,1005.228,3707862.0
15368,2009,1,0,0,0,0,3808.0,632.0,4440,0.8576576709747314,3100.0,111.60201263427734,124.44279479980469,,,,,19.0,5.0,54.0,962.0,43.71052551269531,23.95,19.53,74.73,16.58,3.79,3.79,,,4945.099,1198.1,5152809.0
15368,2010,1,0,0,0,0,3735.0,634.0,4369,0.8548867106437683,3100.0,111.60201263427734,124.44279479980469,,,,,19.0,4.0,42.0,894.0,48.00058364868164,22.81,19.53,74.73,16.58,3.79,3.79,,,4558.041,1200.838,5207493.0
15368,2011,1,0,0,0,0,3657.0,636.0,4293,0.8518518805503845,3100.0,111.60201263427734,124.44279479980469,,,,,19.0,5.0,51.0,850.0,45.79044723510742,22.81,19.53,74.73,16.58,3.79,3.79,1263.0,,6488.209997,1730.824981,
15368,2012,1,0,0,0,0,3586.0,637.0,4223,0.8491593599319458,3100.0,111.60201263427734,124.44279479980469,,,,,19.0,5.0,48.0,748.0,46.58443832397461,22.51245199502226,20.12,86.45,16.58,4.38,4.38,1266.0,,6499.571999999999,1860.005,
15368,2013,1,0,0,0,0,3522.0,640.0,4162,0.846227765083313,3100.0,111.60201263427734,124.44279479980469,,,,,19.0,8.0,44.0,715.0,46.03910827636719,22.43885683759184,43.55,91.96,33.18,16.22,16.22,1275.0,,8051.372,2062.401,
15368,2014,1,0,0,0,0,3451.0,640.0,4091,0.8435590267181396,3100.0,111.60201263427734,124.44279479980469,,,,,19.0,7.0,37.0,437.0,46.64916229248047,23.705298943633704,43.55,91.96,33.18,16.22,16.22,1251.0,,7118.08,1782.545,
15368,2015,1,0,0,0,0,3371.0,639.0,4010,0.840648353099823,3100.0,111.60201263427734,124.44279479980469,,,,,19.0,8.0,37.0,437.0,44.204673767089844,21.3110637503267,43.55,91.96,33.18,16.22,16.22,1418.0,,11395.4814453125,2800.28198242187,
15368,2016,1,0,0,0,0,3315.0,641.0,3956,0.8379676342010498,3100.0,111.60201263427734,124.44279479980469,,,,,19.0,8.0,39.0,473.0,44.04340744018555,,45.3,100.0,33.18,16.72,16.72,,,7935.756621999999,2331.5415569999996,
15368,2017,1,0,0,0,0,3249.0,641.0,3890,0.8352184891700745,3100.0,111.60201263427734,124.44279479980469,,,,,19.0,8.0,39.0,432.0,46.16218185424805,,,,,,,,,10543.12190246582,2745.378402709961,
15368,2018,1,0,0,0,0,2728.0,1201.0,3929,0.694324254989624,3100.0,111.60201263427734,124.44279479980469,35.621468926553675,64.7,44.3,39.9,19.0,8.0,39.0,468.0,47.48568344116211,,,,,,,,,8775.012319000001,2648.114175,
15368,2019,1,0,0,0,0,2674.0,1226.0,3900,0.6856410503387451,3100.0,111.60201263427734,,,,,,19.0,4.0,41.0,477.0,46.58527374267578,,,,,,,,,9525.377572,2489.629264,
15368,2020,1,0,0,0,0,2639.0,1250.0,3889,0.678580641746521,3100.0,111.60201263427734,,,,,,19.0,9.0,43.0,467.0,45.90132141113281,,,,,,,,,9562.966669,2547.030421,
15368,2021,1,0,0,0,0,2625.0,1292.0,3917,0.6701557040214539,3100.0,111.60201263427734,,,,,,19.0,8.0,43.0,537.0,44.50061798095703,,,,,,,,,11103.707652000001,2537.1573896,
15368,2022,1,0,0,0,0,2611.0,1330.0,3941,0.6625221967697144,3100.0,111.60201263427734,,,,,,19.0,8.0,42.0,522.0,51.026641845703125,,,,,,,,,10853.061735,2932.8758291,
15368,2023,1,0,0,0,0,2597.0,1369.0,3966,0.6548159122467041,3100.0,111.60201263427734,,,,,,,,,,,,,,,,,,,12361.979593,3295.0592044,
15425,1993,1,0,0,0,0,3836.0,611.0,4447,0.862604022026062,1850.0,63.61776351928711,99.62935638427734,44.13179397583008,,,,,,,,,,,,,,,,,190.97999572753906,190.97999572753906,
15425,1994,1,0,0,0,0,3780.0,629.0,4409,0.857337236404419,1850.0,63.61776351928711,99.62935638427734,,,,,,,,,,,,,,,,,,234.1300048828125,234.1300048828125,
15425,1995,1,0,0,0,0,3739.0,652.0,4391,0.851514458656311,1850.0,63.61776351928711,99.62935638427734,,,,,,,,,,,,,,,,,,917.7100219726562,888.260009765625,
15425,1996,1,0,0,0,0,3711.0,679.0,4390,0.8453302979469299,1850.0,63.61776351928711,99.62935638427734,,,,,25.0,,55.0,827.0,,,,,,,,,,1377.68994140625,744.5700073242188,
15425,1997,1,0,0,0,0,3694.0,708.0,4402,0.8391640186309814,1850.0,63.61776351928711,99.62935638427734,,,,,25.0,,59.0,903.0,,,,,,,,,,1518.800048828125,966.510009765625,
15425,1998,1,0,0,0,0,3687.0,740.0,4427,0.8328438997268677,1850.0,63.61776351928711,99.62935638427734,,,,,25.0,,61.0,980.0,,,,,,,,,,1704.4000244140625,1029.8800048828125,
15425,1999,1,0,0,0,0,3688.0,772.0,4460,0.8269058465957642,1850.0,63.61776351928711,99.62935638427734,,,,,25.0,,61.0,1008.0,,,,,,,,,,1797.6199951171875,1134.0899658203125,
15425,2000,1,0,0,0,0,3697.0,804.0,4501,0.8213730454444885,1850.0,63.61776351928711,99.62935638427734,,,,,25.0,,69.0,1134.0,50.29180908203125,,,,,,,,,2777.415,2500.689,2657924.0
15425,2001,1,0,0,0,0,3713.0,835.0,4548,0.816402792930603,1850.0,63.61776351928711,99.62935638427734,,,,,25.0,,61.0,1112.0,48.61729431152344,,,,,,,,,2907.802,1528.144,2420192.0
15425,2002,1,0,0,0,0,3730.0,864.0,4594,0.8119286298751831,1850.0,63.61776351928711,99.62935638427734,,,,,24.0,,66.0,1215.0,49.98216247558594,,,,,,,,,4258.303,2243.996,4000395.0
15425,2003,1,0,0,0,0,3746.0,893.0,4639,0.8075016140937805,1850.0,63.61776351928711,99.62935638427734,,,,,23.0,,54.0,1123.0,52.84890365600586,,,,,,,,,3463.858,690.739,3604457.0
15425,2004,1,0,0,0,0,3757.0,918.0,4675,0.803636372089386,1850.0,63.61776351928711,99.62935638427734,,,,,25.0,,51.0,1106.0,51.205108642578125,,,,,,,,,4062.972,591.264,3156619.0
15425,2005,1,0,0,0,0,3764.0,941.0,4705,0.800000011920929,1850.0,63.61776351928711,99.62935638427734,35.23202111282164,66.59336,57.62348000000001,26.556910000000002,22.0,,53.0,1094.0,48.53273010253906,19.06,46.32297194844579,99.56140350877193,35.197066911090744,,21.910538286580746,,,4195.214,876.4939999999999,3927796.0
15425,2006,1,0,0,0,0,3759.0,962.0,4721,0.7962296009063721,1850.0,63.61776351928711,99.62935638427734,,,,,23.0,,49.0,1097.0,53.405887603759766,18.3,,,,,,,,5598.586427,1299.270427,4472238.0
15425,2007,1,0,0,0,0,3753.0,982.0,4735,0.7926082611083984,1850.0,63.61776351928711,99.62935638427734,,,,,,9.0,48.0,1119.0,50.65212631225586,17.54,,,,,,,,4907.481,1036.067,5536501.0
15425,2008,1,0,0,0,0,3748.0,1001.0,4749,0.7892187833786011,1850.0,63.61776351928711,99.62935638427734,,,,,22.0,9.0,47.0,1060.0,48.72117614746094,16.78,44.98,96.79,29.93,20.35,20.35,,,5494.362999999999,1522.41,5880696.0
15425,2009,1,0,0,0,0,3742.0,1020.0,4762,0.785804271697998,1850.0,63.61776351928711,99.62935638427734,,,,,22.0,10.0,46.0,986.0,48.46671676635742,16.01,20.47,100.0,0.0,20.47,20.47,,,5724.299,1746.096,6990344.0
15425,2010,1,0,0,0,0,3737.0,1037.0,4774,0.782781720161438,1850.0,63.61776351928711,99.62935638427734,,,,,24.0,14.0,43.0,920.0,49.6786994934082,15.25,20.5,100.0,0.0,20.5,20.5,,,6116.512000000001,1830.52,6422879.0
15425,2011,1,0,0,0,0,3732.0,1053.0,4785,0.7799373269081116,1850.0,63.61776351928711,99.62935638427734,,,,,24.0,10.0,47.0,867.0,50.2830924987793,13.82275726545174,15.23,88.51,9.33,6.28,6.42,1607.0,,7088.99,1903.577,
15425,2012,1,0,0,0,0,3728.0,1068.0,4796,0.7773144245147705,1850.0,63.61776351928711,99.62935638427734,,,,,24.0,11.0,38.0,854.0,49.89914321899414,12.440481538906566,45.13,96.57,29.85,20.58,20.58,1632.0,,7004.0646000000015,1193.053383,
15425,2013,1,0,0,0,0,3722.0,1083.0,4805,0.7746098041534424,1850.0,63.61776351928711,99.62935638427734,,,,,22.0,10.0,42.0,803.0,46.89976501464844,12.440481538906566,45.09,96.58,29.9,20.48,20.48,1664.0,,7648.131044000001,1352.625863,
15425,2014,1,0,0,0,0,3717.0,1096.0,4813,0.7722833752632141,1850.0,63.61776351928711,99.62935638427734,,,,,22.0,7.0,42.0,584.0,50.39366912841797,11.467648683767576,44.98,96.44,29.71,20.51,20.51,1695.0,,15830.69901,2622.514107,
15425,2015,1,0,0,0,0,3713.0,1108.0,4821,0.7701721787452698,1850.0,63.61776351928711,99.62935638427734,,,,,20.0,8.0,42.0,556.0,48.96345901489258,11.467648683767576,44.92,96.57,29.76,20.4,20.4,1815.0,,15870.603515625,2934.8291015625,
15425,2016,1,0,0,0,0,3708.0,1119.0,4827,0.7681789994239807,1850.0,63.61776351928711,99.62935638427734,,,,,22.0,8.0,42.0,529.0,50.254642486572266,,0.0,0.0,0.0,0.0,0.0,,,13954.845000000001,2686.3779999999997,
15425,2017,1,0,0,0,0,3703.0,1130.0,4833,0.766190767288208,1850.0,63.61776351928711,99.62935638427734,,,,,22.0,8.0,45.0,534.0,48.18838882446289,,,,,,,,,12236.785331726074,3615.6440963745117,
15425,2018,1,0,0,0,0,3842.0,1134.0,4976,0.7721061110496521,1850.0,63.61776351928711,99.62935638427734,7.963594994311718,28.9,23.2,6.6,22.0,8.0,42.0,510.0,49.544715881347656,,,,,,,,,13174.273963489999,3343.44348576,
15425,2019,1,0,0,0,0,3866.0,1161.0,5027,0.7690471410751343,1850.0,63.61776351928711,,,,,,22.0,8.0,42.0,495.0,49.160423278808594,,,,,,,,,15901.46353071,4802.85031685,
15425,2020,1,0,0,0,0,3886.0,1186.0,5072,0.766167163848877,1850.0,63.61776351928711,,,,,,22.0,8.0,43.0,496.0,48.54867172241211,,,,,,,,,12738.14749991,3819.0204022,
15425,2021,1,0,0,0,0,3866.0,1242.0,5108,0.7568519711494446,1850.0,63.61776351928711,,,,,,20.0,8.0,42.0,522.0,52.34974670410156,,,,,,,,,16928.558510000003,4393.8404398,
15425,2022,1,0,0,0,0,3845.0,1295.0,5140,0.7480545043945312,1850.0,63.61776351928711,,,,,,20.0,8.0,42.0,495.0,49.53229904174805,,,,,,,,,16453.346659,4495.05225615,
15425,2023,1,0,0,0,0,3824.0,1348.0,5172,0.739365816116333,1850.0,63.61776351928711,,,,,,,,,,,,,,,,,,,23991.186937,5885.9166704,
15500,1993,1,0,0,0,0,2322.0,196.0,2518,0.9221604466438293,2525.0,12.028300285339355,165.87567138671875,39.434837341308594,,,,,,,,,,,,,,,,,108.81999969482422,108.81999969482422,
15500,1994,1,0,0,0,0,2336.0,205.0,2541,0.9193230867385864,2525.0,12.028300285339355,165.87567138671875,,,,,,,,,,,,,,,,,,330.8599853515625,330.8599853515625,
15500,1995,1,0,0,0,0,2351.0,215.0,2566,0.9162120223045349,2525.0,12.028300285339355,165.87567138671875,,,,,,,,,,,,,,,,,,363.510009765625,258.6099853515625,
15500,1996,1,0,0,0,0,2368.0,225.0,2593,0.913227915763855,2525.0,12.028300285339355,165.87567138671875,,,,,8.0,,48.0,622.0,,,,,,,,,,674.3599853515625,175.0399932861328,
15500,1997,1,0,0,0,0,2387.0,235.0,2622,0.9103737473487854,2525.0,12.028300285339355,165.87567138671875,,,,,10.0,,63.0,786.0,,,,,,,,,,875.510009765625,292.1600036621094,
15500,1998,1,0,0,0,0,2406.0,245.0,2651,0.9075820446014404,2525.0,12.028300285339355,165.87567138671875,,,,,10.0,,65.0,901.0,,,,,,,,,,741.530029296875,242.14999389648438,
15500,1999,1,0,0,0,0,2426.0,254.0,2680,0.9052239060401917,2525.0,12.028300285339355,165.87567138671875,,,,,10.0,,64.0,952.0,,,,,,,,,,1304.280029296875,327.9200134277344,
15500,2000,1,0,0,0,0,2446.0,263.0,2709,0.9029161930084229,2525.0,12.028300285339355,165.87567138671875,,,,,10.0,,57.0,819.0,45.910831451416016,,,,,,,,,1278.154,276.281,966544.0
15500,2001,1,0,0,0,0,2469.0,270.0,2739,0.9014238715171814,2525.0,12.028300285339355,165.87567138671875,,,,,10.0,,63.0,976.0,47.42215347290039,,,,,,,,,0.0,0.0,1526600.0
15500,2002,1,0,0,0,0,2490.0,276.0,2766,0.9002169370651245,2525.0,12.028300285339355,165.87567138671875,,,,,6.0,,34.0,742.0,48.00045394897461,,,,,,,,,1974.771,585.977,1424769.0
15500,2003,1,0,0,0,0,2509.0,282.0,2791,0.8989609479904175,2525.0,12.028300285339355,165.87567138671875,,,,,6.0,,33.0,738.0,48.91039276123047,,,,,,,,,2445.758,566.366,2191553.0
15500,2004,1,0,0,0,0,2524.0,285.0,2809,0.8985403776168823,2525.0,12.028300285339355,165.87567138671875,,,,,6.0,,27.0,732.0,46.75672912597656,,,,,,,,,2075.711,604.047,1567237.0
15500,2005,1,0,0,0,0,2535.0,287.0,2822,0.8982990980148315,2525.0,12.028300285339355,165.87567138671875,51.64438019515721,67.54608,20.866770000000002,39.16533,6.0,,27.0,669.0,47.02824020385742,23.16,80.95238095238095,100.0,79.46902654867256,,10.180623973727423,,,2034.847,608.297,1689355.0
15500,2006,1,0,0,0,0,2539.0,288.0,2827,0.8981252312660217,2525.0,12.028300285339355,165.87567138671875,,,,,6.0,,27.0,616.0,50.35410690307617,22.23,,,,,,,46.0,2272.617193,761.041193,1554729.0
15500,2007,1,0,0,0,0,2541.0,289.0,2830,0.8978798389434814,2525.0,12.028300285339355,165.87567138671875,,,,,,4.0,27.0,646.0,49.40626525878906,21.3,,,,,,,47.0,2086.605,650.51,2116964.0
15500,2008,1,0,0,0,0,2543.0,290.0,2833,0.8976350426673889,2525.0,12.028300285339355,165.87567138671875,,,,,7.0,8.0,30.0,630.0,50.631080627441406,20.38,22.3,40.14,21.08,2.75,2.79,,936.0,2666.453,886.3090000000001,1790603.0
15500,2009,1,0,0,0,0,2538.0,291.0,2829,0.8971368074417114,2525.0,12.028300285339355,165.87567138671875,,,,,7.0,5.0,27.0,607.0,47.03541564941406,19.45,23.55,33.75,22.83,2.48,2.52,,54.0,2789.63,898.769,2641492.0
15500,2010,1,0,0,0,0,2542.0,292.0,2834,0.8969654440879822,2525.0,12.028300285339355,165.87567138671875,,,,,7.0,10.0,30.0,576.0,47.42519760131836,18.52,22.52,38.79,21.34,2.92,2.92,,56.0,2850.7529999999997,1053.248,2442047.0
15500,2011,1,0,0,0,0,2538.0,294.0,2832,0.8961864113807678,2525.0,12.028300285339355,165.87567138671875,,,,,7.0,6.0,24.0,540.0,47.92076873779297,16.668,30.52,44.44,29.61,3.34,3.06,802.0,57.0,3294.346893,1141.369078,
15500,2012,1,0,0,0,0,2535.0,296.0,2831,0.895443320274353,2525.0,12.028300285339355,165.87567138671875,,,,,7.0,6.0,23.0,526.0,50.4096794128418,16.66696234307987,29.45,39.33,28.74,3.15,3.11,829.0,62.0,3350.148659,1316.6787439999998,
15500,2013,1,0,0,0,0,2537.0,297.0,2834,0.8952011466026306,2525.0,12.028300285339355,165.87567138671875,,,,,7.0,6.0,23.0,495.0,50.71377182006836,16.66696234307987,31.12,39.29,30.48,3.4,3.06,841.0,65.0,5218.819841,1511.361778,
15500,2014,1,0,0,0,0,2533.0,299.0,2832,0.8944209218025208,2525.0,12.028300285339355,165.87567138671875,,,,,7.0,6.0,23.0,368.0,52.16240310668945,15.57394485351426,30.26,37.38,29.69,3.4,3.0,857.0,69.0,8303.028401,2232.2898130000003,
15500,2015,1,0,0,0,0,2533.0,301.0,2834,0.8937897086143494,2525.0,12.028300285339355,165.87567138671875,,,,,7.0,5.0,23.0,327.0,52.478485107421875,14.97919004,30.88,36.62,30.41,3.44,3.01,968.0,123.0,10105.2587890625,2642.93969726562,
15500,2016,1,0,0,0,0,2527.0,304.0,2831,0.8926174640655518,2525.0,12.028300285339355,165.87567138671875,,,,,7.0,5.0,21.0,253.0,50.311275482177734,,31.31,30.51,31.4,3.58,3.18,,125.0,6270.33345,2602.561202,
15500,2017,1,0,0,0,0,2528.0,306.0,2834,0.8920254111289978,2525.0,12.028300285339355,165.87567138671875,,,,,7.0,5.0,20.0,434.0,49.76297378540039,,,,,,,,,6106.240039825439,2501.8944129943848,
15500,2018,1,0,0,0,0,2421.0,400.0,2821,0.8582063317298889,2525.0,12.028300285339355,165.87567138671875,5.970682874508402,22.8,5.0,7.4,8.0,6.0,28.0,304.0,58.09385681152344,,,,,,,,,7214.1786972400005,2804.7709310600003,
15500,2019,1,0,0,0,0,2445.0,413.0,2858,0.8554933667182922,2525.0,12.028300285339355,,,,,,8.0,10.0,27.0,328.0,54.707942962646484,,,,,,,,,7225.16866484,3017.12916201,
15500,2020,1,0,0,0,0,2466.0,424.0,2890,0.8532872200012207,2525.0,12.028300285339355,,,,,,8.0,12.0,30.0,384.0,55.916019439697266,,,,,,,,,6669.447026559999,2745.2709554299995,
15500,2021,1,0,0,0,0,2453.0,458.0,2911,0.8426657319068909,2525.0,12.028300285339355,,,,,,7.0,9.0,26.0,395.0,54.44200134277344,,,,,,,,,12077.194867,3352.612852,
15500,2022,1,0,0,0,0,2440.0,489.0,2929,0.8330488204956055,2525.0,12.028300285339355,,,,,,7.0,9.0,33.0,457.0,56.280029296875,,,,,,,,,8228.546255,3243.3191682,
15500,2023,1,0,0,0,0,2427.0,521.0,2948,0.8232700228691101,2525.0,12.028300285339355,,,,,,,,,,,,,,,,,,,8713.900482,2936.5251153,
15778,1993,1,0,0,0,0,4102.0,682.0,4784,0.8574414849281311,1950.0,55.20806121826172,105.71546936035156,39.01752853393555,,,,,,,,,,,,,,,,,213.00999450683594,213.00999450683594,
15778,1994,1,0,0,0,0,4044.0,689.0,4733,0.854426383972168,1950.0,55.20806121826172,105.71546936035156,,,,,,,,,,,,,,,,,,260.0899963378906,260.0899963378906,
15778,1995,1,0,0,0,0,3999.0,697.0,4696,0.8515757918357849,1950.0,55.20806121826172,105.71546936035156,,,,,,,,,,,,,,,,,,448.79998779296875,446.0299987792969,
15778,1996,1,0,0,0,0,3968.0,705.0,4673,0.849133312702179,1950.0,55.20806121826172,105.71546936035156,,,,,13.0,,41.0,693.0,,,,,,,,,,645.719970703125,179.94000244140625,
15778,1997,1,0,0,0,0,3946.0,712.0,4658,0.8471447229385376,1950.0,55.20806121826172,105.71546936035156,,,,,13.0,,41.0,697.0,,,,,,,,,,861.6900024414062,233.9499969482422,
15778,1998,1,0,0,0,0,3932.0,719.0,4651,0.8454095721244812,1950.0,55.20806121826172,105.71546936035156,,,,,13.0,,40.0,751.0,,,,,,,,,,761.52001953125,263.3500061035156,
15778,1999,1,0,0,0,0,3922.0,725.0,4647,0.843985378742218,1950.0,55.20806121826172,105.71546936035156,,,,,13.0,,41.0,746.0,,,,,,,,,,1078.6199951171875,329.4700012207031,
15778,2000,1,0,0,0,0,3917.0,730.0,4647,0.8429093956947327,1950.0,55.20806121826172,105.71546936035156,,,,,13.0,,41.0,822.0,46.870601654052734,,,,,,,,,1070.703,269.583,1117822.0
15778,2001,1,0,0,0,0,3914.0,733.0,4647,0.8422638177871704,1950.0,55.20806121826172,105.71546936035156,,,,,13.0,,40.0,892.0,47.123226165771484,,,,,,,,,1347.874,375.4449999999999,1022047.0
15778,2002,1,0,0,0,0,3906.0,736.0,4642,0.841447651386261,1950.0,55.20806121826172,105.71546936035156,,,,,12.0,,40.0,858.0,49.02915954589844,,,,,,,,,1879.773,499.282,1618543.0
15778,2003,1,0,0,0,0,3891.0,738.0,4629,0.840570330619812,1950.0,55.20806121826172,105.71546936035156,,,,,7.0,,48.0,637.0,46.73894500732422,,,,,,,,,1913.478,608.275,1507215.0
15778,2004,1,0,0,0,0,3864.0,741.0,4605,0.839087963104248,1950.0,55.20806121826172,105.71546936035156,,,,,14.0,,33.0,832.0,46.783077239990234,,,,,,,,,2097.537,490.329,1486852.0
15778,2005,1,0,0,0,0,3823.0,743.0,4566,0.837275505065918,1950.0,55.20806121826172,105.71546936035156,57.70104497955475,69.67288,65.09091000000001,34.83636,14.0,,38.0,942.0,46.23061752319336,28.72,39.7889977392615,97.0,29.63620230700976,,14.468726450640542,,,2605.626,633.217,2067310.0
15778,2006,1,0,0,0,0,3763.0,746.0,4509,0.8345531225204468,1950.0,55.20806121826172,105.71546936035156,,,,,14.0,,40.0,1041.0,47.15589141845703,28.48,,,,,,,,2126.966935,556.6529350000001,1668356.0
15778,2007,1,0,0,0,0,3710.0,750.0,4460,0.8318385481834412,1950.0,55.20806121826172,105.71546936035156,,,,,,0.0,13.0,278.0,47.51948928833008,28.25,,,,,,,,3226.962,753.9200000000001,2686762.0
15778,2008,1,0,0,0,0,3659.0,753.0,4412,0.8293290734291077,1950.0,55.20806121826172,105.71546936035156,,,,,13.0,15.0,34.0,748.0,47.10367202758789,28.01,54.21,54.21,0.0,53.89,54.21,,,3680.344,837.3400000000001,3269976.0
15778,2009,1,0,0,0,0,3611.0,755.0,4366,0.8270728588104248,1950.0,55.20806121826172,105.71546936035156,,,,,13.0,14.0,37.0,746.0,46.480342864990234,27.77,100.0,100.0,0.0,99.42,100.0,,,4978.382,1273.797,3818967.0
15778,2010,1,0,0,0,0,3571.0,758.0,4329,0.824901819229126,1950.0,55.20806121826172,105.71546936035156,,,,,13.0,15.0,35.0,711.0,47.6474723815918,27.53,30.05,46.03,28.86,3.18,3.19,,,4031.7880000000005,1272.093,4343188.0
15778,2011,1,0,0,0,0,3508.0,761.0,4269,0.8217381238937378,1950.0,55.20806121826172,105.71546936035156,,,,,13.0,15.0,55.0,673.0,47.1268310546875,27.53,7.06,100.0,0.0,7.06,7.06,1573.0,,4371.125,1443.46,
15778,2012,1,0,0,0,0,3460.0,763.0,4223,0.8193227648735046,1950.0,55.20806121826172,105.71546936035156,,,,,13.0,15.0,36.0,643.0,46.051422119140625,26.8141662569821,7.04,100.0,0.0,7.04,7.04,1573.0,138.0,5214.348,1831.3629999999998,
15778,2013,1,0,0,0,0,3410.0,765.0,4175,0.8167664408683777,1950.0,55.20806121826172,105.71546936035156,,,,,13.0,10.0,38.0,589.0,49.116355895996094,26.8141662569821,7.06,100.0,0.0,7.06,7.06,1576.0,201.0,7494.043,1981.274,
15778,2014,1,0,0,0,0,3359.0,768.0,4127,0.8139083981513977,1950.0,55.20806121826172,105.71546936035156,,,,,13.0,10.0,34.0,458.0,47.29203414916992,26.961506010619683,7.02,100.0,0.0,7.02,7.02,1618.0,225.0,6949.899,2187.991,
15778,2015,1,0,0,0,0,3317.0,769.0,4086,0.8117963671684265,1950.0,55.20806121826172,105.71546936035156,,,,,13.0,10.0,34.0,358.0,47.63384246826172,23.976867295244084,46.01,100.0,0.0,46.01,46.01,1734.0,250.0,11216.6005859375,2408.7900390625,
15778,2016,1,0,0,0,0,3262.0,771.0,4033,0.8088271617889404,1950.0,55.20806121826172,105.71546936035156,,,,,13.0,10.0,34.0,346.0,48.621456146240234,,16.33,100.0,0.0,16.33,16.33,,257.0,8192.847188,2303.576188,
15778,2017,1,0,0,0,0,3215.0,773.0,3988,0.8061684966087341,1950.0,55.20806121826172,105.71546936035156,,,,,12.0,8.0,32.0,316.0,49.28536605834961,,,,,,,,,9463.468704223633,2585.8253631591797,
15778,2018,1,0,0,0,0,3501.0,732.0,4233,0.8270729780197144,1950.0,55.20806121826172,105.71546936035156,11.749497270899166,47.4,56.5,25.3,12.0,8.0,31.0,320.0,47.67910385131836,,,,,,,,,9973.58256305,2764.94644652,
15778,2019,1,0,0,0,0,3485.0,739.0,4224,0.8250473737716675,1950.0,55.20806121826172,,,,,,12.0,8.0,35.0,294.0,47.426761627197266,,,,,,,,,11425.506593319999,3386.6877106399998,
15778,2020,1,0,0,0,0,3474.0,748.0,4222,0.8228327631950378,1950.0,55.20806121826172,,,,,,12.0,8.0,36.0,278.0,48.28030014038086,,,,,,,,,10310.356705,2967.592657,
15778,2021,1,0,0,0,0,3454.0,798.0,4252,0.8123236298561096,1950.0,55.20806121826172,,,,,,12.0,9.0,36.0,285.0,47.57875061035156,,,,,,,,,11582.065988,3672.9632702,
15778,2022,1,0,0,0,0,3435.0,844.0,4279,0.8027576804161072,1950.0,55.20806121826172,,,,,,12.0,10.0,34.0,253.0,49.324501037597656,,,,,,,,,10826.482887,2844.6927385,
15778,2023,1,0,0,0,0,3416.0,889.0,4305,0.7934959530830383,1950.0,55.20806121826172,,,,,,,,,,,,,,,,,,,17648.22842,3357.5105461,
17001,1993,1,0,0,0,0,24834.0,304727.0,329561,0.07535479217767715,2126.0,0.0,43.77178955078125,15.575061798095703,,,,,,,,,,,,,,,,,13982.1298828125,12651.919921875,
17001,1994,1,0,0,0,0,24980.0,309961.0,334941,0.07458029687404633,2126.0,0.0,43.77178955078125,,,,,,,,,,,,,,,,,,18269.83984375,18269.83984375,
17001,1995,1,0,0,0,0,25141.0,315464.0,340605,0.07381277531385422,2126.0,0.0,43.77178955078125,,,,,,,,,,,,,,,,,,30150.98046875,28653.130859375,
17001,1996,1,0,0,0,0,25316.0,321051.0,346367,0.07309010624885559,2126.0,0.0,43.77178955078125,,,,,299.0,,4465.0,88340.0,,,,,,,,,,33522.71875,24093.009765625,
17001,1997,1,0,0,0,0,25489.0,326514.0,352003,0.07241131365299225,2126.0,0.0,43.77178955078125,,,,,301.0,,4493.0,87942.0,,,,,,,,,,47157.48828125,28220.0390625,
17001,1998,1,0,0,0,0,25669.0,331633.0,357302,0.07184118777513504,2126.0,0.0,43.77178955078125,,,,,312.0,,4595.0,88673.0,,,,,,,,,,65026.03125,36299.94921875,
17001,1999,1,0,0,0,0,25844.0,336212.0,362056,0.07138122618198395,2126.0,0.0,43.77178955078125,,,,,322.0,,4479.0,86626.0,,,,,,,,,,73856.671875,44007.0390625,
17001,2000,1,0,0,0,0,26004.0,340163.0,366167,0.07101677358150482,2126.0,0.0,43.77178955078125,,,,,301.0,,4105.0,85727.0,51.78042984008789,,,,,,,,,84407.4,47216.02600000001,51346036.0
17001,2001,1,0,0,0,0,26153.0,343492.0,369645,0.07075166702270508,2126.0,0.0,43.77178955078125,,,,,321.0,,4249.0,86265.0,51.49979019165039,,,,,,,,,79669.176,47374.802,54491140.0
17001,2002,1,0,0,0,0,26292.0,346381.0,372673,0.07054978609085083,2126.0,0.0,43.77178955078125,,,,,279.0,,3970.0,85997.0,52.043094635009766,,,,,,,,,100532.743,53767.36199999999,60220088.0
17001,2003,1,0,0,0,0,26415.0,348912.0,375327,0.0703786313533783,2126.0,0.0,43.77178955078125,,,,,196.0,,3859.0,89485.0,51.72850799560547,,,,,,,,,178425.005,65038.53,135466816.0
17001,2004,1,0,0,0,0,26542.0,351151.0,377693,0.0702740028500557,2126.0,0.0,43.77178955078125,,,,,309.0,,3559.0,85039.0,51.63357162475586,,,,,,,,,171732.706,61000.99100000001,135004112.0
17001,2005,1,0,0,0,0,26656.0,353138.0,379794,0.07018541544675827,2126.0,0.0,43.77178955078125,10.031094752259762,29.564960000000003,2.99817,1.9168,282.0,1422.0,3526.0,80740.0,51.31978988647461,13.47,97.37033530965074,99.23884040099078,69.41793893129771,,96.45259329380698,,,177895.209,71542.38,140686288.0
17001,2006,1,0,0,0,0,26766.0,354900.0,381666,0.0701293796300888,2126.0,0.0,43.77178955078125,,,,,287.0,1446.0,3736.0,84400.0,51.93318557739258,13.06,,,,,,,51365.0,213907.358,95374.876,159915872.0
17001,2007,1,0,0,0,0,26865.0,356577.0,383442,0.07006274908781052,2126.0,0.0,43.77178955078125,,,,,279.0,1391.0,3694.0,82408.0,51.37914276123047,12.66,,,,,,,58905.0,235837.81194,98461.54581000001,202930784.0
17001,2008,1,0,0,0,0,26959.0,358208.0,385167,0.0699930191040039,2126.0,0.0,43.77178955078125,,,,,272.0,1351.0,3612.0,79052.0,51.78858947753906,12.25,71.36,75.07,19.14,69.98,69.89,,11828.0,250744.19959,81953.85037,211350992.0
17001,2009,1,0,0,0,0,27046.0,359802.0,386848,0.06991376727819443,2126.0,0.0,43.77178955078125,,,,,266.0,1492.0,3481.0,75318.0,51.10301971435547,11.85,100.0,100.0,100.0,98.78,98.6,,70446.0,245121.44555,94730.35478,218402352.0
17001,2010,1,0,0,0,0,27126.0,361364.0,388490,0.06982418894767761,2126.0,0.0,43.77178955078125,,,,,268.0,1305.0,3324.0,73072.0,51.78274154663086,11.45,71.56,74.68,20.12,70.22,70.02,,74985.0,267521.2316,96138.48286,230442176.0
17001,2011,1,0,0,0,0,27203.0,362881.0,390084,0.06973626464605331,2126.0,0.0,43.77178955078125,,,,,259.0,1259.0,3253.0,70860.0,52.249420166015625,11.45,75.67,79.33,19.31,74.25,74.04,107942.0,80602.0,281328.025711,110878.618446,
17001,2012,1,0,0,0,0,27275.0,364365.0,391640,0.0696430429816246,2126.0,0.0,43.77178955078125,,,,,256.0,1166.0,3380.0,68393.0,51.64099884033203,10.330804679637499,78.94,82.49,18.92,77.58,77.33,109393.0,84616.0,276268.16633200005,112083.06219,
17001,2013,1,0,0,0,0,27343.0,365824.0,393167,0.06954551488161087,2126.0,0.0,43.77178955078125,,,,,249.0,1453.0,3368.0,65544.0,51.876136779785156,9.29772421167375,77.31,80.32,30.63,76.01,75.54,111853.0,88575.0,321583.814093,121539.984271,
17001,2014,1,0,0,0,0,27390.0,367237.0,394627,0.06940731406211853,2126.0,0.0,43.77178955078125,,,,,250.0,1147.0,3000.0,60408.0,51.71744155883789,9.083178859386031,86.57,89.0,47.49,85.48,83.99,113591.0,92333.0,358917.39199,127070.607667,
17001,2015,1,0,0,0,0,27442.0,368633.0,396075,0.06928485631942749,2126.0,0.0,43.77178955078125,,,,,256.0,1170.0,3156.0,57892.0,52.298397064208984,9.083178859386031,87.4,87.4,0.0,86.65,86.58,116376.0,97108.0,376140.25,146029.75,
17001,2016,1,0,0,0,0,27485.0,369981.0,397466,0.06915056705474854,2126.0,0.0,43.77178955078125,,,,,257.0,952.0,3229.0,57608.0,52.4590950012207,,88.17,89.83,64.18,85.87,85.67,,100709.0,437316.633745,151279.70396,
17001,2017,1,0,0,0,0,27523.0,371307.0,398830,0.06900934875011444,2126.0,0.0,43.77178955078125,,,,,223.0,838.0,3196.0,54167.0,52.217281341552734,,,,,,,,,454183.33319533203,164674.50567626953,
17001,2018,1,0,0,0,0,29169.0,405234.0,434403,0.06714732944965363,2126.0,0.0,43.77178955078125,6.175312896331142,13.9,3.6,4.2,217.0,848.0,3220.0,52696.0,52.23907470703125,,,,,,,,,458954.00769575,172649.31872336997,
17001,2019,1,0,0,0,0,27335.0,413273.0,440608,0.06203927472233772,2126.0,0.0,,,,,,219.0,932.0,3200.0,51698.0,52.16714096069336,,,,,,,,,499469.27901665994,210095.37648745,
17001,2020,1,0,0,0,0,25227.0,420933.0,446160,0.056542497128248215,2126.0,0.0,,,,,,217.0,999.0,3170.0,51302.0,52.658233642578125,,,,,,,,,523619.18117145996,200952.3071219,
17001,2021,1,0,0,0,0,24893.0,425181.0,450074,0.05530868098139763,2126.0,0.0,,,,,,214.0,1033.0,3131.0,50392.0,52.267642974853516,,,,,,,,,641287.8736050001,210511.00438695005,
17001,2022,1,0,0,0,0,24627.0,429450.0,454077,0.054235294461250305,2126.0,0.0,,,,,,199.0,1025.0,3094.0,51216.0,52.861942291259766,,,,,,,,,665533.937554,288457.5878112,
17001,2023,1,0,0,0,0,24436.0,434006.0,458442,0.05330227315425873,2126.0,0.0,,,,,,,,,,,,,,,,,,,856110.898613,353123.3924001,
17174,1993,1,0,0,0,0,15436.0,46514.0,61950,0.24916867911815643,1378.0,18.991167068481445,26.708059310913086,26.74588966369629,,,,,,,,,,,,,,,,,2425.31005859375,2425.31005859375,
17174,1994,1,0,0,0,0,15246.0,46860.0,62106,0.24548353254795074,1378.0,18.991167068481445,26.708059310913086,,,,,,,,,,,,,,,,,,2742.030029296875,2742.030029296875,
17174,1995,1,0,0,0,0,14861.0,47007.0,61868,0.24020494520664215,1378.0,18.991167068481445,26.708059310913086,,,,,,,,,,,,,,,,,,3608.47998046875,3608.47998046875,
17174,1996,1,0,0,0,0,14310.0,46928.0,61238,0.2336784303188324,1378.0,18.991167068481445,26.708059310913086,,,,,43.0,,457.0,10557.0,,,,,,,,,,5212.85986328125,4465.9599609375,
17174,1997,1,0,0,0,0,13650.0,46749.0,60399,0.22599712014198303,1378.0,18.991167068481445,26.708059310913086,,,,,44.0,,505.0,11498.0,,,,,,,,,,6159.740234375,3064.610107421875,
17174,1998,1,0,0,0,0,12916.0,46511.0,59427,0.2173422873020172,1378.0,18.991167068481445,26.708059310913086,,,,,45.0,,537.0,12050.0,,,,,,,,,,6727.18017578125,2980.1201171875,
17174,1999,1,0,0,0,0,12149.0,46250.0,58399,0.20803438127040863,1378.0,18.991167068481445,26.708059310913086,,,,,45.0,,529.0,11899.0,,,,,,,,,,9279.099609375,4208.2998046875,
17174,2000,1,0,0,0,0,11380.0,46000.0,57380,0.1983269453048706,1378.0,18.991167068481445,26.708059310913086,,,,,45.0,,493.0,11944.0,50.74787521362305,,,,,,,,,9527.271,4021.005,5888112.0
17174,2001,1,0,0,0,0,10638.0,45753.0,56391,0.18864712119102478,1378.0,18.991167068481445,26.708059310913086,,,,,46.0,,518.0,11529.0,49.39923858642578,,,,,,,,,11229.502,5333.311,6137253.0
17174,2002,1,0,0,0,0,9937.0,45523.0,55460,0.17917418479919434,1378.0,18.991167068481445,26.708059310913086,,,,,46.0,,503.0,11799.0,49.85295867919922,,,,,,,,,14453.586,5138.192,7202806.0
17174,2003,1,0,0,0,0,9307.0,45328.0,54635,0.17034867405891418,1378.0,18.991167068481445,26.708059310913086,,,,,18.0,,467.0,12249.0,50.812686920166016,,,,,,,,,12609.197,5044.655000000001,7731371.0
17174,2004,1,0,0,0,0,8779.0,45185.0,53964,0.16268253326416016,1378.0,18.991167068481445,26.708059310913086,,,,,46.0,,465.0,11570.0,50.296287536621094,,,,,,,,,13762.297,6520.012,6867048.0
17174,2005,1,0,0,0,0,8383.0,45124.0,53507,0.15667109191417694,1378.0,18.991167068481445,26.708059310913086,18.58036305686723,42.37321,5.23579,1.8562800000000002,46.0,85.0,488.0,11709.0,49.08412551879883,18.96,95.54482436326816,98.85900570497147,75.16703786191536,,93.65994236311239,,,15894.771,6872.946,8767557.0
17174,2006,1,0,0,0,0,8116.0,45128.0,53244,0.15243032574653625,1378.0,18.991167068481445,26.708059310913086,,,,,47.0,78.0,490.0,11738.0,49.15046310424805,18.39,,,,,,,5133.0,16467.859538,6952.931537999999,11634041.0
17174,2007,1,0,0,0,0,7849.0,45216.0,53065,0.14791293442249298,1378.0,18.991167068481445,26.708059310913086,,,,,47.0,86.0,479.0,11367.0,48.39812469482422,17.82,,,,,,,5992.0,19079.612,6421.874000000001,5215981.0
17174,2008,1,0,0,0,0,7583.0,45294.0,52877,0.14340828359127045,1378.0,18.991167068481445,26.708059310913086,,,,,47.0,91.0,478.0,11221.0,49.22807312011719,17.25,,,,,,,753.0,22244.851,11178.703,10788349.0
17174,2009,1,0,0,0,0,7318.0,45367.0,52685,0.1389010101556778,1378.0,18.991167068481445,26.708059310913086,,,,,46.0,123.0,457.0,11123.0,48.74534225463867,16.68,,,,,,,8000.0,24072.756,10835.426000000001,16477416.0
17174,2010,1,0,0,0,0,7054.0,45434.0,52488,0.1343926191329956,1378.0,18.991167068481445,26.708059310913086,,,,,46.0,95.0,466.0,10679.0,48.93157958984375,16.11,,,,,,,8513.0,23465.480000000003,11222.635000000002,17494216.0
17174,2011,1,0,0,0,0,6790.0,45507.0,52297,0.1298353672027588,1378.0,18.991167068481445,26.708059310913086,,,,,44.0,101.0,459.0,10560.0,49.880149841308594,16.11,,,,,,14637.0,9107.0,23418.933,11427.994,
17174,2012,1,0,0,0,0,6467.0,45629.0,52096,0.12413620948791504,1378.0,18.991167068481445,26.708059310913086,,,,,44.0,92.0,460.0,10422.0,48.770751953125,16.0944208690577,,,,,,14921.0,9544.0,28981.693,12375.494,
17174,2013,1,0,0,0,0,6162.0,45739.0,51901,0.11872603744268417,1378.0,18.991167068481445,26.708059310913086,,,,,44.0,103.0,436.0,9699.0,49.96818923950195,15.32438812994494,,,,,,15129.0,10158.0,39279.915,13498.003,
17174,2014,1,0,0,0,0,5878.0,45818.0,51696,0.11370319128036499,1378.0,18.991167068481445,26.708059310913086,,,,,44.0,103.0,433.0,9688.0,49.05290985107422,15.32438812994494,100.0,100.0,100.0,92.51,81.12,15436.0,10711.0,40921.907,15844.631,
17174,2015,1,0,0,0,0,5617.0,45875.0,51492,0.10908490419387817,1378.0,18.991167068481445,26.708059310913086,,,,,46.0,105.0,429.0,8203.0,49.39753723144531,15.6280412,100.0,100.0,100.0,92.51,81.12,15554.0,11016.0,45443.50390625,18345.544921875,
17174,2016,1,0,0,0,0,5372.0,45908.0,51280,0.10475818812847137,1378.0,18.991167068481445,26.708059310913086,,,,,46.0,83.0,404.0,7747.0,48.44960021972656,,100.0,100.0,100.0,96.84,89.39,,11440.0,44177.323000000004,17596.568,
17174,2017,1,0,0,0,0,5150.0,45926.0,51076,0.10083013772964478,1378.0,18.991167068481445,26.708059310913086,,,,,44.0,70.0,421.0,7806.0,49.27753829956055,,,,,,,,,48654.77122278516,18957.718505859375,
17174,2018,1,0,0,0,0,6701.0,44570.0,51271,0.13069766759872437,1378.0,18.991167068481445,26.708059310913086,7.8864549256698,21.8,3.9,2.3,44.0,71.0,448.0,7560.0,49.19188690185547,,,,,,,,,47880.06093200001,19407.604117000003,
17174,2019,1,0,0,0,0,6367.0,45406.0,51773,0.12297915667295456,1378.0,18.991167068481445,,,,,,44.0,83.0,425.0,7546.0,49.75962829589844,,,,,,,,,54747.41690900001,21080.170788,
17174,2020,1,0,0,0,0,6047.0,46220.0,52267,0.11569441854953766,1378.0,18.991167068481445,,,,,,42.0,84.0,428.0,7441.0,50.463558197021484,,,,,,,,,55901.80723410001,19315.130876900002,
17174,2021,1,0,0,0,0,5967.0,46748.0,52715,0.1131935864686966,1378.0,18.991167068481445,,,,,,40.0,84.0,406.0,7284.0,49.64386749267578,,,,,,,,,63403.4446769,22356.2626333,
17174,2022,1,0,0,0,0,5903.0,47281.0,53184,0.11099202930927277,1378.0,18.991167068481445,,,,,,42.0,95.0,387.0,7368.0,50.10075759887695,,,,,,,,,68520.883151,23402.5673466,
17174,2023,1,0,0,0,0,5858.0,47837.0,53695,0.1090976819396019,1378.0,18.991167068481445,,,,,,,,,,,,,,,,,,,77247.692848,25915.3878267,
17873,1993,1,0,0,0,0,9346.0,25096.0,34442,0.2713547348976135,1944.0,16.13167381286621,34.119232177734375,19.26468849182129,,,,,,,,,,,,,,,,,1456.1500244140625,1456.1500244140625,
17873,1994,1,0,0,0,0,9366.0,26121.0,35487,0.2639276385307312,1944.0,16.13167381286621,34.119232177734375,,,,,,,,,,,,,,,,,,1540.969970703125,1540.969970703125,
17873,1995,1,0,0,0,0,9398.0,27161.0,36559,0.25706392526626587,1944.0,16.13167381286621,34.119232177734375,,,,,,,,,,,,,,,,,,2284.110107421875,2284.110107421875,
17873,1996,1,0,0,0,0,9430.0,28178.0,37608,0.2507445216178894,1944.0,16.13167381286621,34.119232177734375,,,,,57.0,,463.0,9560.0,,,,,,,,,,3439.489990234375,1188.3299560546875,
17873,1997,1,0,0,0,0,9461.0,29165.0,38626,0.24493864178657532,1944.0,16.13167381286621,34.119232177734375,,,,,60.0,,475.0,9990.0,,,,,,,,,,3736.780029296875,1789.9100341796875,
17873,1998,1,0,0,0,0,9491.0,30132.0,39623,0.23953258991241455,1944.0,16.13167381286621,34.119232177734375,,,,,61.0,,530.0,10532.0,,,,,,,,,,5064.240234375,2242.159912109375,
17873,1999,1,0,0,0,0,9521.0,31082.0,40603,0.2344900667667389,1944.0,16.13167381286621,34.119232177734375,,,,,61.0,,530.0,10142.0,,,,,,,,,,5490.68994140625,2527.070068359375,
17873,2000,1,0,0,0,0,9548.0,32027.0,41575,0.22965724766254425,1944.0,16.13167381286621,34.119232177734375,,,,,60.0,,491.0,10121.0,50.07179260253906,,,,,,,,,5250.92,2596.284000000001,2718536.0
17873,2001,1,0,0,0,0,9572.0,32960.0,42532,0.225054070353508,1944.0,16.13167381286621,34.119232177734375,,,,,61.0,,497.0,10096.0,49.717472076416016,,,,,,,,,5345.503,2724.66,2713410.0
17873,2002,1,0,0,0,0,9596.0,33886.0,43482,0.22068901360034943,1944.0,16.13167381286621,34.119232177734375,,,,,57.0,,503.0,10782.0,50.122928619384766,,,,,,,,,8440.644,2983.186,4169289.0
17873,2003,1,0,0,0,0,9617.0,34814.0,44431,0.21644797921180725,1944.0,16.13167381286621,34.119232177734375,,,,,31.0,,504.0,8013.0,49.87611770629883,,,,,,,,,8051.126,3369.435,5475844.0
17873,2004,1,0,0,0,0,9635.0,35740.0,45375,0.21234159171581268,1944.0,16.13167381286621,34.119232177734375,,,,,59.0,,487.0,10092.0,51.016605377197266,,,,,,,,,7028.763,4170.448,7088804.0
17873,2005,1,0,0,0,0,9656.0,36668.0,46324,0.20844486355781555,1944.0,16.13167381286621,34.119232177734375,12.499471976948174,42.41093,8.14795,4.26676,63.0,157.0,489.0,10897.0,49.90768814086914,14.91,93.83485611817949,98.87205929745407,74.31307243963364,,92.98949705405175,,,8230.554,3933.32,5600156.0
17873,2006,1,0,0,0,0,9673.0,37597.0,47270,0.2046329528093338,1944.0,16.13167381286621,34.119232177734375,,,,,64.0,164.0,523.0,10704.0,51.644840240478516,14.55,,,,,,,5817.0,9032.199659000002,3788.378659,5707715.0
17873,2007,1,0,0,0,0,9681.0,38531.0,48212,0.20080062747001648,1944.0,16.13167381286621,34.119232177734375,,,,,62.0,158.0,527.0,10705.0,50.779396057128906,14.2,,,,,,,6529.0,10902.867,4685.919,11524821.0
17873,2008,1,0,0,0,0,9693.0,39473.0,49166,0.19714844226837158,1944.0,16.13167381286621,34.119232177734375,,,,,63.0,181.0,538.0,10850.0,51.62224197387695,13.84,50.34,71.37,0.0,50.34,50.34,,4914.0,11999.572,4998.481,9373384.0
17873,2009,1,0,0,0,0,9707.0,40425.0,50132,0.19362881779670715,1944.0,16.13167381286621,34.119232177734375,,,,,61.0,187.0,523.0,10691.0,50.861812591552734,13.48,45.35,62.38,0.0,45.35,45.35,,7721.0,14189.315000000002,5478.428000000001,15315949.0
17873,2010,1,0,0,0,0,9725.0,41395.0,51120,0.19023865461349487,1944.0,16.13167381286621,34.119232177734375,,,,,60.0,172.0,521.0,10597.0,52.02757263183594,13.12,46.24,63.12,0.08,46.2,46.24,,8410.0,13591.177,5933.771000000001,14307672.0
17873,2011,1,0,0,0,0,9741.0,42379.0,52120,0.18689562380313873,1944.0,16.13167381286621,34.119232177734375,,,,,60.0,167.0,514.0,10337.0,52.98517608642578,13.12,46.0,62.67,0.08,45.96,46.0,11543.0,9325.0,14451.288391,6725.528998,
17873,2012,1,0,0,0,0,9759.0,43383.0,53142,0.18364006280899048,1944.0,16.13167381286621,34.119232177734375,,,,,62.0,191.0,535.0,10542.0,52.09593963623047,11.808,47.49,66.35,0.1,47.39,47.44,12572.0,10046.0,17584.622741,8108.975119000001,
17873,2013,1,0,0,0,0,9774.0,44403.0,54177,0.18040865659713745,1944.0,16.13167381286621,34.119232177734375,,,,,62.0,167.0,502.0,10036.0,51.70440673828125,10.6272,73.57,100.0,0.1,73.57,73.57,13049.0,10816.0,25325.670673999994,9149.217344999997,
17873,2014,1,0,0,0,0,9791.0,45437.0,55228,0.17728325724601746,1944.0,16.13167381286621,34.119232177734375,,,,,62.0,154.0,502.0,8468.0,51.332210540771484,9.762234885871546,73.57,100.0,0.1,73.57,73.57,13878.0,11707.0,26922.244442000003,10150.371000000001,
17873,2015,1,0,0,0,0,9812.0,46491.0,56303,0.174271360039711,1944.0,16.13167381286621,34.119232177734375,,,,,60.0,146.0,505.0,8159.0,53.219905853271484,8.903154582,74.59,100.0,0.0,74.59,74.59,14564.0,12543.0,30963.951171875,12341.416015625,
17873,2016,1,0,0,0,0,9830.0,47553.0,57383,0.1713050901889801,1944.0,16.13167381286621,34.119232177734375,,,,,60.0,126.0,524.0,8100.0,52.96755599975586,,90.84,94.81,75.64,75.86,75.86,,13592.0,32236.900086999998,14346.082139999999,
17873,2017,1,0,0,0,0,9845.0,48636.0,58481,0.16834527254104614,1944.0,16.13167381286621,34.119232177734375,,,,,58.0,160.0,574.0,8617.0,52.756187438964844,,,,,,,,,29914.210891723633,13185.607940673828,
17873,2018,1,0,0,0,0,8758.0,55894.0,64652,0.13546371459960938,1944.0,16.13167381286621,34.119232177734375,6.880375293197811,17.0,6.3,8.1,58.0,188.0,611.0,8947.0,52.005699157714844,,,,,,,,,31477.86319621,14627.20502072,
17873,2019,1,0,0,0,0,8402.0,57787.0,66189,0.12693952023983002,1944.0,16.13167381286621,,,,,,60.0,199.0,653.0,8862.0,53.5434455871582,,,,,,,,,37883.0757995,17799.0622216,
17873,2020,1,0,0,0,0,8039.0,59390.0,67429,0.11922170221805573,1944.0,16.13167381286621,,,,,,60.0,165.0,619.0,8817.0,53.51012420654297,,,,,,,,,38870.666114780004,16114.938392920001,
17873,2021,1,0,0,0,0,7932.0,60088.0,68020,0.1166127622127533,1944.0,16.13167381286621,,,,,,58.0,204.0,675.0,8499.0,52.51573181152344,,,,,,,,,42204.284503,18640.078911250002,
17873,2022,1,0,0,0,0,7848.0,60777.0,68625,0.11436065286397934,1944.0,16.13167381286621,,,,,,55.0,217.0,710.0,8883.0,52.92115020751953,,,,,,,,,47777.77191,22478.911175800004,
17873,2023,1,0,0,0,0,7787.0,61498.0,69285,0.11239084601402283,1944.0,16.13167381286621,,,,,,,,,,,,,,,,,,,55659.843946,26623.94897195,
19137,1993,0,0,1,0,0,25679.0,1183.0,26862,0.9559600949287415,1700.0,39.67958068847656,64.03924560546875,80.90882110595703,,,,,,,,,,,,,,,,,546.47998046875,546.47998046875,
19137,1994,0,0,1,0,0,26101.0,1192.0,27293,0.9563257694244385,1700.0,39.67958068847656,64.03924560546875,,,,,,,,,,,,,,,,,,992.7000122070312,992.7000122070312,
19137,1995,0,0,1,0,0,26510.0,1204.0,27714,0.9565562605857849,1700.0,39.67958068847656,64.03924560546875,,,,,,,,,,,,,,,,,,1233.989990234375,1233.989990234375,
19137,1996,0,0,1,0,0,26901.0,1217.0,28118,0.9567180871963501,1700.0,39.67958068847656,64.03924560546875,,,,,80.0,,229.0,5220.0,,,,,,,,,,0.0,0.0,
19137,1997,0,0,1,0,0,27275.0,1232.0,28507,0.9567825198173523,1700.0,39.67958068847656,64.03924560546875,,,,,81.0,,234.0,5260.0,,,,,,,,,,0.0,0.0,
19137,1998,0,0,1,0,0,27629.0,1249.0,28878,0.9567490816116333,1700.0,39.67958068847656,64.03924560546875,,,,,83.0,,267.0,5514.0,,,,,,,,,,2611.219970703125,640.8699951171875,
19137,1999,0,0,1,0,0,27962.0,1266.0,29228,0.9566853642463684,1700.0,39.67958068847656,64.03924560546875,,,,,83.0,,275.0,5610.0,,,,,,,,,,3613.070068359375,753.9400024414062,
19137,2000,0,0,1,0,0,28274.0,1284.0,29558,0.956559956073761,1700.0,39.67958068847656,64.03924560546875,,,,,82.0,,260.0,5564.0,48.59891891479492,,,,,,,,,3504.14,734.9190000000001,2625950.0
19137,2001,0,0,1,0,0,28555.0,1302.0,29857,0.9563921093940735,1700.0,39.67958068847656,64.03924560546875,,,,,85.0,,264.0,5690.0,47.476383209228516,,,,,,,,,4000.873,803.2189999999999,2920573.0
19137,2002,0,0,1,0,0,28823.0,1318.0,30141,0.9562721848487854,1700.0,39.67958068847656,64.03924560546875,,,,,85.0,,266.0,6233.0,47.710933685302734,,,,,,,,,6854.332,859.1759999999999,6606598.0
19137,2003,0,0,1,0,0,29077.0,1334.0,30411,0.9561343193054199,1700.0,39.67958068847656,64.03924560546875,,,,,61.0,,260.0,6745.0,47.7252082824707,,,,,,,,,4639.906,814.2049999999999,4879813.0
19137,2004,0,0,1,0,0,29317.0,1347.0,30664,0.9560722708702087,1700.0,39.67958068847656,64.03924560546875,,,,,81.0,,298.0,7322.0,47.482994079589844,,,,,,,,,5638.275,372.916,3295977.0
19137,2005,0,0,1,0,0,29548.0,1358.0,30906,0.9560602903366089,1700.0,39.67958068847656,64.03924560546875,69.8749758329574,87.10447,41.09026,52.253119999999996,80.0,147.0,295.0,7120.0,47.94015884399414,31.1,64.40129449838187,98.08306709265176,62.775636083269085,,11.444542512503677,,,6526.873000000001,1119.173,5621591.0
19137,2006,0,0,1,0,0,29754.0,1367.0,31121,0.9560746550559998,1700.0,39.67958068847656,64.03924560546875,,,,,82.0,100.0,303.0,7721.0,48.45407485961914,30.41,,,,,,,,7557.85059,1590.65459,4033790.0
19137,2007,0,0,1,0,0,29919.0,1375.0,31294,0.956061840057373,1700.0,39.67958068847656,64.03924560546875,,,,,78.0,82.0,341.0,7631.0,47.02408218383789,29.72,,,,,,,,7871.521000000001,1502.863,6701422.0
19137,2008,0,0,1,0,0,30095.0,1382.0,31477,0.9560949206352234,1700.0,39.67958068847656,64.03924560546875,,,,,83.0,292.0,408.0,8195.0,46.731693267822266,29.02,94.12,92.87,94.19,4.14,4.14,,,10894.889,1343.447,11079698.0
19137,2009,0,0,1,0,0,30285.0,1391.0,31676,0.9560866355895996,1700.0,39.67958068847656,64.03924560546875,,,,,84.0,338.0,461.0,8623.0,46.07767105102539,28.33,85.92,64.11,87.48,3.41,3.41,,,12418.101949999997,1430.52695,11184102.0
19137,2010,0,0,1,0,0,30486.0,1400.0,31886,0.9560936093330383,1700.0,39.67958068847656,64.03924560546875,,,,,88.0,318.0,467.0,8906.0,46.67866516113281,27.64,86.02,98.44,85.34,4.03,4.03,,,12061.68,1320.931,12265162.0
19137,2011,0,0,1,0,0,30705.0,1410.0,32115,0.956095278263092,1700.0,39.67958068847656,64.03924560546875,,,,,88.0,180.0,481.0,9095.0,46.23802947998047,25.73926611819728,73.13,98.36,72.03,3.88,3.88,5366.0,,14210.084,1971.76,
19137,2012,0,0,1,0,0,30944.0,1421.0,32365,0.9560945630073547,1700.0,39.67958068847656,64.03924560546875,,,,,89.0,206.0,491.0,9393.0,46.5251350402832,24.501780017870146,100.0,100.0,100.0,5.78,5.78,5368.0,,16954.546000000002,1728.5159999999998,
19137,2013,0,0,1,0,0,31181.0,1432.0,32613,0.9560911059379578,1700.0,39.67958068847656,64.03924560546875,,,,,86.0,399.0,533.0,9641.0,45.38605499267578,23.300859711327316,94.12,92.87,94.19,4.14,4.14,5666.0,,22552.814,1922.815,
19137,2014,0,0,1,0,0,31421.0,1442.0,32863,0.9561208486557007,1700.0,39.67958068847656,64.03924560546875,,,,,88.0,57.0,531.0,5995.0,45.086917877197266,21.97281992282165,94.12,92.87,94.19,4.14,4.14,6219.0,,25194.156000000003,2474.86,
19137,2015,0,0,1,0,0,31668.0,1454.0,33122,0.956101655960083,1700.0,39.67958068847656,64.03924560546875,,,,,88.0,67.0,533.0,5433.0,45.49555969238281,21.36867302,94.12,92.87,94.19,4.14,4.14,7923.0,,29128.509765625,3139.77807617187,
19137,2016,0,0,1,0,0,31923.0,1465.0,33388,0.9561219811439514,1700.0,39.67958068847656,64.03924560546875,,,,,88.0,41.0,548.0,8046.0,44.92296600341797,,4.14,73.17,0.0,4.14,4.14,,,31679.797,2911.0969999999998,
19137,2017,0,0,1,0,0,32176.0,1477.0,33653,0.9561108946800232,1700.0,39.67958068847656,64.03924560546875,,,,,89.0,53.0,561.0,8855.0,43.80470275878906,,,,,,,,,33981.0421903385,3106.846887588501,
19137,2018,0,0,1,0,0,37772.0,2174.0,39946,0.945576548576355,1700.0,39.67958068847656,64.03924560546875,22.278883129911385,56.0,15.9,30.5,90.0,69.0,548.0,8382.0,43.721797943115234,,,,,,,,,35678.27378624,3283.85590037,
19137,2019,0,0,1,0,0,38720.0,2178.0,40898,0.9467455744743347,1700.0,39.67958068847656,,,,,,93.0,57.0,567.0,8793.0,43.142486572265625,,,,,,,,,42090.45061419,3747.33263745,
19137,2020,0,0,1,0,0,39589.0,2181.0,41770,0.947785496711731,1700.0,39.67958068847656,,,,,,93.0,54.0,576.0,8940.0,43.40928649902344,,,,,,,,,41095.12358185,3317.153633,
19137,2021,0,0,1,0,0,40120.0,1992.0,42112,0.9526975750923157,1700.0,39.67958068847656,,,,,,93.0,70.0,596.0,9106.0,43.8043212890625,,,,,,,,,50152.229532,3629.654943,
19137,2022,0,0,1,0,0,40640.0,1807.0,42447,0.9574292898178101,1700.0,39.67958068847656,,,,,,93.0,70.0,616.0,9273.0,42.7222785949707,,,,,,,,,51648.048088,3681.2424579999997,
19137,2023,0,0,1,0,0,41150.0,1634.0,42784,0.9618081450462341,1700.0,39.67958068847656,,,,,,,,,,,,,,,,,,,59661.111999,4909.597705,
19698,1993,0,0,1,0,0,51321.0,30549.0,81870,0.6268596649169922,1071.0,62.35491180419922,41.00839614868164,38.2011604309082,,,,,,,,,,,,,,,,,2329.340087890625,2329.340087890625,
19698,1994,0,0,1,0,0,52329.0,31098.0,83427,0.6272429823875427,1071.0,62.35491180419922,41.00839614868164,,,,,,,,,,,,,,,,,,2329.760009765625,2329.760009765625,
19698,1995,0,0,1,0,0,52985.0,31561.0,84546,0.6267002820968628,1071.0,62.35491180419922,41.00839614868164,,,,,,,,,,,,,,,,,,3435.489990234375,3435.489990234375,
19698,1996,0,0,1,0,0,53356.0,31991.0,85347,0.6251655220985413,1071.0,62.35491180419922,41.00839614868164,,,,,142.0,,843.0,19989.0,,,,,,,,,,6183.4501953125,2468.97998046875,
19698,1997,0,0,1,0,0,53516.0,32455.0,85971,0.6224889755249023,1071.0,62.35491180419922,41.00839614868164,,,,,146.0,,812.0,18880.0,,,,,,,,,,0.0,0.0,
19698,1998,0,0,1,0,0,53564.0,33007.0,86571,0.6187291145324707,1071.0,62.35491180419922,41.00839614868164,,,,,152.0,,944.0,21591.0,,,,,,,,,,3097.090087890625,2227.89990234375,
19698,1999,0,0,1,0,0,40225.0,33707.0,73932,0.5440810322761536,1071.0,62.35491180419922,41.00839614868164,,,,,159.0,,1066.0,24231.0,,,,,,,,,,8670.830078125,3282.320068359375,
19698,2000,0,0,1,0,0,40085.0,34625.0,74710,0.5365412831306458,1071.0,62.35491180419922,41.00839614868164,,,,,158.0,,998.0,23596.0,47.55672836303711,,,,,,,,,9034.403,3699.684,9037304.0
19698,2001,0,0,1,0,0,40014.0,35741.0,75755,0.5282027721405029,1071.0,62.35491180419922,41.00839614868164,,,,,145.0,,969.0,22584.0,47.48460388183594,,,,,,,,,11962.141,4451.768,8391892.0
19698,2002,0,0,1,0,0,39967.0,36853.0,76820,0.5202681422233582,1071.0,62.35491180419922,41.00839614868164,,,,,137.0,,814.0,19864.0,47.823341369628906,,,,,,,,,14177.56,5253.372,9245716.0
19698,2003,0,0,1,0,0,39950.0,37967.0,77917,0.5127250552177429,1071.0,62.35491180419922,41.00839614868164,,,,,52.0,,794.0,21671.0,47.83132553100586,,,,,,,,,11860.084,5376.507,7657304.0
19698,2004,0,0,1,0,0,39968.0,39103.0,79071,0.5054697394371033,1071.0,62.35491180419922,41.00839614868164,,,,,127.0,,806.0,21324.0,47.9605598449707,,,,,,,,,13217.3,5978.799,7488632.0
19698,2005,0,0,1,0,0,40031.0,40251.0,80282,0.4986298382282257,1071.0,62.35491180419922,41.00839614868164,33.59858295053572,62.56891,20.76683,10.042869999999999,131.0,216.0,915.0,21416.0,48.804466247558594,19.74,79.41615610358853,98.31643201732795,58.69846751564861,,55.05843587499356,,,15176.357,7097.74,9741262.0
19698,2006,0,0,1,0,0,40033.0,41473.0,81506,0.49116629362106323,1071.0,62.35491180419922,41.00839614868164,,,,,133.0,226.0,940.0,21577.0,49.18645095825195,19.3,,,,,,,,19987.791169,8259.256169,10636353.0
19698,2007,0,0,1,0,0,40046.0,42651.0,82697,0.4842497408390045,1071.0,62.35491180419922,41.00839614868164,,,,,122.0,296.0,961.0,20278.0,48.5352668762207,18.86,,,,,,,,18375.966,8943.715999999999,14215153.0
19698,2008,0,0,1,0,0,40069.0,43869.0,83938,0.4773642420768738,1071.0,62.35491180419922,41.00839614868164,,,,,134.0,262.0,1015.0,20441.0,48.233253479003906,18.43,91.4,95.92,78.35,70.42,70.42,,0.0,25594.379,8886.892,17585852.0
19698,2009,0,0,1,0,0,40104.0,45093.0,85197,0.4707207977771759,1071.0,62.35491180419922,41.00839614868164,,,,,128.0,363.0,1010.0,20743.0,47.9703369140625,17.99,95.84,100.0,82.91,74.45,73.48,,3843.0,29579.444999999996,9955.199,24859472.0
19698,2010,0,0,1,0,0,40149.0,46353.0,86502,0.46413955092430115,1071.0,62.35491180419922,41.00839614868164,,,,,135.0,420.0,1081.0,20839.0,48.19422149658203,17.55,95.81,100.0,82.89,74.94,74.6,,5353.0,35934.692,10896.207,30562150.0
19698,2011,0,0,1,0,0,40206.0,47666.0,87872,0.45755189657211304,1071.0,62.35491180419922,41.00839614868164,,,,,140.0,338.0,1035.0,20873.0,48.07783126831055,17.55,64.77,97.05,33.01,43.36,43.09,24469.0,6793.0,36273.005,12076.741,
19698,2012,0,0,1,0,0,40290.0,48977.0,89267,0.4513426125049591,1071.0,62.35491180419922,41.00839614868164,,,,,140.0,322.0,1032.0,20746.0,48.52125549316406,17.55,56.67,97.22,22.65,45.61,45.61,25356.0,7347.0,41369.322,12069.675000000001,
19698,2013,0,0,1,0,0,40385.0,50297.0,90682,0.44534748792648315,1071.0,62.35491180419922,41.00839614868164,,,,,134.0,312.0,1078.0,20835.0,48.142967224121094,15.795,49.78,100.0,10.27,45.63,45.6,26796.0,7974.0,57624.328,12975.601999999997,
19698,2014,0,0,1,0,0,40475.0,51639.0,92114,0.43940117955207825,1071.0,62.35491180419922,41.00839614868164,,,,,137.0,213.0,1092.0,18536.0,47.84002685546875,15.22772348587388,46.55,100.0,11.74,41.25,41.25,28223.0,8853.0,56391.21400000001,14197.694,
19698,2015,0,0,1,0,0,40575.0,52970.0,93545,0.4337484538555145,1071.0,62.35491180419922,41.00839614868164,,,,,137.0,232.0,1098.0,17970.0,47.51198196411133,15.39141856,45.4,83.61,11.53,40.85,40.85,28337.0,9797.0,65428.3359375,17489.306640625,
19698,2016,0,0,1,0,0,40679.0,54362.0,95041,0.4280152916908264,1071.0,62.35491180419922,41.00839614868164,,,,,140.0,226.0,1190.0,18569.0,48.073570251464844,,51.36,100.0,11.54,46.63,46.63,,10607.0,68186.17199999999,16120.362,
19698,2017,0,0,1,0,0,40789.0,55729.0,96518,0.42260509729385376,1071.0,62.35491180419922,41.00839614868164,,,,,140.0,198.0,1203.0,19093.0,48.32887649536133,,,,,,,,,70760.58329448145,16532.411575317383,
19698,2018,0,0,1,0,0,58199.0,52246.0,110445,0.5269500613212585,1071.0,62.35491180419922,41.00839614868164,12.024373872551076,23.8,10.1,6.7,139.0,192.0,1187.0,19023.0,47.838409423828125,,,,,,,,,90158.2770178,19864.225847370002,
19698,2019,0,0,1,0,0,59276.0,52513.0,111789,0.5302489399909973,1071.0,62.35491180419922,,,,,,143.0,218.0,1215.0,19131.0,47.023136138916016,,,,,,,,,91090.57961454001,23397.725061570003,
19698,2020,0,0,1,0,0,60317.0,52684.0,113001,0.5337740182876587,1071.0,62.35491180419922,,,,,,143.0,218.0,1172.0,19166.0,49.089420318603516,,,,,,,,,95546.620124,22558.070568,
19698,2021,0,0,1,0,0,61126.0,52799.0,113925,0.536545991897583,1071.0,62.35491180419922,,,,,,140.0,218.0,1156.0,18971.0,48.074676513671875,,,,,,,,,109585.90337,25576.530543999997,
19698,2022,0,0,1,0,0,61918.0,52914.0,114832,0.5392050743103027,1071.0,62.35491180419922,,,,,,139.0,223.0,1178.0,19262.0,48.505889892578125,,,,,,,,,124341.18341,32852.526375,
19698,2023,0,0,1,0,0,62696.0,53049.0,115745,0.541673481464386,1071.0,62.35491180419922,,,,,,,,,,,,,,,,,,,144428.577472,34297.026421,
20001,1993,0,1,0,0,0,56290.0,203744.0,260034,0.21647168695926666,169.0,0.0,166.75674438476562,42.733577728271484,,,,,,,,,,,,,,,,,5965.72021484375,5813.9599609375,
20001,1994,0,1,0,0,0,57558.0,211244.0,268802,0.21412786841392517,169.0,0.0,166.75674438476562,,,,,,,,,,,,,,,,,,9661.5400390625,9661.5400390625,
20001,1995,0,1,0,0,0,58916.0,218798.0,277714,0.2121463119983673,169.0,0.0,166.75674438476562,,,,,,,,,,,,,,,,,,16776.650390625,16616.009765625,
20001,1996,0,1,0,0,0,58359.0,226420.0,284779,0.20492732524871826,169.0,0.0,166.75674438476562,,,,,298.0,,3405.0,74175.0,,,,,,,,,,0.0,0.0,
20001,1997,0,1,0,0,0,57742.0,234117.0,291859,0.19784210622310638,169.0,0.0,166.75674438476562,,,,,304.0,,3340.0,75775.0,,,,,,,,,,25865.400390625,12545.490234375,
20001,1998,0,1,0,0,0,52836.0,241912.0,294748,0.17925821244716644,169.0,0.0,166.75674438476562,,,,,334.0,,3819.0,83478.0,,,,,,,,,,31326.30078125,13563.240234375,
20001,1999,0,1,0,0,0,51876.0,249813.0,301689,0.17195190489292145,169.0,0.0,166.75674438476562,,,,,347.0,,4151.0,86234.0,,,,,,,,,,40378.4296875,12340.9599609375,
20001,2000,0,1,0,0,0,50790.0,257825.0,308615,0.16457398235797882,169.0,0.0,166.75674438476562,,,,,314.0,,4187.0,87956.0,48.92259216308594,,,,,,,,,47709.262,12751.297,43584016.0
20001,2001,0,1,0,0,0,51554.0,265935.0,317489,0.1623804271221161,169.0,0.0,166.75674438476562,,,,,365.0,,4273.0,92911.0,48.86414337158203,,,,,,,,,50079.101,13623.401,40231940.0
20001,2002,0,1,0,0,0,52368.0,274123.0,326491,0.16039645671844482,169.0,0.0,166.75674438476562,,,,,374.0,,4428.0,96608.0,49.4570426940918,,,,,,,,,69519.497,23305.126,51664188.0
20001,2003,0,1,0,0,0,53275.0,282388.0,335663,0.15871573984622955,169.0,0.0,166.75674438476562,,,,,255.0,,4345.0,100059.0,50.14600372314453,,,,,,,,,110101.163,23661.306,97910336.0
20001,2004,0,1,0,0,0,54328.0,290716.0,345044,0.15745238959789276,169.0,0.0,166.75674438476562,,,,,353.0,,4064.0,91293.0,50.33028793334961,,,,,,,,,133292.961,29619.607,117082360.0
20001,2005,0,1,0,0,0,55470.0,299112.0,354582,0.1564377248287201,169.0,0.0,166.75674438476562,32.74492366876188,53.21886,8.72692,13.176850000000002,311.0,1544.0,4209.0,94200.0,50.60055923461914,17.29,91.99002586873617,98.5473758799698,49.74694849657636,,84.66410646185028,,,153308.841,35091.244,161129984.0
20001,2006,0,1,0,0,0,56721.0,307577.0,364298,0.1556994616985321,169.0,0.0,166.75674438476562,,,,,330.0,1323.0,4495.0,99270.0,50.25969314575195,16.91,,,,,,,55575.0,161511.251,37250.567,141423792.0
20001,2007,0,1,0,0,0,57914.0,316100.0,374014,0.1548444777727127,169.0,0.0,166.75674438476562,,,,,313.0,1596.0,4476.0,102057.0,49.82145690917969,16.53,,,,,,,0.0,191918.286,37712.952,170914720.0
20001,2008,0,1,0,0,0,59093.0,324702.0,383795,0.15397021174430847,169.0,0.0,166.75674438476562,,,,,318.0,1494.0,4585.0,102367.0,50.202369689941406,16.14,83.5,100.0,0.0,83.55,83.5,,61815.0,213649.797,38720.997,183590240.0
20001,2009,0,1,0,0,0,60227.0,333365.0,393592,0.15301886200904846,169.0,0.0,166.75674438476562,,,,,302.0,1541.0,4405.0,98229.0,49.8597526550293,15.76,84.02,100.0,0.07,84.08,84.02,,64944.0,231995.237,50012.981999999996,217928384.0
20001,2010,0,1,0,0,0,61352.0,342092.0,403444,0.15207067131996155,169.0,0.0,166.75674438476562,,,,,317.0,1564.0,4359.0,97205.0,49.60064697265625,15.37,88.53,100.0,0.0,88.53,88.53,,68223.0,261469.915,58799.268000000004,292207744.0
20001,2011,0,1,0,0,0,62455.0,350886.0,413341,0.15109799802303314,169.0,0.0,166.75674438476562,,,,,326.0,1637.0,4532.0,102214.0,49.494606018066406,14.857683582995996,91.97,100.0,6.3,94.21,91.97,86562.0,72659.0,292239.113,50604.427,
20001,2012,0,1,0,0,0,63527.0,359751.0,423278,0.15008339285850525,169.0,0.0,166.75674438476562,,,,,337.0,1518.0,4436.0,102470.0,49.94918441772461,13.500132006229366,38.02,60.7,0.0,28.34,38.02,89942.0,77078.0,369751.099,81545.319,
20001,2013,0,1,0,0,0,64568.0,368674.0,433242,0.14903448522090912,169.0,0.0,166.75674438476562,,,,,327.0,1543.0,4595.0,104473.0,49.51071548461914,13.338589905529975,47.98,57.73,1.59,38.2,47.98,109612.76768313903,82067.0,502080.46900000004,98689.426,
20001,2014,0,1,0,0,0,65540.0,377670.0,443210,0.14787572622299194,169.0,0.0,166.75674438476562,,,,,337.0,1406.0,4213.0,101901.0,49.70145797729492,12.677860020863617,,,,,,109613.0,91399.0,539681.6710000001,112776.37400000001,
20001,2015,0,1,0,0,0,66482.0,386733.0,453215,0.1466897577047348,169.0,0.0,166.75674438476562,,,,,345.0,1240.0,4697.0,99610.0,49.77622985839844,12.19807287,83.6,97.22,13.26,85.74,83.6,109613.0,97759.0,548550.9375,119812.0078125,
20001,2016,0,1,0,0,0,67359.0,395860.0,463219,0.1454150229692459,169.0,0.0,166.75674438476562,,,,,356.0,1164.0,4960.0,102774.0,50.73532485961914,,85.06,99.41,6.75,86.54,85.06,,101379.0,568024.505213,132919.927213,
20001,2017,0,1,0,0,0,68195.0,405056.0,473251,0.14409901201725006,169.0,0.0,166.75674438476562,,,,,359.0,1249.0,5146.0,105320.0,50.874855041503906,,,,,,,,,638083.6757901406,160593.16821289062,
20001,2018,0,1,0,0,0,58281.0,431794.0,490075,0.11892261356115341,169.0,0.0,166.75674438476562,17.690656576741084,30.5,7.9,13.3,375.0,1231.0,5174.0,105770.0,50.25624084472656,,,,,,,,,676073.149709,163500.16593900003,
20001,2019,0,1,0,0,0,61882.0,451803.0,513685,0.12046682089567184,169.0,0.0,,,,,,394.0,1584.0,5487.0,108763.0,50.732643127441406,,,,,,,,,742177.81801494,191016.05046445,
20001,2020,0,1,0,0,0,64791.0,468165.0,532956,0.12156913429498672,169.0,0.0,,,,,,400.0,1546.0,5386.0,108649.0,50.79286575317383,,,,,,,,,737275.109828,146590.245304,
20001,2021,0,1,0,0,0,66371.0,477763.0,544134,0.12197546660900116,169.0,0.0,,,,,,380.0,1585.0,5184.0,105425.0,50.810455322265625,,,,,,,,,1201198.145639,169232.21390600002,
20001,2022,0,1,0,0,0,67595.0,484453.0,552048,0.12244406342506409,169.0,0.0,,,,,,393.0,1822.0,5586.0,106579.0,50.882102966308594,,,,,,,,,906062.7480240001,217509.27804575002,
20001,2023,0,1,0,0,0,68729.0,490733.0,559462,0.12284837663173676,169.0,0.0,,,,,,,,,,,,,,,,,,,1102210.833674,241828.469388,
20013,1993,0,1,0,0,0,20089.0,33111.0,53200,0.37761276960372925,131.0,46.063541412353516,206.08901977539062,56.496856689453125,,,,,,,,,,,,,,,,,2076.260009765625,2076.260009765625,
20013,1994,0,1,0,0,0,20178.0,33743.0,53921,0.37421414256095886,131.0,46.063541412353516,206.08901977539062,,,,,,,,,,,,,,,,,,2804.030029296875,2798.469970703125,
20013,1995,0,1,0,0,0,20081.0,34401.0,54482,0.3685804605484009,131.0,46.063541412353516,206.08901977539062,,,,,,,,,,,,,,,,,,3350.81005859375,3344.169921875,
20013,1996,0,1,0,0,0,19806.0,34999.0,54805,0.3613903820514679,131.0,46.063541412353516,206.08901977539062,,,,,114.0,,715.0,15196.0,,,,,,,,,,0.0,0.0,
20013,1997,0,1,0,0,0,19420.0,35592.0,55012,0.35301387310028076,131.0,46.063541412353516,206.08901977539062,,,,,127.0,,791.0,17189.0,,,,,,,,,,0.0,0.0,
20013,1998,0,1,0,0,0,18955.0,36166.0,55121,0.3438798189163208,131.0,46.063541412353516,206.08901977539062,,,,,131.0,,784.0,17400.0,,,,,,,,,,6232.72021484375,858.25,
20013,1999,0,1,0,0,0,18445.0,36698.0,55143,0.3344939649105072,131.0,46.063541412353516,206.08901977539062,,,,,132.0,,743.0,15574.0,,,,,,,,,,7119.75,955.4000244140625,
20013,2000,0,1,0,0,0,17923.0,37173.0,55096,0.32530492544174194,131.0,46.063541412353516,206.08901977539062,,,,,130.0,,746.0,16339.0,49.22078323364258,,,,,,,,,0.0,0.0,
20013,2001,0,1,0,0,0,17402.0,37558.0,54960,0.3166302740573883,131.0,46.063541412353516,206.08901977539062,,,,,143.0,,748.0,15895.0,49.22003173828125,,,,,,,,,9016.287,1506.07,7997789.0
20013,2002,0,1,0,0,0,16874.0,37897.0,54771,0.3080827593803406,131.0,46.063541412353516,206.08901977539062,,,,,147.0,,794.0,16596.0,50.55032730102539,,,,,,,,,13707.813,1941.578,10178826.0
20013,2003,0,1,0,0,0,16353.0,38184.0,54537,0.2998514771461487,131.0,46.063541412353516,206.08901977539062,,,,,47.0,,669.0,15576.0,50.04597091674805,,,,,,,,,8999.29,2981.934,1566409.0
20013,2004,0,1,0,0,0,15858.0,38410.0,54268,0.292216420173645,131.0,46.063541412353516,206.08901977539062,,,,,131.0,,508.0,14340.0,49.260780334472656,,,,,,,,,14094.926,3880.116,9703223.0
20013,2005,0,1,0,0,0,15404.0,38565.0,53969,0.2854230999946594,131.0,46.063541412353516,206.08901977539062,51.43758016772889,73.06608999999999,27.097320000000003,29.145880000000002,113.0,150.0,626.0,15692.0,49.75878143310547,28.83,74.48113603898831,92.53838771593091,32.25806451612903,,62.919082430047894,,,14400.489,3526.928,13098408.0
20013,2006,0,1,0,0,0,15016.0,38634.0,53650,0.2798881530761719,131.0,46.063541412353516,206.08901977539062,,,,,120.0,133.0,666.0,15502.0,49.39738845825195,28.19,,,,,,,4067.0,18114.544195,4213.363195,13549131.0
20013,2007,0,1,0,0,0,14710.0,38692.0,53402,0.27545785903930664,131.0,46.063541412353516,206.08901977539062,,,,,118.0,324.0,679.0,15954.0,49.48655700683594,27.54,,,,,,,4294.0,18603.809,3619.211,13635763.0
20013,2008,0,1,0,0,0,14394.0,38737.0,53131,0.27091529965400696,131.0,46.063541412353516,206.08901977539062,,,,,127.0,158.0,695.0,16081.0,48.630916595458984,26.9,100.0,100.0,0.0,100.0,100.0,,1113.0,22958.587,4713.295,21619488.0
20013,2009,0,1,0,0,0,14073.0,38771.0,52844,0.2663121521472931,131.0,46.063541412353516,206.08901977539062,,,,,128.0,142.0,715.0,16323.0,47.82120895385742,26.26,100.0,100.0,0.0,100.0,100.0,,5416.0,28953.692000000003,5001.241,25329632.0
20013,2010,0,1,0,0,0,13749.0,38793.0,52542,0.2616763710975647,131.0,46.063541412353516,206.08901977539062,,,,,132.0,151.0,707.0,15983.0,48.5992546081543,25.62,100.0,100.0,100.0,100.0,100.0,,6339.0,28641.882000000005,5002.118,19773364.0
20013,2011,0,1,0,0,0,13432.0,38803.0,52235,0.25714558362960815,131.0,46.063541412353516,206.08901977539062,,,,,149.0,155.0,752.0,16388.0,47.40620040893555,25.62,48.43,64.83,0.0,59.42,48.43,14618.0,6692.0,26016.947,4652.841,
20013,2012,0,1,0,0,0,13107.0,38802.0,51909,0.2524995803833008,131.0,46.063541412353516,206.08901977539062,,,,,155.0,143.0,689.0,15708.0,48.32988739013672,25.62,48.81,65.49,0.0,59.63,48.81,14002.0,7152.0,35400.229,4486.2,
20013,2013,0,1,0,0,0,12777.0,38789.0,51566,0.24777954816818237,131.0,46.063541412353516,206.08901977539062,,,,,149.0,160.0,749.0,15463.0,46.70563888549805,23.058,29.65,37.8,0.0,20.34,29.65,14914.59756097561,7711.0,50822.39,6505.826999999999,
20013,2014,0,1,0,0,0,12431.0,38764.0,51195,0.24281668663024902,131.0,46.063541412353516,206.08901977539062,,,,,150.0,164.0,699.0,13056.0,45.989688873291016,21.21089000680081,28.77,38.9,0.0,18.97,28.77,14915.0,8186.0,38968.668000000005,5957.713,
20013,2015,0,1,0,0,0,12102.0,38727.0,50829,0.23809242248535156,131.0,46.063541412353516,206.08901977539062,,,,,148.0,137.0,711.0,13406.0,46.466609954833984,20.06027725,42.51,57.41,0.0,18.69,42.51,14915.0,8291.0,65830.25,8286.9873046875,
20013,2016,0,1,0,0,0,11771.0,38679.0,50450,0.23332011699676514,131.0,46.063541412353516,206.08901977539062,,,,,155.0,120.0,710.0,14041.0,47.07854461669922,,100.0,100.0,100.0,83.86,96.36,,8556.0,49960.688637,9249.293773,
20013,2017,0,1,0,0,0,11436.0,38619.0,50055,0.22846868634223938,131.0,46.063541412353516,206.08901977539062,,,,,149.0,120.0,744.0,13756.0,47.17369842529297,,,,,,,,,66248.83118589221,8197.896333694458,
20013,2018,0,1,0,0,0,12611.0,48157.0,60768,0.20752698183059692,131.0,46.063541412353516,206.08901977539062,28.420692603676784,44.5,15.7,19.7,156.0,112.0,761.0,14080.0,46.386837005615234,,,,,,,,,70098.71793819,12928.624981059998,
20013,2019,0,1,0,0,0,13385.0,49479.0,62864,0.2129199504852295,131.0,46.063541412353516,,,,,,156.0,124.0,781.0,14470.0,47.080257415771484,,,,,,,,,38939.57503894,7638.13047389,
20013,2020,0,1,0,0,0,14034.0,50642.0,64676,0.21698929369449615,131.0,46.063541412353516,,,,,,157.0,125.0,767.0,14435.0,47.557861328125,,,,,,,,,65529.894678380006,11735.135554999999,
20013,2021,0,1,0,0,0,14377.0,51642.0,66019,0.21777063608169556,131.0,46.063541412353516,,,,,,149.0,117.0,763.0,14917.0,47.01611328125,,,,,,,,,79550.427545,18420.796356,
20013,2022,0,1,0,0,0,14642.0,52337.0,66979,0.21860583126544952,131.0,46.063541412353516,,,,,,148.0,132.0,813.0,13847.0,47.47567367553711,,,,,,,,,95359.30295299999,28359.579621999994,
20013,2023,0,1,0,0,0,14887.0,52992.0,67879,0.21931672096252441,131.0,46.063541412353516,,,,,,,,,,,,,,,,,,,106287.58761,30285.835703,
20060,1993,0,1,0,0,0,2994.0,20539.0,23533,0.1272255927324295,83.0,54.31758499145508,160.5916748046875,64.09119415283203,,,,,,,,,,,,,,,,,973.2100219726562,973.2100219726562,
20060,1994,0,1,0,0,0,2818.0,21265.0,24083,0.11701200157403946,83.0,54.31758499145508,160.5916748046875,,,,,,,,,,,,,,,,,,1168.969970703125,1168.969970703125,
20060,1995,0,1,0,0,0,2720.0,21983.0,24703,0.11010808497667313,83.0,54.31758499145508,160.5916748046875,,,,,,,,,,,,,,,,,,2067.699951171875,2067.330078125,
20060,1996,0,1,0,0,0,2680.0,22644.0,25324,0.10582846403121948,83.0,54.31758499145508,160.5916748046875,,,,,28.0,,247.0,6311.0,,,,,,,,,,2784.010009765625,629.5800170898438,
20060,1997,0,1,0,0,0,2685.0,23290.0,25975,0.10336862504482269,83.0,54.31758499145508,160.5916748046875,,,,,28.0,,273.0,6735.0,,,,,,,,,,1922.77001953125,769.239990234375,
20060,1998,0,1,0,0,0,2721.0,23914.0,26635,0.1021588146686554,83.0,54.31758499145508,160.5916748046875,,,,,29.0,,293.0,7269.0,,,,,,,,,,2864.0400390625,882.1699829101562,
20060,1999,0,1,0,0,0,2768.0,24514.0,27282,0.101458840072155,83.0,54.31758499145508,160.5916748046875,,,,,27.0,,272.0,6186.0,,,,,,,,,,5232.56982421875,1291.949951171875,
20060,2000,0,1,0,0,0,2815.0,25080.0,27895,0.10091414302587509,83.0,54.31758499145508,160.5916748046875,,,,,27.0,,285.0,6268.0,48.839439392089844,,,,,,,,,6155.263999999999,994.5070000000001,4761912.0
20060,2001,0,1,0,0,0,2848.0,25603.0,28451,0.10010193288326263,83.0,54.31758499145508,160.5916748046875,,,,,28.0,,305.0,6397.0,46.85335159301758,,,,,,,,,5402.719,987.777,4797418.0
20060,2002,0,1,0,0,0,2884.0,26140.0,29024,0.09936603903770447,83.0,54.31758499145508,160.5916748046875,,,,,25.0,,294.0,7181.0,48.71409225463867,,,,,,,,,7505.188,1155.751,6265704.0
20060,2003,0,1,0,0,0,2920.0,26701.0,29621,0.09857871383428574,83.0,54.31758499145508,160.5916748046875,,,,,10.0,,221.0,6338.0,47.48001480102539,,,,,,,,,6422.14,1142.885,5712881.0
20060,2004,0,1,0,0,0,2956.0,27285.0,30241,0.09774809330701828,83.0,54.31758499145508,160.5916748046875,,,,,22.0,,268.0,7318.0,47.62338638305664,,,,,,,,,6468.034000000001,1197.33,4725646.0
20060,2005,0,1,0,0,0,2990.0,27895.0,30885,0.09681075066328049,83.0,54.31758499145508,160.5916748046875,50.1955778891686,77.66968,9.67121,21.76236,21.0,36.0,287.0,7800.0,47.20720672607422,21.1,90.11203983638627,97.5063813076772,19.056603773584907,,78.49902187444424,,,7956.103,2314.358,6822164.0
20060,2006,0,1,0,0,0,3026.0,28522.0,31548,0.09591732919216156,83.0,54.31758499145508,160.5916748046875,,,,,22.0,,290.0,8131.0,49.05289077758789,20.63,,,,,,,,9504.443617,2970.950617,6155946.0
20060,2007,0,1,0,0,0,3060.0,29128.0,32188,0.09506648778915405,83.0,54.31758499145508,160.5916748046875,,,,,22.0,43.0,304.0,9033.0,52.20529556274414,20.16,,,,,,,,10871.161,2790.035,10292981.0
20060,2008,0,1,0,0,0,3095.0,29732.0,32827,0.09428214281797409,83.0,54.31758499145508,160.5916748046875,,,,,22.0,134.0,314.0,8465.0,47.906585693359375,19.69,100.0,100.0,100.0,100.0,100.0,,0.0,11700.438,2683.237,10247864.0
20060,2009,0,1,0,0,0,3131.0,30333.0,33464,0.09356322884559631,83.0,54.31758499145508,160.5916748046875,,,,,33.0,33.0,355.0,8687.0,46.40542984008789,19.23,97.41,100.0,41.46,100.0,100.0,,623.0,15520.213999999998,5125.5869999999995,15466155.0
20060,2010,0,1,0,0,0,3168.0,30931.0,34099,0.09290595352649689,83.0,54.31758499145508,160.5916748046875,,,,,34.0,35.0,321.0,8693.0,47.38180923461914,18.76,100.0,100.0,100.0,100.0,100.0,,623.0,18993.366,4653.964,22342464.0
20060,2011,0,1,0,0,0,3205.0,31529.0,34734,0.09227269887924194,83.0,54.31758499145508,160.5916748046875,,,,,38.0,44.0,378.0,9280.0,45.50880813598633,17.89326758891893,94.3,100.0,13.88,93.39,93.39,10472.0,623.0,18274.32,3776.853,
20060,2012,0,1,0,0,0,3242.0,32119.0,35361,0.09168292582035065,83.0,54.31758499145508,160.5916748046875,,,,,39.0,45.0,331.0,9181.0,45.55112075805664,17.89326758891893,63.9,64.23,59.37,59.13,65.38,7732.0,623.0,21207.755,3895.5039999999995,
20060,2013,0,1,0,0,0,3281.0,32712.0,35993,0.09115661680698395,83.0,54.31758499145508,160.5916748046875,,,,,39.0,53.0,404.0,10527.0,46.77051544189453,17.409735717780297,71.12,70.15,100.0,71.12,71.12,9482.836455002283,2985.0,28252.618,4827.710999999999,
20060,2014,0,1,0,0,0,3320.0,33309.0,36629,0.09063856303691864,83.0,54.31758499145508,160.5916748046875,,,,,41.0,58.0,337.0,8829.0,46.13547134399414,16.637592557506128,65.07,64.4,100.0,65.38,65.07,9483.0,2536.0,34398.527,7016.061999999999,
20060,2015,0,1,0,0,0,3359.0,33889.0,37248,0.09017933905124664,83.0,54.31758499145508,160.5916748046875,,,,,39.0,36.0,363.0,9149.0,45.192604064941406,16.43283417,58.51,63.57,15.46,54.98,57.46,9483.0,3183.0,35216.83203125,7642.9482421875,
20060,2016,0,1,0,0,0,3399.0,34471.0,37870,0.08975442498922348,83.0,54.31758499145508,160.5916748046875,,,,,38.0,42.0,408.0,9032.0,46.051021575927734,,100.0,100.0,0.0,100.0,100.0,,3290.0,40878.335,9003.328,
20060,2017,0,1,0,0,0,3439.0,35051.0,38490,0.08934788405895233,83.0,54.31758499145508,160.5916748046875,,,,,38.0,57.0,483.0,9527.0,45.445316314697266,,,,,,,,,42038.10503816944,9117.475341796875,
20060,2018,0,1,0,0,0,2346.0,37676.0,40022,0.05861775949597359,83.0,54.31758499145508,160.5916748046875,31.478172751273366,43.8,11.4,18.2,37.0,58.0,417.0,9375.0,45.76994323730469,,,,,,,,,40190.872709890005,9055.18429508,
20060,2019,0,1,0,0,0,2563.0,39262.0,41825,0.061279140412807465,83.0,54.31758499145508,,,,,,40.0,68.0,438.0,9326.0,45.303104400634766,,,,,,,,,40537.67700149999,8914.38481721,
20060,2020,0,1,0,0,0,2764.0,40562.0,43326,0.06379541009664536,83.0,54.31758499145508,,,,,,41.0,72.0,453.0,9801.0,46.20909118652344,,,,,,,,,49856.051780630005,10989.97999764,
20060,2021,0,1,0,0,0,2831.0,41404.0,44235,0.06399909406900406,83.0,54.31758499145508,,,,,,37.0,80.0,468.0,9993.0,44.43360137939453,,,,,,,,,49562.147396,11564.32581,
20060,2022,0,1,0,0,0,2884.0,41994.0,44878,0.06426311284303665,83.0,54.31758499145508,,,,,,37.0,91.0,501.0,9777.0,44.462608337402344,,,,,,,,,64585.993539999996,13046.541801,
20060,2023,0,1,0,0,0,2932.0,42549.0,45481,0.06446648389101028,83.0,54.31758499145508,,,,,,,,,,,,,,,,,,,69958.989743,13881.25505,
20178,1993,0,1,0,0,0,13702.0,10766.0,24468,0.5599967241287231,33.0,98.2012710571289,180.219482421875,68.3561019897461,,,,,,,,,,,,,,,,,992.1799926757812,992.1799926757812,
20178,1994,0,1,0,0,0,13609.0,10958.0,24567,0.5539544820785522,33.0,98.2012710571289,180.219482421875,,,,,,,,,,,,,,,,,,831.5999755859375,831.5999755859375,
20178,1995,0,1,0,0,0,13384.0,11181.0,24565,0.5448402166366577,33.0,98.2012710571289,180.219482421875,,,,,,,,,,,,,,,,,,2065.969970703125,2065.699951171875,
20178,1996,0,1,0,0,0,13039.0,11406.0,24445,0.5334014892578125,33.0,98.2012710571289,180.219482421875,,,,,46.0,,360.0,6218.0,,,,,,,,,,3147.030029296875,402.8900146484375,
20178,1997,0,1,0,0,0,12615.0,11649.0,24264,0.5199060440063477,33.0,98.2012710571289,180.219482421875,,,,,42.0,,408.0,6342.0,,,,,,,,,,0.0,0.0,
20178,1998,0,1,0,0,0,12140.0,11902.0,24042,0.504949688911438,33.0,98.2012710571289,180.219482421875,,,,,46.0,,464.0,7159.0,,,,,,,,,,2746.580078125,593.0700073242188,
20178,1999,0,1,0,0,0,11634.0,12158.0,23792,0.48898789286613464,33.0,98.2012710571289,180.219482421875,,,,,47.0,,375.0,6471.0,,,,,,,,,,3635.580078125,699.9099731445312,
20178,2000,0,1,0,0,0,11120.0,12407.0,23527,0.4726484417915344,33.0,98.2012710571289,180.219482421875,,,,,47.0,,375.0,6830.0,47.95146942138672,,,,,,,,,6070.079999999999,1267.624,3104075.0
20178,2001,0,1,0,0,0,10608.0,12637.0,23245,0.4563561975955963,33.0,98.2012710571289,180.219482421875,,,,,44.0,,392.0,6959.0,51.06977081298828,,,,,,,,,6087.381,1117.92,4181853.0
20178,2002,0,1,0,0,0,10094.0,12863.0,22957,0.43969160318374634,33.0,98.2012710571289,180.219482421875,,,,,43.0,,380.0,6519.0,49.55527877807617,,,,,,,,,0.0,0.0,6183674.0
20178,2003,0,1,0,0,0,9594.0,13078.0,22672,0.42316514253616333,33.0,98.2012710571289,180.219482421875,,,,,14.0,,318.0,6945.0,47.80854797363281,,,,,,,,,18008.89800000001,950.739,9139069.0
20178,2004,0,1,0,0,0,9119.0,13280.0,22399,0.4071163833141327,33.0,98.2012710571289,180.219482421875,,,,,37.0,,297.0,6878.0,47.52674102783203,,,,,,,,,20672.638,1780.769,20485848.0
20178,2005,0,1,0,0,0,8684.0,13462.0,22146,0.3921249806880951,33.0,98.2012710571289,180.219482421875,53.51509621651457,71.02943,20.75357,37.79239,34.0,62.0,300.0,7308.0,56.48634338378906,22.32,83.26582818162439,98.23651452282157,59.19955530850473,,54.50863355361331,,,40374.819,1530.463,10811126.0
20178,2006,0,1,0,0,0,8303.0,13618.0,21921,0.3787692189216614,33.0,98.2012710571289,180.219482421875,,,,,35.0,,307.0,7262.0,53.08958435058594,21.83,,,,,,,1924.0,12353.49855712,1944.594134,
20178,2007,0,1,0,0,0,7917.0,13763.0,21680,0.3651752769947052,33.0,98.2012710571289,180.219482421875,,,,,35.0,62.0,295.0,7587.0,51.72281265258789,21.33,,,,,,,2047.0,49129.74272,2120.4042,42323468.0
20178,2008,0,1,0,0,0,7547.0,13897.0,21444,0.35193994641304016,33.0,98.2012710571289,180.219482421875,,,,,35.0,61.0,303.0,7830.0,46.93491744995117,20.83,100.0,100.0,100.0,99.98,100.0,,752.0,66283.54800000001,1911.469,30462284.0
20178,2009,0,1,0,0,0,7171.0,14021.0,21192,0.33838242292404175,33.0,98.2012710571289,180.219482421875,,,,,40.0,60.0,312.0,7510.0,46.91276931762695,20.34,77.9,3.49,96.23,76.07,76.44,,2363.0,76858.36600000001,3526.464,58562768.0
20178,2010,0,1,0,0,0,6810.0,14135.0,20945,0.32513725757598877,33.0,98.2012710571289,180.219482421875,,,,,41.0,65.0,319.0,7638.0,46.60108184814453,19.84,,,,,,,2362.0,66422.56,8249.574,112671280.0
20178,2011,0,1,0,0,0,6454.0,14237.0,20691,0.3119230568408966,33.0,98.2012710571289,180.219482421875,,,,,41.0,60.0,316.0,7740.0,45.589012145996094,19.06888612787086,29.53,60.12,0.0,29.53,29.53,6425.0,2462.0,41076.406,13661.332,
20178,2012,0,1,0,0,0,6086.0,14353.0,20439,0.2977640926837921,33.0,98.2012710571289,180.219482421875,,,,,43.0,63.0,284.0,7316.0,46.170223236083984,18.641832190750907,30.92,60.76,1.88,30.92,30.92,6321.000000000001,2607.0,19599.669,4885.261,
20178,2013,0,1,0,0,0,5731.0,14448.0,20179,0.28400811553001404,33.0,98.2012710571289,180.219482421875,,,,,44.0,60.0,314.0,7602.0,45.69447708129883,16.777648971675816,,,,,,6375.0,2695.0,100748.602,5682.853,
20178,2014,0,1,0,0,0,5393.0,14524.0,19917,0.270773708820343,33.0,98.2012710571289,180.219482421875,,,,,47.0,69.0,290.0,6840.0,46.21674346923828,16.67327790497799,,,,,,6375.0,3043.0,139059.525,8315.014,
20178,2015,0,1,0,0,0,5069.0,14581.0,19650,0.2579643726348877,33.0,98.2012710571289,180.219482421875,,,,,44.0,51.0,303.0,6860.0,45.72597885131836,16.67327790497799,49.5,71.6,0.0,49.5,49.5,6375.0,3032.0,147719.625,14961.056640625,
20178,2016,0,1,0,0,0,4760.0,14615.0,19375,0.2456774264574051,33.0,98.2012710571289,180.219482421875,,,,,44.0,38.0,285.0,6473.0,45.884700775146484,,100.0,100.0,100.0,100.0,100.0,,3129.0,100112.7,8415.602,
20178,2017,0,1,0,0,0,4474.0,14647.0,19121,0.23398357629776,33.0,98.2012710571289,180.219482421875,,,,,42.0,36.0,297.0,6900.0,44.808631896972656,,,,,,,,,29375.520539283752,9102.689240455627,
20178,2018,0,1,0,0,0,11118.0,16576.0,27694,0.4014587998390198,33.0,98.2012710571289,180.219482421875,25.3929418742586,41.3,10.2,16.8,41.0,39.0,291.0,6845.0,43.30350875854492,,,,,,,,,36119.35462635,10983.97412486,
20178,2019,0,1,0,0,0,11598.0,17145.0,28743,0.40350693464279175,33.0,98.2012710571289,,,,,,40.0,42.0,307.0,7270.0,44.874942779541016,,,,,,,,,118295.26635569999,13602.672620579999,
20178,2020,0,1,0,0,0,12004.0,17628.0,29632,0.40510258078575134,33.0,98.2012710571289,,,,,,40.0,37.0,317.0,7345.0,44.74158477783203,,,,,,,,,114074.20902088001,12706.95738643,
20178,2021,0,1,0,0,0,12295.0,17953.0,30248,0.40647315979003906,33.0,98.2012710571289,,,,,,40.0,42.0,327.0,7352.0,43.71097183227539,,,,,,,,,77327.61636300001,18551.27937525,
20178,2022,0,1,0,0,0,12521.0,18166.0,30687,0.408022940158844,33.0,98.2012710571289,,,,,,40.0,43.0,325.0,7073.0,44.51700210571289,,,,,,,,,90636.095031,12328.139456750001,
20178,2023,0,1,0,0,0,12731.0,18369.0,31100,0.4093569219112396,33.0,98.2012710571289,,,,,,,,,,,,,,,,,,,54147.614199,13594.1876405,
20228,1993,0,1,0,0,0,14143.0,15692.0,29835,0.47404056787490845,61.0,115.10038757324219,168.02609252929688,68.7276840209961,,,,,,,,,,,,,,,,,1380.760009765625,1380.5699462890625,
20228,1994,0,1,0,0,0,14000.0,15960.0,29960,0.4672897160053253,61.0,115.10038757324219,168.02609252929688,,,,,,,,,,,,,,,,,,2223.27001953125,2223.27001953125,
20228,1995,0,1,0,0,0,13756.0,16236.0,29992,0.4586556553840637,61.0,115.10038757324219,168.02609252929688,,,,,,,,,,,,,,,,,,2527.800048828125,2527.219970703125,
20228,1996,0,1,0,0,0,13413.0,16482.0,29895,0.448670357465744,61.0,115.10038757324219,168.02609252929688,,,,,79.0,,470.0,9264.0,,,,,,,,,,0.0,0.0,
20228,1997,0,1,0,0,0,13012.0,16729.0,29741,0.43751052021980286,61.0,115.10038757324219,168.02609252929688,,,,,87.0,,489.0,9807.0,,,,,,,,,,0.0,0.0,
20228,1998,0,1,0,0,0,12573.0,16970.0,29543,0.42558303475379944,61.0,115.10038757324219,168.02609252929688,,,,,94.0,,479.0,9689.0,,,,,,,,,,0.0,0.0,
20228,1999,0,1,0,0,0,12112.0,17199.0,29311,0.4132237136363983,61.0,115.10038757324219,168.02609252929688,,,,,92.0,,478.0,9557.0,,,,,,,,,,3454.469970703125,834.9500122070312,
20228,2000,0,1,0,0,0,11646.0,17411.0,29057,0.4007984399795532,61.0,115.10038757324219,168.02609252929688,,,,,77.0,,423.0,9627.0,45.9474983215332,,,,,,,,,0.0,0.0,
20228,2001,0,1,0,0,0,11181.0,17593.0,28774,0.38857996463775635,61.0,115.10038757324219,168.02609252929688,,,,,85.0,,432.0,9328.0,46.57653045654297,,,,,,,,,4267.938,1022.631,2862530.0
20228,2002,0,1,0,0,0,10707.0,17769.0,28476,0.37600085139274597,61.0,115.10038757324219,168.02609252929688,,,,,81.0,,405.0,8726.0,46.75172805786133,,,,,,,,,7311.307,773.994,5080175.0
20228,2003,0,1,0,0,0,10233.0,17938.0,28171,0.3632459044456482,61.0,115.10038757324219,168.02609252929688,,,,,33.0,,413.0,9354.0,46.46241760253906,,,,,,,,,7613.604,1894.406,7187458.0
20228,2004,0,1,0,0,0,9765.0,18099.0,27864,0.350452184677124,61.0,115.10038757324219,168.02609252929688,,,,,55.0,,346.0,7509.0,48.72423553466797,,,,,,,,,8150.08,1942.29,6869451.0
20228,2005,0,1,0,0,0,9311.0,18249.0,27560,0.33784469962120056,61.0,115.10038757324219,168.02609252929688,47.888394360415354,76.24106,20.87902,29.11047,51.0,88.0,346.0,8508.0,46.70488739013672,18.3,81.35190217391305,94.95308141009384,53.77892030848329,,62.19429347826087,,,10292.787,1985.497,9806082.0
20228,2006,0,1,0,0,0,8888.0,18380.0,27268,0.3259498178958893,61.0,115.10038757324219,168.02609252929688,,,,,52.0,,388.0,9065.0,48.811553955078125,17.9,,,,,,,2059.0,11252.622013,3546.100893,7892785.5
20228,2007,0,1,0,0,0,8470.0,18489.0,26959,0.31418079137802124,61.0,115.10038757324219,168.02609252929688,,,,,51.0,135.0,371.0,9431.0,48.10122299194336,17.49,,,,,,,2717.0,12127.899,2028.456,8122221.0
20228,2008,0,1,0,0,0,8057.0,18585.0,26642,0.30241724848747253,61.0,115.10038757324219,168.02609252929688,,,,,53.0,59.0,321.0,7700.0,46.70579528808594,17.08,48.28,86.48,0.0,48.28,48.28,,3237.0,11516.16355,1748.49559,9712127.0
20228,2009,0,1,0,0,0,7649.0,18674.0,26323,0.2905823886394501,61.0,115.10038757324219,168.02609252929688,,,,,56.0,52.0,364.0,9316.0,46.74856948852539,16.68,49.26,87.04,0.03,49.26,49.26,,3357.0,14874.55213,2045.1385900000002,13027657.0
20228,2010,0,1,0,0,0,7245.0,18765.0,26010,0.2785467207431793,61.0,115.10038757324219,168.02609252929688,,,,,57.0,59.0,386.0,9466.0,46.40702438354492,16.27,48.96,89.94,0.02,48.96,48.96,,3601.0,15849.836070000001,2894.5359,17214152.0
20228,2011,0,1,0,0,0,6847.0,18835.0,25682,0.2666069567203522,61.0,115.10038757324219,168.02609252929688,,,,,59.0,146.0,387.0,8758.0,45.4506721496582,16.27,49.62,90.16,0.0,47.25,41.75,8438.0,3767.0,15656.824118,2286.212775,
20228,2012,0,1,0,0,0,6429.0,18919.0,25348,0.2536294758319855,61.0,115.10038757324219,168.02609252929688,,,,,59.0,66.0,361.0,8958.0,46.364219665527344,16.27,51.8,87.35,0.0,49.1,45.09,6838.0,3978.0,19212.630613,3313.2785440000002,
20228,2013,0,1,0,0,0,6022.0,19000.0,25022,0.24066820740699768,61.0,115.10038757324219,168.02609252929688,,,,,62.0,61.0,360.0,9020.0,47.603851318359375,14.722824513910254,51.11,86.66,0.0,48.44,44.5,7712.400607794065,4199.0,28089.380941000003,4380.804558,
20228,2014,0,1,0,0,0,5628.0,19066.0,24694,0.2279096096754074,61.0,115.10038757324219,168.02609252929688,,,,,65.0,91.0,359.0,8317.0,47.59245300292969,15.635823245221541,50.72,87.11,0.0,56.04,44.38,7712.0,5394.0,28610.473924999995,4673.691938000001,
20228,2015,0,1,0,0,0,5248.0,19119.0,24367,0.21537324786186218,61.0,115.10038757324219,168.02609252929688,,,,,60.0,63.0,378.0,8034.0,46.53820037841797,15.9346086,50.06,86.89,0.0,55.65,43.55,7712.0,5460.0,30986.744140625,5394.6982421875,
20228,2016,0,1,0,0,0,4879.0,19156.0,24035,0.20299562811851501,61.0,115.10038757324219,168.02609252929688,,,,,60.0,56.0,391.0,8068.0,47.00194549560547,,49.8,87.01,0.0,55.31,43.3,,6401.0,35638.321016,5619.81161,
20228,2017,0,1,0,0,0,4522.0,19177.0,23699,0.19080974161624908,61.0,115.10038757324219,168.02609252929688,,,,,59.0,52.0,410.0,8201.0,46.69318771362305,,,,,,,,,36004.0947265625,6037.933563232422,
20228,2018,0,1,0,0,0,10977.0,26422.0,37399,0.2935105264186859,61.0,115.10038757324219,168.02609252929688,28.335199379898373,45.8,8.0,15.5,57.0,48.0,393.0,8679.0,45.86516189575195,,,,,,,,,40447.01559534001,5940.68352314,
20228,2019,0,1,0,0,0,11359.0,27258.0,38617,0.2941450774669647,61.0,115.10038757324219,,,,,,62.0,61.0,386.0,8707.0,46.63335037231445,,,,,,,,,33334.81840378,6617.64722511,
20228,2020,0,1,0,0,0,11713.0,27954.0,39667,0.2952832281589508,61.0,115.10038757324219,,,,,,63.0,59.0,395.0,8811.0,46.571434020996094,,,,,,,,,41097.90955677,5965.95008764,
20228,2021,0,1,0,0,0,11997.0,28494.0,40491,0.29628807306289673,61.0,115.10038757324219,,,,,,56.0,60.0,394.0,8781.0,46.09092330932617,,,,,,,,,44357.315296,6618.862385999999,
20228,2022,0,1,0,0,0,12218.0,28862.0,41080,0.2974196672439575,61.0,115.10038757324219,,,,,,55.0,69.0,409.0,8523.0,47.914493560791016,,,,,,,,,54580.66584500001,8823.293658999999,
20228,2023,0,1,0,0,0,12422.0,29210.0,41632,0.29837626218795776,61.0,115.10038757324219,,,,,,,,,,,,,,,,,,,81897.054381,9449.760079,
20250,1993,0,1,0,0,0,15024.0,3712.0,18736,0.8018787503242493,37.0,70.86917877197266,196.34609985351562,75.74695587158203,,,,,,,,,,,,,,,,,554.719970703125,550.6900024414062,
20250,1994,0,1,0,0,0,15220.0,3748.0,18968,0.8024040460586548,37.0,70.86917877197266,196.34609985351562,,,,,,,,,,,,,,,,,,647.780029296875,647.780029296875,
20250,1995,0,1,0,0,0,15381.0,3775.0,19156,0.8029338121414185,37.0,70.86917877197266,196.34609985351562,,,,,,,,,,,,,,,,,,2073.5,2072.85009765625,
20250,1996,0,1,0,0,0,15498.0,3787.0,19285,0.8036297559738159,37.0,70.86917877197266,196.34609985351562,,,,,33.0,,201.0,4214.0,,,,,,,,,,0.0,0.0,
20250,1997,0,1,0,0,0,15607.0,3795.0,19402,0.8044016361236572,37.0,70.86917877197266,196.34609985351562,,,,,35.0,,242.0,4434.0,,,,,,,,,,0.0,0.0,
20250,1998,0,1,0,0,0,15718.0,3796.0,19514,0.8054729700088501,37.0,70.86917877197266,196.34609985351562,,,,,36.0,,224.0,4577.0,,,,,,,,,,2779.699951171875,701.02001953125,
20250,1999,0,1,0,0,0,15848.0,3795.0,19643,0.8068013787269592,37.0,70.86917877197266,196.34609985351562,,,,,36.0,,229.0,4352.0,,,,,,,,,,2726.6201171875,790.6500244140625,
20250,2000,0,1,0,0,0,16008.0,3792.0,19800,0.8084848523139954,37.0,70.86917877197266,196.34609985351562,,,,,30.0,,196.0,4320.0,45.47309112548828,,,,,,,,,4444.02,549.27,3225589.0
20250,2001,0,1,0,0,0,16199.0,3784.0,19983,0.8106390237808228,37.0,70.86917877197266,196.34609985351562,,,,,34.0,,185.0,4754.0,45.836788177490234,,,,,,,,,6567.916,1226.267,3974347.0
20250,2002,0,1,0,0,0,16396.0,3781.0,20177,0.8126084208488464,37.0,70.86917877197266,196.34609985351562,,,,,36.0,,201.0,5237.0,46.46778869628906,,,,,,,,,10047.297,2444.475,8494780.0
20250,2003,0,1,0,0,0,16599.0,3784.0,20383,0.8143550753593445,37.0,70.86917877197266,196.34609985351562,,,,,12.0,,198.0,5641.0,45.85920715332031,,,,,,,,,8383.744999999999,2257.056,8267585.0
20250,2004,0,1,0,0,0,16799.0,3795.0,20594,0.8157230019569397,37.0,70.86917877197266,196.34609985351562,,,,,30.0,,199.0,5265.0,46.78635787963867,,,,,,,,,7424.303999999999,1635.169,8968304.0
20250,2005,0,1,0,0,0,16992.0,3816.0,20808,0.8166090250015259,37.0,70.86917877197266,196.34609985351562,61.816721983353396,79.72363999999999,28.82544,44.44643,28.0,,184.0,5844.0,46.7184944152832,29.79,74.64024534088229,97.4937343358396,69.34030804998547,,30.030667610285445,,,9150.923999999999,3573.928,9224080.0
20250,2006,0,1,0,0,0,17197.0,3844.0,21041,0.8173090815544128,37.0,70.86917877197266,196.34609985351562,,,,,29.0,44.0,233.0,7338.0,49.64789581298828,29.13,,,,,,,,12555.398521,3329.580521,10064631.0
20250,2007,0,1,0,0,0,17398.0,3872.0,21270,0.8179595470428467,37.0,70.86917877197266,196.34609985351562,,,,,29.0,47.0,231.0,7597.0,47.85789489746094,28.47,,,,,,,,15910.137,3582.925,15396278.0
20250,2008,0,1,0,0,0,17594.0,3890.0,21484,0.8189350366592407,37.0,70.86917877197266,196.34609985351562,,,,,29.0,28.0,235.0,7701.0,46.37037658691406,27.8,100.0,100.0,100.0,0.0,100.0,,0.0,21825.897,3132.11,19345724.0
20250,2009,0,1,0,0,0,17787.0,3902.0,21689,0.8200931549072266,37.0,70.86917877197266,196.34609985351562,,,,,28.0,27.0,252.0,7724.0,46.1942138671875,27.14,100.0,100.0,100.0,0.0,100.0,,0.0,20750.780000000002,4684.056,18304702.0
20250,2010,0,1,0,0,0,17976.0,3908.0,21884,0.8214220404624939,37.0,70.86917877197266,196.34609985351562,,,,,30.0,30.0,265.0,8137.0,46.1138801574707,26.48,79.15,79.26,79.13,68.0,73.38,,0.0,23231.140999999996,3942.8870000000006,23806702.0
20250,2011,0,1,0,0,0,18160.0,3922.0,22082,0.8223893046379089,37.0,70.86917877197266,196.34609985351562,,,,,31.0,43.0,292.0,8041.0,45.061092376708984,26.48,80.55,92.92,78.11,0.0,80.55,12166.0,0.0,27154.558664,5252.824628,
20250,2012,0,1,0,0,0,18340.0,3933.0,22273,0.8234184980392456,37.0,70.86917877197266,196.34609985351562,,,,,31.0,40.0,284.0,8286.0,46.46249008178711,23.832,80.42,92.54,78.02,80.42,80.42,14575.0,0.0,25493.785606999998,6442.816594,
20250,2013,0,1,0,0,0,18517.0,3941.0,22458,0.8245168924331665,37.0,70.86917877197266,196.34609985351562,,,,,36.0,48.0,314.0,9157.0,45.37105941772461,23.398401393651064,79.82,92.83,77.29,79.82,79.82,13743.76133447391,0.0,48569.730429999996,8178.772,
20250,2014,0,1,0,0,0,18689.0,3964.0,22653,0.8250121474266052,37.0,70.86917877197266,196.34609985351562,,,,,37.0,51.0,320.0,9460.0,45.61935806274414,24.324728997445295,87.82,93.31,86.54,87.82,87.82,13744.0,3061.0,26773.074865000002,6901.389000000001,
20250,2015,0,1,0,0,0,18857.0,3975.0,22832,0.8259022235870361,37.0,70.86917877197266,196.34609985351562,,,,,36.0,42.0,319.0,9397.0,45.700130462646484,22.16939953,,,,,,13744.0,3460.0,34670.55859375,6970.34814453125,
20250,2016,0,1,0,0,0,19021.0,3992.0,23013,0.8265328407287598,37.0,70.86917877197266,196.34609985351562,,,,,36.0,35.0,362.0,9308.0,45.699180603027344,,100.0,100.0,100.0,100.0,100.0,,3696.0,45903.555197,7106.86,
20250,2017,0,1,0,0,0,19181.0,4006.0,23187,0.8272307515144348,37.0,70.86917877197266,196.34609985351562,,,,,32.0,48.0,399.0,9663.0,44.931556701660156,,,,,,,,,33730.39304130139,7796.483880996704,
20250,2018,0,1,0,0,0,30609.0,6922.0,37531,0.815565824508667,37.0,70.86917877197266,196.34609985351562,22.570768341998846,40.7,8.2,11.8,33.0,36.0,413.0,10323.0,44.67467498779297,,,,,,,,,51618.835357430005,12306.40023246,
20250,2019,0,1,0,0,0,32165.0,7200.0,39365,0.8170964121818542,37.0,70.86917877197266,,,,,,33.0,59.0,452.0,10582.0,45.5869255065918,,,,,,,,,49426.40113728,14148.62496303,
20250,2020,0,1,0,0,0,33436.0,7422.0,40858,0.8183464407920837,37.0,70.86917877197266,,,,,,33.0,50.0,451.0,10958.0,44.73945236206055,,,,,,,,,46659.249204529995,12213.944831239998,
20250,2021,0,1,0,0,0,34252.0,7463.0,41715,0.8210955262184143,37.0,70.86917877197266,,,,,,34.0,49.0,472.0,10880.0,45.23935317993164,,,,,,,,,49048.309778999996,9061.730843,
20250,2022,0,1,0,0,0,34884.0,7438.0,42322,0.824252188205719,37.0,70.86917877197266,,,,,,34.0,64.0,440.0,10955.0,44.9625244140625,,,,,,,,,46800.895811,13739.22903,
20250,2023,0,1,0,0,0,35468.0,7422.0,42890,0.8269526958465576,37.0,70.86917877197266,,,,,,,,,,,,,,,,,,,90499.978082,22559.832239,
25126,1993,1,0,0,0,0,14617.0,16699.0,31316,0.46675822138786316,2558.0,94.16417694091797,62.14580535888672,24.080623626708984,,,,,,,,,,,,,,,,,1381.760009765625,1381.760009765625,
25126,1994,1,0,0,0,0,14934.0,17436.0,32370,0.4613530933856964,2558.0,94.16417694091797,62.14580535888672,,,,,,,,,,,,,,,,,,2118.909912109375,1888.9100341796875,
25126,1995,1,0,0,0,0,15246.0,18227.0,33473,0.45547157526016235,2558.0,94.16417694091797,62.14580535888672,,,,,,,,,,,,,,,,,,2350.6201171875,2350.6201171875,
25126,1996,1,0,0,0,0,15579.0,19088.0,34667,0.44938990473747253,2558.0,94.16417694091797,62.14580535888672,,,,,41.0,,469.0,9825.0,,,,,,,,,,3491.969970703125,2496.820068359375,
25126,1997,1,0,0,0,0,15903.0,19978.0,35881,0.4432150721549988,2558.0,94.16417694091797,62.14580535888672,,,,,43.0,,489.0,10650.0,,,,,,,,,,5253.85009765625,5075.2900390625,
25126,1998,1,0,0,0,0,16220.0,20883.0,37103,0.4371614158153534,2558.0,94.16417694091797,62.14580535888672,,,,,44.0,,494.0,11314.0,,,,,,,,,,5769.7900390625,3746.530029296875,
25126,1999,1,0,0,0,0,16527.0,21789.0,38316,0.43133416771888733,2558.0,94.16417694091797,62.14580535888672,,,,,45.0,,498.0,11088.0,,,,,,,,,,7510.08984375,3894.52001953125,
25126,2000,1,0,0,0,0,16828.0,22686.0,39514,0.42587438225746155,2558.0,94.16417694091797,62.14580535888672,,,,,40.0,,470.0,10983.0,51.004791259765625,,,,,,,,,7414.55,5074.675,6736874.0
25126,2001,1,0,0,0,0,17128.0,23574.0,40702,0.4208146929740906,2558.0,94.16417694091797,62.14580535888672,,,,,39.0,,449.0,10508.0,49.68101119995117,,,,,,,,,6313.688000000001,4044.337000000001,4413550.0
25126,2002,1,0,0,0,0,17427.0,24458.0,41885,0.41606780886650085,2558.0,94.16417694091797,62.14580535888672,,,,,42.0,,502.0,10715.0,50.522457122802734,,,,,,,,,9414.85,5027.565000000001,6514346.0
25126,2003,1,0,0,0,0,17719.0,25338.0,43057,0.4115242660045624,2558.0,94.16417694091797,62.14580535888672,,,,,34.0,,486.0,10901.0,51.136802673339844,,,,,,,,,11295.759,6497.214000000001,6979412.0
25126,2004,1,0,0,0,0,18003.0,26221.0,44224,0.40708664059638977,2558.0,94.16417694091797,62.14580535888672,,,,,46.0,,590.0,10446.0,51.20781326293945,,,,,,,,,13676.092,7873.264,10359448.0
25126,2005,1,0,0,0,0,18280.0,27111.0,45391,0.4027230143547058,2558.0,94.16417694091797,62.14580535888672,12.737715709735511,24.97429,2.76301,0.6486500000000001,44.0,312.0,687.0,11828.0,51.75800704956055,12.11,98.69623144271031,99.6073504005026,97.29533929002656,,95.17510468214694,,,13560.238,8444.131000000001,13882147.0
25126,2006,1,0,0,0,0,18547.0,28001.0,46548,0.3984489142894745,2558.0,94.16417694091797,62.14580535888672,,,,,46.0,285.0,661.0,12236.0,51.45160675048828,11.98,,,,,,,3837.0,15367.597195,10902.170195,13819605.0
25126,2007,1,0,0,0,0,18811.0,28871.0,47682,0.3945094645023346,2558.0,94.16417694091797,62.14580535888672,,,,,44.0,371.0,688.0,11534.0,51.36298751831055,11.84,,,,,,,4555.0,23557.834,17481.785,20150942.0
25126,2008,1,0,0,0,0,19080.0,29737.0,48817,0.39084744453430176,2558.0,94.16417694091797,62.14580535888672,,,,,46.0,414.0,724.0,12527.0,52.59052276611328,11.71,81.88,91.47,74.85,81.33,81.33,,1147.0,25680.841,19153.367,19577722.0
25126,2009,1,0,0,0,0,19358.0,30601.0,49959,0.38747772574424744,2558.0,94.16417694091797,62.14580535888672,,,,,48.0,426.0,808.0,13159.0,52.587276458740234,11.57,66.79,99.82,51.43,66.79,66.79,,6415.0,30351.104999999996,21133.327999999998,46262396.0
25126,2010,1,0,0,0,0,19641.0,31459.0,51100,0.38436397910118103,2558.0,94.16417694091797,62.14580535888672,,,,,59.0,329.0,763.0,13040.0,51.854644775390625,11.44,99.91,100.0,99.83,99.91,98.56,,7430.0,34885.602,24463.272,37012880.0
25126,2011,1,0,0,0,0,19932.0,32312.0,52244,0.3815174996852875,2558.0,94.16417694091797,62.14580535888672,,,,,59.0,465.0,797.0,13285.0,51.94817352294922,11.44,94.4,86.21,99.98,94.4,94.4,12530.0,8401.0,44351.621,31799.377,
25126,2012,1,0,0,0,0,20232.0,33165.0,53397,0.37889769673347473,2558.0,94.16417694091797,62.14580535888672,,,,,48.0,411.0,776.0,13008.0,53.26264953613281,10.750754249490678,99.42,99.97,98.95,99.42,98.15,14474.0,10442.0,41477.223002,31400.858780000002,
25126,2013,1,0,0,0,0,20538.0,34012.0,54550,0.37649863958358765,2558.0,94.16417694091797,62.14580535888672,,,,,50.0,434.0,819.0,13501.0,54.06148147583008,9.67567882454161,99.9,99.97,99.83,99.9,98.63,19977.0,13316.0,66208.357437,43766.301475,
25126,2014,1,0,0,0,0,20852.0,34856.0,55708,0.37430888414382935,2558.0,94.16417694091797,62.14580535888672,,,,,52.0,475.0,772.0,12910.0,52.6105842590332,8.899295368209284,100.0,100.0,100.0,100.0,100.0,21853.0,15910.0,74811.120761,44205.191664,
25126,2015,1,0,0,0,0,21175.0,35700.0,56875,0.372307687997818,2558.0,94.16417694091797,62.14580535888672,,,,,48.0,469.0,872.0,13929.0,54.76097869873047,8.899295368209284,100.0,100.0,100.0,100.0,100.0,24014.0,17666.0,91989.28125,75157.2265625,
25126,2016,1,0,0,0,0,21501.0,36535.0,58036,0.37047693133354187,2558.0,94.16417694091797,62.14580535888672,,,,,54.0,429.0,916.0,14080.0,54.8516731262207,,100.0,100.0,100.0,99.6,96.97,,19508.0,87045.148497,72576.086985,
25126,2017,1,0,0,0,0,21833.0,37365.0,59198,0.3688131272792816,2558.0,94.16417694091797,62.14580535888672,,,,,55.0,386.0,933.0,14454.0,54.54446029663086,,,,,,,,,88707.3475189209,70837.51634216309,
25126,2018,1,0,0,0,0,28133.0,54111.0,82244,0.34206750988960266,2558.0,94.16417694091797,62.14580535888672,3.1477388432214966,6.8,0.3,0.6,56.0,413.0,960.0,14422.0,54.76177978515625,,,,,,,,,83282.90622816999,69380.79652188,
25126,2019,1,0,0,0,0,28638.0,59228.0,87866,0.32592812180519104,2558.0,94.16417694091797,,,,,,55.0,501.0,1010.0,15000.0,53.699249267578125,,,,,,,,,135153.09654835,114295.97972029999,
25126,2020,1,0,0,0,0,28874.0,64093.0,92967,0.31058332324028015,2558.0,94.16417694091797,,,,,,55.0,480.0,988.0,15069.0,55.34941101074219,,,,,,,,,95633.47886494,72169.22235808,
25126,2021,1,0,0,0,0,28967.0,67711.0,96678,0.2996234893798828,2558.0,94.16417694091797,,,,,,55.0,459.0,937.0,14355.0,55.81113052368164,,,,,,,,,113230.273965,93160.004341,
25126,2022,1,0,0,0,0,29031.0,70689.0,99720,0.2911251485347748,2558.0,94.16417694091797,,,,,,53.0,572.0,1046.0,15156.0,55.27400588989258,,,,,,,,,144505.847533,111351.1004249,
25126,2023,1,0,0,0,0,29086.0,73468.0,102554,0.28361642360687256,2558.0,94.16417694091797,,,,,,,,,,,,,,,,,,,179020.255783,136762.870666,
25175,1993,1,0,0,0,0,13346.0,42396.0,55742,0.23942449688911438,2557.0,87.14171600341797,53.53485870361328,16.89594841003418,,,,,,,,,,,,,,,,,2708.02001953125,2708.02001953125,
25175,1994,1,0,0,0,0,13822.0,44852.0,58674,0.23557282984256744,2557.0,87.14171600341797,53.53485870361328,,,,,,,,,,,,,,,,,,3928.429931640625,3917.5400390625,
25175,1995,1,0,0,0,0,14443.0,47433.0,61876,0.23341844975948334,2557.0,87.14171600341797,53.53485870361328,,,,,,,,,,,,,,,,,,5600.990234375,5374.93994140625,
25175,1996,1,0,0,0,0,15223.0,50173.0,65396,0.23278182744979858,2557.0,87.14171600341797,53.53485870361328,,,,,63.0,,948.0,19092.0,,,,,,,,,,4473.97998046875,4039.85009765625,
25175,1997,1,0,0,0,0,16125.0,52952.0,69077,0.23343515396118164,2557.0,87.14171600341797,53.53485870361328,,,,,67.0,,1028.0,20327.0,,,,,,,,,,9394.26953125,7080.97998046875,
25175,1998,1,0,0,0,0,17136.0,55730.0,72866,0.23517140746116638,2557.0,87.14171600341797,53.53485870361328,,,,,71.0,,1254.0,21979.0,,,,,,,,,,0.0,0.0,
25175,1999,1,0,0,0,0,18246.0,58461.0,76707,0.23786616325378418,2557.0,87.14171600341797,53.53485870361328,,,,,72.0,,1212.0,22627.0,,,,,,,,,,15028.240234375,9603.58984375,
25175,2000,1,0,0,0,0,19451.0,61102.0,80553,0.24146835505962372,2557.0,87.14171600341797,53.53485870361328,,,,,81.0,,1229.0,22967.0,52.80817794799805,,,,,,,,,15274.637,10867.774,10971902.0
25175,2001,1,0,0,0,0,20735.0,63659.0,84394,0.24569281935691833,2557.0,87.14171600341797,53.53485870361328,,,,,73.0,,1190.0,22954.0,53.07777786254883,,,,,,,,,17869.481,12803.813,10939758.0
25175,2002,1,0,0,0,0,21846.0,66201.0,88047,0.24811747670173645,2557.0,87.14171600341797,53.53485870361328,,,,,85.0,,1282.0,23997.0,52.716064453125,,,,,,,,,21344.633,15279.666,21162328.0
25175,2003,1,0,0,0,0,22771.0,68737.0,91508,0.24884162843227386,2557.0,87.14171600341797,53.53485870361328,,,,,78.0,,1247.0,24201.0,52.9924201965332,,,,,,,,,25678.46715,18666.56688,23104132.0
25175,2004,1,0,0,0,0,23508.0,71279.0,94787,0.24800869822502136,2557.0,87.14171600341797,53.53485870361328,,,,,90.0,,1347.0,22656.0,53.127986907958984,,,,,,,,,27715.94453,21875.90706,14881350.0
25175,2005,1,0,0,0,0,24055.0,73852.0,97907,0.24569234251976013,2557.0,87.14171600341797,53.53485870361328,7.111873970449626,16.4621,1.6281400000000001,1.6777199999999999,91.0,822.0,1391.0,25286.0,52.74331283569336,11.5,98.3498912719055,99.00928442028986,96.33788219036103,,89.52799215452181,,,41818.314,32750.201,32280858.0
25175,2006,1,0,0,0,0,24400.0,76413.0,100813,0.2420322746038437,2557.0,87.14171600341797,53.53485870361328,,,,,102.0,953.0,1591.0,26332.0,53.441463470458984,11.37,,,,,,,11287.0,44015.325,35814.225,27676908.0
25175,2007,1,0,0,0,0,24590.0,78978.0,103568,0.23742854595184326,2557.0,87.14171600341797,53.53485870361328,,,,,90.0,1002.0,1546.0,26500.0,54.27506637573242,11.24,,,,,,,12792.0,56510.942,42365.101,57572932.0
25175,2008,1,0,0,0,0,24820.0,81535.0,106355,0.233369380235672,2557.0,87.14171600341797,53.53485870361328,,,,,95.0,990.0,1663.0,26953.0,54.57596969604492,11.11,54.82,67.22,22.86,53.88,54.6,,199.0,51865.943,38580.274,43612992.0
25175,2009,1,0,0,0,0,25076.0,84084.0,109160,0.22971785068511963,2557.0,87.14171600341797,53.53485870361328,,,,,98.0,1046.0,1688.0,27718.0,55.42938232421875,10.99,61.46,69.69,51.79,60.45,56.96,,16511.0,55446.885,41963.195,53978404.0
25175,2010,1,0,0,0,0,25371.0,86627.0,111998,0.22653083503246307,2557.0,87.14171600341797,53.53485870361328,,,,,96.0,1137.0,1658.0,27659.0,54.18701934814453,10.86,60.19,68.23,51.11,58.51,51.93,,18351.0,81812.712,46642.530999999995,83025320.0
25175,2011,1,0,0,0,0,25719.0,89162.0,114881,0.22387513518333435,2557.0,87.14171600341797,53.53485870361328,,,,,94.0,1147.0,1675.0,27408.0,55.397647857666016,10.86,64.03,72.17,54.69,63.21,56.22,28202.0,20217.0,97212.45191,63549.70684,
25175,2012,1,0,0,0,0,26097.0,91689.0,117786,0.22156283259391785,2557.0,87.14171600341797,53.53485870361328,,,,,92.0,1323.0,1679.0,27069.0,55.45028305053711,10.86,76.52,79.47,68.63,68.72,67.99,29495.0,21705.0,97662.97600000001,59850.477000000006,
25175,2013,1,0,0,0,0,26510.0,94209.0,120719,0.2196008861064911,2557.0,87.14171600341797,53.53485870361328,,,,,96.0,1459.0,1851.0,28470.0,55.964561462402344,10.486072978642481,88.29,99.43,72.18,78.4,77.32,35773.0,24176.0,129029.697,87275.175,
25175,2014,1,0,0,0,0,26952.0,96721.0,123673,0.21792954206466675,2557.0,87.14171600341797,53.53485870361328,,,,,103.0,1334.0,1833.0,28967.0,55.536590576171875,10.157767287133973,99.78,99.71,99.85,96.01,82.35,37968.0,26501.0,125302.61899999999,81712.794,
25175,2015,1,0,0,0,0,27421.0,99226.0,126647,0.2165151983499527,2557.0,87.14171600341797,53.53485870361328,,,,,110.0,1369.0,2002.0,29343.0,56.406002044677734,8.964229630895732,100.0,100.0,0.0,99.79,98.76,39177.0,28585.0,163664.921875,117675.5703125,
25175,2016,1,0,0,0,0,27928.0,101724.0,129652,0.21540740132331848,2557.0,87.14171600341797,53.53485870361328,,,,,104.0,1192.0,2036.0,29283.0,57.090789794921875,,100.0,100.0,100.0,96.65,83.58,,30993.0,184854.37935499998,128639.57737,
25175,2017,1,0,0,0,0,28477.0,104214.0,132691,0.21461139619350433,2557.0,87.14171600341797,53.53485870361328,,,,,108.0,1245.0,2023.0,29286.0,56.2252197265625,,,,,,,,,196037.86624145508,140691.9924621582,
25175,2018,1,0,0,0,0,26672.0,105509.0,132181,0.2017839103937149,2557.0,87.14171600341797,53.53485870361328,2.927310431601594,6.7,0.4,2.8,108.0,1196.0,2114.0,29165.0,56.036651611328125,,,,,,,,,227966.165901,161352.483489,
25175,2019,1,0,0,0,0,26242.0,115066.0,141308,0.18570782244205475,2557.0,87.14171600341797,,,,,,112.0,1357.0,2100.0,29289.0,55.678489685058594,,,,,,,,,254708.210733,181046.027936,
25175,2020,1,0,0,0,0,25261.0,124309.0,149570,0.1688908189535141,2557.0,87.14171600341797,,,,,,108.0,1236.0,2057.0,28819.0,55.40281677246094,,,,,,,,,233015.347466,157119.633963,
25175,2021,1,0,0,0,0,25338.0,130203.0,155541,0.16290238499641418,2557.0,87.14171600341797,,,,,,110.0,1308.0,2004.0,28325.0,55.80807113647461,,,,,,,,,278222.696953,181851.02823209998,
25175,2022,1,0,0,0,0,25394.0,135041.0,160435,0.15828217566013336,2557.0,87.14171600341797,,,,,,107.0,1352.0,2112.0,28649.0,55.66190719604492,,,,,,,,,311825.517736,214917.928118,
25175,2023,1,0,0,0,0,25441.0,139554.0,164995,0.15419255197048187,2557.0,87.14171600341797,,,,,,,,,,,,,,,,,,,368748.049273,246047.4184561,
25183,1993,1,0,0,0,0,9785.0,5535.0,15320,0.6387075781822205,2656.0,137.0421905517578,97.5573501586914,37.139984130859375,,,,,,,,,,,,,,,,,904.1199951171875,870.739990234375,
25183,1994,1,0,0,0,0,9708.0,5628.0,15336,0.6330203413963318,2656.0,137.0421905517578,97.5573501586914,,,,,,,,,,,,,,,,,,975.489990234375,792.1699829101562,
25183,1995,1,0,0,0,0,9644.0,5788.0,15432,0.6249352097511292,2656.0,137.0421905517578,97.5573501586914,,,,,,,,,,,,,,,,,,1325.030029296875,1231.010009765625,
25183,1996,1,0,0,0,0,9612.0,6014.0,15626,0.6151286363601685,2656.0,137.0421905517578,97.5573501586914,,,,,43.0,,201.0,4226.0,,,,,,,,,,1519.489990234375,641.3599853515625,
25183,1997,1,0,0,0,0,9597.0,6288.0,15885,0.6041548848152161,2656.0,137.0421905517578,97.5573501586914,,,,,44.0,,217.0,4871.0,,,,,,,,,,2371.919921875,960.75,
25183,1998,1,0,0,0,0,9603.0,6601.0,16204,0.592631459236145,2656.0,137.0421905517578,97.5573501586914,,,,,45.0,,218.0,4923.0,,,,,,,,,,2599.820068359375,991.1199951171875,
25183,1999,1,0,0,0,0,9633.0,6943.0,16576,0.5811414122581482,2656.0,137.0421905517578,97.5573501586914,,,,,44.0,,215.0,4982.0,,,,,,,,,,3463.419921875,1966.8900146484375,
25183,2000,1,0,0,0,0,9691.0,7305.0,16996,0.5701929926872253,2656.0,137.0421905517578,97.5573501586914,,,,,40.0,,204.0,4868.0,49.5441780090332,,,,,,,,,4048.808,1783.929,3324669.0
25183,2001,1,0,0,0,0,9781.0,7680.0,17461,0.5601626634597778,2656.0,137.0421905517578,97.5573501586914,,,,,37.0,,191.0,4547.0,48.75637435913086,,,,,,,,,4706.339,2057.359,2010513.0
25183,2002,1,0,0,0,0,9887.0,8066.0,17953,0.5507157444953918,2656.0,137.0421905517578,97.5573501586914,,,,,36.0,,196.0,4924.0,48.527748107910156,,,,,,,,,6138.822,1826.842,4940785.0
25183,2003,1,0,0,0,0,10007.0,8455.0,18462,0.5420323014259338,2656.0,137.0421905517578,97.5573501586914,,,,,37.0,,214.0,5212.0,48.788818359375,,,,,,,,,4773.712,1953.511,3390753.0
25183,2004,1,0,0,0,0,10143.0,8841.0,18984,0.5342920422554016,2656.0,137.0421905517578,97.5573501586914,,,,,40.0,,218.0,3974.0,47.338191986083984,,,,,,,,,5144.813,1883.6,3577282.0
25183,2005,1,0,0,0,0,10292.0,9220.0,19512,0.5274702906608582,2656.0,137.0421905517578,97.5573501586914,39.975388493926935,63.589569999999995,25.48294,20.228740000000002,43.0,58.0,242.0,5156.0,47.65656661987305,17.35,85.72159672466735,99.25373134328358,74.83841181902123,,45.598771750255885,,,7649.937,3969.197,6459428.0
25183,2006,1,0,0,0,0,10453.0,9586.0,20039,0.5216327905654907,2656.0,137.0421905517578,97.5573501586914,,,,,44.0,49.0,262.0,5209.0,46.79893493652344,17.16,,,,,,,,7508.948816,4343.465816,6191803.0
25183,2007,1,0,0,0,0,10624.0,9951.0,20575,0.5163547992706299,2656.0,137.0421905517578,97.5573501586914,,,,,40.0,39.0,161.0,2840.0,48.194786071777344,16.97,,,,,,,,9553.373,4889.272999999999,8361527.0
25183,2008,1,0,0,0,0,10801.0,10311.0,21112,0.5116047859191895,2656.0,137.0421905517578,97.5573501586914,,,,,42.0,55.0,278.0,5048.0,48.97401428222656,16.77,82.4,68.77,98.03,37.56,36.5,,,9401.196,4070.457,9764520.0
25183,2009,1,0,0,0,0,10990.0,10671.0,21661,0.5073634386062622,2656.0,137.0421905517578,97.5573501586914,,,,,42.0,68.0,254.0,5099.0,49.050758361816406,16.58,82.4,68.77,98.03,37.56,36.5,,,11273.361,4886.26,13671441.0
25183,2010,1,0,0,0,0,11192.0,11030.0,22222,0.5036450624465942,2656.0,137.0421905517578,97.5573501586914,,,,,43.0,60.0,252.0,5277.0,49.976932525634766,16.39,81.62,67.68,97.84,37.21,36.16,,,10949.771,3995.79,9898785.0
25183,2011,1,0,0,0,0,11409.0,11395.0,22804,0.5003069639205933,2656.0,137.0421905517578,97.5573501586914,,,,,43.0,61.0,273.0,5056.0,48.80683517456055,16.39,81.62,67.68,97.84,37.21,36.16,5357.0,,11787.621499,5027.339437,
25183,2012,1,0,0,0,0,11639.0,11761.0,23400,0.4973931610584259,2656.0,137.0421905517578,97.5573501586914,,,,,41.0,52.0,222.0,4893.0,49.80741882324219,16.050650201820375,81.62,67.68,97.84,37.21,36.16,5477.0,,13718.992,5024.127,
25183,2013,1,0,0,0,0,11875.0,12124.0,23999,0.4948122799396515,2656.0,137.0421905517578,97.5573501586914,,,,,41.0,52.0,219.0,4859.0,48.428680419921875,16.050650201820375,84.46,61.06,92.83,16.6,15.98,6124.0,,19753.509,6090.353999999999,
25183,2014,1,0,0,0,0,12126.0,12494.0,24620,0.49252641201019287,2656.0,137.0421905517578,97.5573501586914,,,,,41.0,52.0,207.0,4726.0,48.937232971191406,14.935740459454264,75.93,61.06,81.24,16.56,15.95,6269.0,1295.0,20676.697999999997,7542.615,
25183,2015,1,0,0,0,0,12390.0,12867.0,25257,0.49055707454681396,2656.0,137.0421905517578,97.5573501586914,,,,,41.0,52.0,218.0,4751.0,49.49151611328125,14.26258555,75.71,61.06,80.91,16.49,15.88,6395.0,2074.0,21452.126953125,8231.392578125,
25183,2016,1,0,0,0,0,12658.0,13237.0,25895,0.48882022500038147,2656.0,137.0421905517578,97.5573501586914,,,,,41.0,21.0,205.0,4279.0,49.05076217651367,,75.71,61.06,80.91,16.36,15.88,,2595.0,21308.951782,8185.473377,
25183,2017,1,0,0,0,0,12944.0,13618.0,26562,0.4873127043247223,2656.0,137.0421905517578,97.5573501586914,,,,,38.0,37.0,212.0,4259.0,49.70233154296875,,,,,,,,,22764.925255844726,8526.952651977539,
25183,2018,1,0,0,0,0,10014.0,10554.0,20568,0.4868728220462799,2656.0,137.0421905517578,97.5573501586914,7.669165264392433,27.5,12.3,5.3,38.0,37.0,219.0,4367.0,50.44158935546875,,,,,,,,,23710.25038826,9106.36800825,
25183,2019,1,0,0,0,0,9994.0,11431.0,21425,0.46646440029144287,2656.0,137.0421905517578,,,,,,38.0,37.0,209.0,4040.0,50.61516189575195,,,,,,,,,33140.69387441,11923.352083589998,
25183,2020,1,0,0,0,0,9997.0,12281.0,22278,0.4487386643886566,2656.0,137.0421905517578,,,,,,38.0,34.0,196.0,4052.0,51.60905075073242,,,,,,,,,27399.303821079997,10238.49817195,
25183,2021,1,0,0,0,0,10027.0,13136.0,23163,0.4328886568546295,2656.0,137.0421905517578,,,,,,38.0,34.0,200.0,4035.0,52.106407165527344,,,,,,,,,31901.480781000002,12627.646416750002,
25183,2022,1,0,0,0,0,10049.0,13843.0,23892,0.4206010401248932,2656.0,137.0421905517578,,,,,,38.0,34.0,199.0,4118.0,51.7987060546875,,,,,,,,,35880.338404,12441.3721832,
25183,2023,1,0,0,0,0,10068.0,14503.0,24571,0.4097513258457184,2656.0,137.0421905517578,,,,,,,,,,,,,,,,,,,45319.241037,14843.35473505,
25307,1993,1,0,0,0,0,4437.0,86467.0,90904,0.048809733241796494,289.0,15.071410179138184,68.37893676757812,24.963716506958008,,,,,,,,,,,,,,,,,4662.330078125,3621.89990234375,
25307,1994,1,0,0,0,0,4279.0,87238.0,91517,0.04675634205341339,289.0,15.071410179138184,68.37893676757812,,,,,,,,,,,,,,,,,,5852.669921875,5842.97021484375,
25307,1995,1,0,0,0,0,4108.0,87952.0,92060,0.04462307319045067,289.0,15.071410179138184,68.37893676757812,,,,,,,,,,,,,,,,,,7342.169921875,7096.8798828125,
25307,1996,1,0,0,0,0,3941.0,88738.0,92679,0.04252311587333679,289.0,15.071410179138184,68.37893676757812,,,,,87.0,,1083.0,24972.0,,,,,,,,,,9195.0595703125,5212.330078125,
25307,1997,1,0,0,0,0,3784.0,89446.0,93230,0.04058779403567314,289.0,15.071410179138184,68.37893676757812,,,,,88.0,,1063.0,24809.0,,,,,,,,,,13390.580078125,8314.5400390625,
25307,1998,1,0,0,0,0,3649.0,90080.0,93729,0.03893138840794563,289.0,15.071410179138184,68.37893676757812,,,,,95.0,,1158.0,25745.0,,,,,,,,,,13731.5400390625,7541.8798828125,
25307,1999,1,0,0,0,0,3547.0,90646.0,94193,0.03765672445297241,289.0,15.071410179138184,68.37893676757812,,,,,94.0,,1188.0,26868.0,,,,,,,,,,15757.599609375,8879.5302734375,
25307,2000,1,0,0,0,0,3492.0,91154.0,94646,0.036895379424095154,289.0,15.071410179138184,68.37893676757812,,,,,85.0,,1098.0,25356.0,49.13722610473633,,,,,,,,,14921.0,8319.0,6953000.0
25307,2001,1,0,0,0,0,3485.0,91656.0,95141,0.03662984445691109,289.0,15.071410179138184,68.37893676757812,,,,,77.0,,960.0,23535.0,48.657527923583984,,,,,,,,,15215.38,7499.159,9455411.0
25307,2002,1,0,0,0,0,3481.0,92212.0,95693,0.036376748234033585,289.0,15.071410179138184,68.37893676757812,,,,,77.0,,917.0,22785.0,48.38810729980469,,,,,,,,,22195.111,10788.097,18392244.0
25307,2003,1,0,0,0,0,3478.0,92838.0,96316,0.03611030429601669,289.0,15.071410179138184,68.37893676757812,,,,,50.0,,957.0,23605.0,49.00729751586914,,,,,,,,,37683.185,12353.554,28616962.0
25307,2004,1,0,0,0,0,3477.0,93547.0,97024,0.03583649545907974,289.0,15.071410179138184,68.37893676757812,,,,,75.0,,935.0,24557.0,48.84904479980469,,,,,,,,,40376.784,14748.496,29256198.0
25307,2005,1,0,0,0,0,3475.0,94414.0,97889,0.035499393939971924,289.0,15.071410179138184,68.37893676757812,20.093851841106535,33.39761,1.17637,1.07914,73.0,303.0,921.0,22346.0,48.314029693603516,12.95,98.39293226756416,98.97603485838779,82.07317073170731,,95.41859486748002,,,49891.93,22142.227,42949220.0
25307,2006,1,0,0,0,0,3475.0,95254.0,98729,0.03519735857844353,289.0,15.071410179138184,68.37893676757812,,,,,73.0,356.0,974.0,21434.0,49.065895080566406,12.8,,,,,,,8768.0,51810.372,21026.299,38756984.0
25307,2007,1,0,0,0,0,3474.0,96040.0,99514,0.03490966185927391,289.0,15.071410179138184,68.37893676757812,,,,,71.0,481.0,1002.0,21339.0,48.62602996826172,12.66,,,,,,,10036.0,54842.939,24252.595,49510844.0
25307,2008,1,0,0,0,0,3474.0,96813.0,100287,0.03464058041572571,289.0,15.071410179138184,68.37893676757812,,,,,69.0,377.0,976.0,20869.0,48.8391227722168,12.51,42.15,42.96,31.55,41.0,41.36,,10638.0,56210.15999999999,20314.593,50259596.0
25307,2009,1,0,0,0,0,3474.0,97569.0,101043,0.03438140079379082,289.0,15.071410179138184,68.37893676757812,,,,,72.0,404.0,946.0,21140.0,48.82613754272461,12.37,31.42,33.93,13.51,30.54,30.81,,11921.0,67706.849,21693.568000000003,60182448.0
25307,2010,1,0,0,0,0,3474.0,98318.0,101792,0.03412842005491257,289.0,15.071410179138184,68.37893676757812,,,,,75.0,399.0,959.0,20649.0,49.445926666259766,12.23,31.58,34.06,13.82,30.61,30.92,,12884.0,68349.69699999999,27435.139,89015760.0
25307,2011,1,0,0,0,0,3474.0,99018.0,102492,0.033895328640937805,289.0,15.071410179138184,68.37893676757812,,,,,79.0,443.0,942.0,20976.0,48.57534408569336,11.7963646886584,62.03,64.67,44.23,56.96,58.02,28982.0,15900.0,79516.35728699999,34071.451578,
25307,2012,1,0,0,0,0,3474.0,99701.0,103175,0.03367094695568085,289.0,15.071410179138184,68.37893676757812,,,,,85.0,477.0,1009.0,21219.0,48.38200759887695,11.5520268656668,13.39,11.27,26.77,13.52,11.32,29922.0,17382.0,81810.05674099998,35835.975278,
25307,2013,1,0,0,0,0,3475.0,100364.0,103839,0.033465269953012466,289.0,15.071410179138184,68.37893676757812,,,,,82.0,420.0,988.0,20930.0,48.580299377441406,11.111656576561113,62.65,65.81,42.36,56.84,58.56,30988.0,17668.0,98323.89063800001,41072.27834,
25307,2014,1,0,0,0,0,3475.0,101001.0,104476,0.03326122835278511,289.0,15.071410179138184,68.37893676757812,,,,,86.0,451.0,971.0,20870.0,48.96786117553711,10.053674599620512,63.29,64.86,39.44,56.88,59.77,36131.0,20952.0,107860.860785,49153.626489999995,
25307,2015,1,0,0,0,0,3475.0,101610.0,105085,0.0330684669315815,289.0,15.071410179138184,68.37893676757812,,,,,87.0,412.0,1055.0,20608.0,49.109737396240234,9.548421595,65.23,67.27,41.36,62.08,61.08,37787.0,22432.0,113824.6640625,49216.109375,
25307,2016,1,0,0,0,0,3476.0,102225.0,105701,0.03288521245121956,289.0,15.071410179138184,68.37893676757812,,,,,86.0,329.0,1021.0,19848.0,49.87824630737305,,65.29,67.33,41.36,62.13,61.13,,24020.0,124414.6314,48638.56196399999,
25307,2017,1,0,0,0,0,3477.0,102806.0,106283,0.03271454572677612,289.0,15.071410179138184,68.37893676757812,,,,,88.0,331.0,1073.0,19788.0,49.91755676269531,,,,,,,,,125514.8035685255,50435.38961306055,
25307,2018,1,0,0,0,0,5591.0,95427.0,101018,0.055346570909023285,289.0,15.071410179138184,68.37893676757812,7.2958654213774645,13.4,0.6,1.5,91.0,354.0,1086.0,19598.0,48.37261199951172,,,,,,,,,133012.48712,56066.51882799999,
25307,2019,1,0,0,0,0,5003.0,100376.0,105379,0.04747625067830086,289.0,15.071410179138184,,,,,,91.0,404.0,1132.0,19612.0,47.84762954711914,,,,,,,,,151266.065236,58747.919456,
25307,2020,1,0,0,0,0,3896.0,105896.0,109792,0.03548528254032135,289.0,15.071410179138184,,,,,,102.0,425.0,1201.0,19439.0,49.017364501953125,,,,,,,,,147631.41527199998,50540.909314,
25307,2021,1,0,0,0,0,3908.0,110244.0,114152,0.03423505648970604,289.0,15.071410179138184,,,,,,102.0,469.0,1193.0,19297.0,49.14215087890625,,,,,,,,,170341.56717,64427.18018525,
25307,2022,1,0,0,0,0,3916.0,113828.0,117744,0.0332585945725441,289.0,15.071410179138184,,,,,,97.0,463.0,1176.0,20038.0,49.80073547363281,,,,,,,,,198889.580158,71530.43320425,
25307,2023,1,0,0,0,0,3924.0,117166.0,121090,0.03240564838051796,289.0,15.071410179138184,,,,,,,,,,,,,,,,,,,226659.804351,86137.22237975,
25312,1993,1,0,0,0,0,,,0,,2250.0,40.05439376831055,22.344316482543945,,,,,,,,,,,,,,,,,,0.0,0.0,
25312,1994,1,0,0,0,0,,,0,,2250.0,40.05439376831055,22.344316482543945,,,,,,,,,,,,,,,,,,0.0,0.0,
25312,1995,1,0,0,0,0,,,0,,2250.0,40.05439376831055,22.344316482543945,,,,,,,,,,,,,,,,,,0.0,0.0,
25312,1996,1,0,0,0,0,3779.0,1156.0,4935,0.7657548189163208,2250.0,40.05439376831055,22.344316482543945,,,,,,,0.0,0.0,,,,,,,,,,0.0,0.0,
25312,1997,1,0,0,0,0,3960.0,1217.0,5177,0.7649217844009399,2250.0,40.05439376831055,22.344316482543945,,,,,2.0,,10.0,90.0,,,,,,,,,,0.0,0.0,
25312,1998,1,0,0,0,0,4139.0,1276.0,5415,0.7643582820892334,2250.0,40.05439376831055,22.344316482543945,,,,,11.0,,54.0,1041.0,,,,,,,,,,1450.760009765625,612.72998046875,
25312,1999,1,0,0,0,0,4315.0,1332.0,5647,0.7641225457191467,2250.0,40.05439376831055,22.344316482543945,,,,,3.0,,29.0,522.0,,,,,,,,,,1740.8900146484375,682.469970703125,
25312,2000,1,0,0,0,0,4488.0,1383.0,5871,0.764435350894928,2250.0,40.05439376831055,22.344316482543945,,,,,13.0,,75.0,1622.0,48.52846908569336,,,,,,,,,2337.074,813.2760000000001,1751384.0
25312,2001,1,0,0,0,0,4663.0,1434.0,6097,0.7648023366928101,2250.0,40.05439376831055,22.344316482543945,,,,,12.0,,70.0,1638.0,50.26007843017578,,,,,,,,,2380.091,1303.84,1604695.0
25312,2002,1,0,0,0,0,4830.0,1481.0,6311,0.7653303742408752,2250.0,40.05439376831055,22.344316482543945,,,,,12.0,,68.0,1590.0,49.98113250732422,,,,,,,,,3358.271,1145.464,2141923.0
25312,2003,1,0,0,0,0,4987.0,1526.0,6513,0.7656993865966797,2250.0,40.05439376831055,22.344316482543945,,,,,11.0,,63.0,1630.0,50.693023681640625,,,,,,,,,3476.919,1324.359,3382100.0
25312,2004,1,0,0,0,0,5133.0,1568.0,6701,0.7660050988197327,2250.0,40.05439376831055,22.344316482543945,,,,,13.0,,66.0,1656.0,48.983543395996094,,,,,,,,,2954.131,1110.789,2806455.0
25312,2005,1,0,0,0,0,5267.0,1609.0,6876,0.7659976482391357,2250.0,40.05439376831055,22.344316482543945,18.251008598617133,43.14241,26.020310000000002,3.6216999999999997,13.0,11.0,71.0,1612.0,48.61220169067383,17.65,77.25515463917526,97.40634005763688,71.45228215767635,,37.371134020618555,,,3838.91,1700.608,2970334.0
25312,2006,1,0,0,0,0,5390.0,1647.0,7037,0.76595139503479,2250.0,40.05439376831055,22.344316482543945,,,,,13.0,13.0,73.0,1696.0,48.82155227661133,17.45,,,,,,,,2567.896579,1052.714549,1993698.375
25312,2007,1,0,0,0,0,5524.0,1690.0,7214,0.7657333016395569,2250.0,40.05439376831055,22.344316482543945,,,,,12.0,3.0,13.0,97.0,47.57907485961914,17.25,,,,,,,,4501.302,1571.468,4006808.0
25312,2008,1,0,0,0,0,5657.0,1731.0,7388,0.7657011151313782,2250.0,40.05439376831055,22.344316482543945,,,,,13.0,19.0,74.0,1665.0,50.71916198730469,17.06,26.99,57.48,20.17,37.92,17.34,,,3297.976,1201.903,3097349.0
25312,2009,1,0,0,0,0,5796.0,1774.0,7570,0.7656539082527161,2250.0,40.05439376831055,22.344316482543945,,,,,13.0,13.0,72.0,1646.0,48.97496032714844,16.86,26.8,56.98,20.08,38.95,17.32,,,4238.051,1510.6920000000002,4752389.0
25312,2010,1,0,0,0,0,5930.0,1817.0,7747,0.7654575705528259,2250.0,40.05439376831055,22.344316482543945,,,,,13.0,11.0,75.0,1667.0,48.620887756347656,16.66,23.84,53.67,17.61,33.63,15.49,,,4075.793,1742.685,4448313.0
25312,2011,1,0,0,0,0,6072.0,1860.0,7932,0.7655068039894104,2250.0,40.05439376831055,22.344316482543945,,,,,13.0,13.0,74.0,1600.0,47.68667221069336,16.66,23.49,53.32,17.32,33.09,15.26,1585.0,,4940.309158,2301.947467,
25312,2012,1,0,0,0,0,6211.0,1904.0,8115,0.7653727531433105,2250.0,40.05439376831055,22.344316482543945,,,,,12.0,13.0,67.0,1630.0,47.9549674987793,16.393639628299365,26.01,57.24,19.49,36.19,16.87,1510.0,,5558.054,2456.068,
25312,2013,1,0,0,0,0,6363.0,1951.0,8314,0.7653355598449707,2250.0,40.05439376831055,22.344316482543945,,,,,12.0,10.0,73.0,1607.0,48.77196502685547,16.219991966925896,26.01,57.24,19.49,36.19,16.87,1665.0,,6475.183999999999,3245.226,
25312,2014,1,0,0,0,0,6503.0,1995.0,8498,0.765238881111145,2250.0,40.05439376831055,22.344316482543945,,,,,12.0,12.0,66.0,1606.0,47.3059196472168,17.02282573560647,25.3,56.36,18.97,35.42,16.14,1765.0,,7928.101,3040.7439999999997,
25312,2015,1,0,0,0,0,6646.0,2039.0,8685,0.7652273774147034,2250.0,40.05439376831055,22.344316482543945,,,,,12.0,13.0,69.0,1569.0,48.13630676269531,16.3322021,35.55,56.24,31.37,35.26,16.03,2226.0,,10429.3623046875,3212.79907226562,
25312,2016,1,0,0,0,0,6792.0,2085.0,8877,0.7651233673095703,2250.0,40.05439376831055,22.344316482543945,,,,,12.0,10.0,78.0,1528.0,49.20265579223633,,30.08,59.31,27.34,30.92,12.3,,,7468.016,2854.819,
25312,2017,1,0,0,0,0,6931.0,2128.0,9059,0.7650954723358154,2250.0,40.05439376831055,22.344316482543945,,,,,12.0,7.0,73.0,1125.0,49.04128646850586,,,,,,,,,9371.087524414062,3554.4268798828125,
25312,2018,1,0,0,0,0,5339.0,1840.0,7179,0.7436968684196472,2250.0,40.05439376831055,22.344316482543945,4.986229888389622,19.9,14.4,3.3,12.0,8.0,76.0,1461.0,48.61448287963867,,,,,,,,,16098.01623748,4562.5123623,
25312,2019,1,0,0,0,0,5574.0,1992.0,7566,0.7367168664932251,2250.0,40.05439376831055,,,,,,12.0,14.0,76.0,1575.0,49.373844146728516,,,,,,,,,14199.43428373,4848.81897082,
25312,2020,1,0,0,0,0,5791.0,2140.0,7931,0.7301727533340454,2250.0,40.05439376831055,,,,,,12.0,17.0,76.0,1552.0,47.22048568725586,,,,,,,,,9897.63890389,3843.5505512399995,
25312,2021,1,0,0,0,0,5810.0,2436.0,8246,0.7045840620994568,2250.0,40.05439376831055,,,,,,12.0,16.0,73.0,1523.0,46.653175354003906,,,,,,,,,13456.483712,4612.660892,
25312,2022,1,0,0,0,0,5823.0,2682.0,8505,0.6846560835838318,2250.0,40.05439376831055,,,,,,12.0,17.0,77.0,1481.0,47.41446304321289,,,,,,,,,12502.046546,4976.870954,
25312,2023,1,0,0,0,0,5834.0,2913.0,8747,0.6669715046882629,2250.0,40.05439376831055,,,,,,,,,,,,,,,,,,,25501.721602,6498.53363,
25320,1993,1,0,0,0,0,15076.0,9806.0,24882,0.6058998703956604,992.0,91.60140228271484,103.57950592041016,34.44282913208008,,,,,,,,,,,,,,,,,1265.0999755859375,1265.0999755859375,
25320,1994,1,0,0,0,0,15022.0,10235.0,25257,0.5947657823562622,992.0,91.60140228271484,103.57950592041016,,,,,,,,,,,,,,,,,,1730.6800537109375,1310.5799560546875,
25320,1995,1,0,0,0,0,15003.0,10672.0,25675,0.5843427181243896,992.0,91.60140228271484,103.57950592041016,,,,,,,,,,,,,,,,,,2017.6300048828125,1562.02001953125,
25320,1996,1,0,0,0,0,15091.0,11128.0,26219,0.5755749940872192,992.0,91.60140228271484,103.57950592041016,,,,,72.0,,270.0,5824.0,,,,,,,,,,2627.02001953125,964.6300048828125,
25320,1997,1,0,0,0,0,15204.0,11585.0,26789,0.5675463676452637,992.0,91.60140228271484,103.57950592041016,,,,,73.0,,273.0,6226.0,,,,,,,,,,3742.5,1027.0400390625,
25320,1998,1,0,0,0,0,15345.0,12037.0,27382,0.5604046583175659,992.0,91.60140228271484,103.57950592041016,,,,,74.0,,267.0,6411.0,,,,,,,,,,4403.47021484375,1430.199951171875,
25320,1999,1,0,0,0,0,15510.0,12480.0,27990,0.554126501083374,992.0,91.60140228271484,103.57950592041016,,,,,74.0,,269.0,6679.0,,,,,,,,,,6067.02978515625,2331.5400390625,
25320,2000,1,0,0,0,0,15701.0,12913.0,28614,0.5487174391746521,992.0,91.60140228271484,103.57950592041016,,,,,74.0,,277.0,6874.0,49.08300018310547,,,,,,,,,9262.473,2195.36,7095260.0
25320,2001,1,0,0,0,0,15929.0,13339.0,29268,0.544246256351471,992.0,91.60140228271484,103.57950592041016,,,,,74.0,,279.0,6539.0,48.82236862182617,,,,,,,,,9099.385,2409.701,4991906.0
25320,2002,1,0,0,0,0,16154.0,13763.0,29917,0.5399605631828308,992.0,91.60140228271484,103.57950592041016,,,,,72.0,,303.0,6656.0,49.53596878051758,,,,,,,,,15057.584,2918.075,10157526.0
25320,2003,1,0,0,0,0,16371.0,14189.0,30560,0.535700261592865,992.0,91.60140228271484,103.57950592041016,,,,,26.0,,294.0,6467.0,49.16835021972656,,,,,,,,,12474.07,3346.489,12926615.0
25320,2004,1,0,0,0,0,16581.0,14616.0,31197,0.5314934253692627,992.0,91.60140228271484,103.57950592041016,,,,,72.0,,265.0,6051.0,48.93412399291992,,,,,,,,,12295.311,3357.343,9241622.0
25320,2005,1,0,0,0,0,16780.0,15051.0,31831,0.5271590352058411,992.0,91.60140228271484,103.57950592041016,29.841072270250883,70.91694,44.338499999999996,16.078490000000002,71.0,55.0,283.0,6326.0,49.114891052246094,14.22,67.22927356197678,96.57142857142857,45.51221804511278,,61.36916014042668,,,10352.856,3648.784,11431533.0
25320,2006,1,0,0,0,0,16967.0,15489.0,32456,0.5227692723274231,992.0,91.60140228271484,103.57950592041016,,,,,71.0,43.0,289.0,6161.0,48.01327133178711,14.06,,,,,,,,15469.244159,4875.357158999999,11187326.0
25320,2007,1,0,0,0,0,17154.0,15927.0,33081,0.518545389175415,992.0,91.60140228271484,103.57950592041016,,,,,69.0,27.0,138.0,2303.0,48.87169647216797,13.9,,,,,,,,14171.188,5666.816000000001,14013907.0
25320,2008,1,0,0,0,0,17352.0,16365.0,33717,0.5146365165710449,992.0,91.60140228271484,103.57950592041016,,,,,70.0,43.0,277.0,5989.0,49.32423782348633,13.74,100.0,100.0,0.0,100.0,100.0,,,16863.539,5107.821,12933592.0
25320,2009,1,0,0,0,0,17558.0,16803.0,34361,0.5109862685203552,992.0,91.60140228271484,103.57950592041016,,,,,70.0,40.0,296.0,5866.0,48.35903549194336,13.59,13.57,18.39,9.89,13.52,13.52,,,19375.465,6329.469,19234010.0
25320,2010,1,0,0,0,0,17777.0,17241.0,35018,0.5076532363891602,992.0,91.60140228271484,103.57950592041016,,,,,75.0,47.0,290.0,5764.0,49.41278076171875,13.43,12.43,16.1,9.65,12.38,12.38,,,19478.506999999998,5336.808999999999,16021917.0
25320,2011,1,0,0,0,0,17992.0,17679.0,35671,0.5043873190879822,992.0,91.60140228271484,103.57950592041016,,,,,73.0,46.0,289.0,5719.0,49.58793258666992,13.317092886444266,11.65,14.56,9.42,11.6,11.6,7906.0,249.0,17434.127,5063.692,
25320,2012,1,0,0,0,0,18216.0,18118.0,36334,0.501348614692688,992.0,91.60140228271484,103.57950592041016,,,,,71.0,42.0,293.0,5662.0,49.97776794433594,13.040190992428156,12.71,14.56,11.32,12.66,12.66,8209.0,2919.0,16197.271,4658.485,
25320,2013,1,0,0,0,0,18447.0,18556.0,37003,0.4985271394252777,992.0,91.60140228271484,103.57950592041016,,,,,71.0,39.0,303.0,5649.0,48.98377990722656,12.420632943143714,11.25,14.56,8.86,11.2,11.2,8430.0,3003.0,22198.354,5725.76,
25320,2014,1,0,0,0,0,18693.0,18995.0,37688,0.49599340558052063,992.0,91.60140228271484,103.57950592041016,,,,,71.0,59.0,281.0,5554.0,50.64875411987305,12.613669422938782,11.0,14.56,8.51,10.95,10.95,8103.0,4429.0,22545.386,6920.520999999999,
25320,2015,1,0,0,0,0,18932.0,19434.0,38366,0.49345773458480835,992.0,91.60140228271484,103.57950592041016,,,,,71.0,62.0,279.0,4554.0,49.618995666503906,11.91728977,78.06,99.89,40.47,78.06,78.06,9482.0,4645.0,27224.8359375,7467.68115234375,
25320,2016,1,0,0,0,0,19190.0,19873.0,39063,0.4912576973438263,992.0,91.60140228271484,103.57950592041016,,,,,72.0,49.0,305.0,4551.0,50.941749572753906,,41.2,100.0,0.0,41.2,41.2,,5080.0,25134.098,8005.621999999999,
25320,2017,1,0,0,0,0,19437.0,20311.0,39748,0.4890057444572449,992.0,91.60140228271484,103.57950592041016,,,,,72.0,36.0,310.0,4983.0,50.369510650634766,,,,,,,,,29389.031871795654,9127.026500701904,
25320,2018,1,0,0,0,0,16910.0,13614.0,30524,0.5539903044700623,992.0,91.60140228271484,103.57950592041016,9.410948845557641,27.2,28.5,6.6,73.0,51.0,341.0,5049.0,49.70862579345703,,,,,,,,,41146.03245,10613.777476000001,
25320,2019,1,0,0,0,0,17114.0,14755.0,31869,0.537010908126831,992.0,91.60140228271484,,,,,,73.0,55.0,344.0,5121.0,50.704254150390625,,,,,,,,,36049.37912,13932.02918,
25320,2020,1,0,0,0,0,17350.0,15862.0,33212,0.5224015712738037,992.0,91.60140228271484,,,,,,73.0,56.0,332.0,5020.0,49.73244857788086,,,,,,,,,32993.892794,10968.818575,
25320,2021,1,0,0,0,0,17406.0,17125.0,34531,0.5040687918663025,992.0,91.60140228271484,,,,,,71.0,63.0,326.0,4916.0,49.675785064697266,,,,,,,,,33509.820288,10457.844717999998,
25320,2022,1,0,0,0,0,17444.0,18173.0,35617,0.48976612091064453,992.0,91.60140228271484,,,,,,70.0,69.0,323.0,4764.0,49.66672897338867,,,,,,,,,37762.09813,10877.215419900002,
25320,2023,1,0,0,0,0,17477.0,19153.0,36630,0.47712257504463196,992.0,91.60140228271484,,,,,,,,,,,,,,,,,,,38295.900192,11036.7222818,
25335,1993,1,0,0,0,0,3670.0,1292.0,4962,0.739621102809906,972.0,93.55794525146484,41.44217300415039,57.80004119873047,,,,,,,,,,,,,,,,,247.3300018310547,193.30999755859375,
25335,1994,1,0,0,0,0,3653.0,1292.0,4945,0.7387259602546692,972.0,93.55794525146484,41.44217300415039,,,,,,,,,,,,,,,,,,219.5800018310547,153.8699951171875,
25335,1995,1,0,0,0,0,3622.0,1293.0,4915,0.7369277477264404,972.0,93.55794525146484,41.44217300415039,,,,,,,,,,,,,,,,,,267.6199951171875,158.47000122070312,
25335,1996,1,0,0,0,0,3589.0,1297.0,4886,0.7345476746559143,972.0,93.55794525146484,41.44217300415039,,,,,28.0,,59.0,1102.0,,,,,,,,,,0.0,0.0,
25335,1997,1,0,0,0,0,3552.0,1302.0,4854,0.7317675948143005,972.0,93.55794525146484,41.44217300415039,,,,,26.0,,65.0,1128.0,,,,,,,,,,0.0,0.0,
25335,1998,1,0,0,0,0,3516.0,1306.0,4822,0.7291580438613892,972.0,93.55794525146484,41.44217300415039,,,,,26.0,,65.0,1138.0,,,,,,,,,,0.0,0.0,
25335,1999,1,0,0,0,0,3484.0,1311.0,4795,0.7265902161598206,972.0,93.55794525146484,41.44217300415039,,,,,26.0,,64.0,1258.0,,,,,,,,,,1617.4599609375,353.2900085449219,
25335,2000,1,0,0,0,0,3464.0,1316.0,4780,0.7246862053871155,972.0,93.55794525146484,41.44217300415039,,,,,25.0,,67.0,1277.0,48.72059631347656,,,,,,,,,1955.227,365.023,1617074.0
25335,2001,1,0,0,0,0,3455.0,1322.0,4777,0.723257303237915,972.0,93.55794525146484,41.44217300415039,,,,,22.0,,69.0,1300.0,49.107582092285156,,,,,,,,,1543.228,413.713,1101229.0
25335,2002,1,0,0,0,0,3449.0,1327.0,4776,0.7221524119377136,972.0,93.55794525146484,41.44217300415039,,,,,23.0,,69.0,1273.0,50.9708366394043,,,,,,,,,3344.736,799.877,3061860.0
25335,2003,1,0,0,0,0,3442.0,1334.0,4776,0.7206867933273315,972.0,93.55794525146484,41.44217300415039,,,,,21.0,,71.0,1318.0,49.6524772644043,,,,,,,,,2342.354,667.081,1964945.0
25335,2004,1,0,0,0,0,3437.0,1341.0,4778,0.7193386554718018,972.0,93.55794525146484,41.44217300415039,,,,,23.0,,75.0,1331.0,48.77256774902344,,,,,,,,,3089.892,852.673,2353825.0
25335,2005,1,0,0,0,0,3429.0,1351.0,4780,0.7173640131950378,972.0,93.55794525146484,41.44217300415039,31.685540069686414,64.63415,52.648740000000004,18.337410000000002,23.0,,56.0,1308.0,50.144020080566406,23.11,51.150895140664964,96.58119658119658,31.751824817518248,,37.59590792838875,,,2673.764,689.906,2339242.0
25335,2006,1,0,0,0,0,3428.0,1355.0,4783,0.7167050242424011,972.0,93.55794525146484,41.44217300415039,,,,,24.0,12.0,85.0,1340.0,48.451114654541016,22.84,,,,,,,301.0,3770.979327,976.931327,2855077.0
25335,2007,1,0,0,0,0,3428.0,1374.0,4802,0.7138692140579224,972.0,93.55794525146484,41.44217300415039,,,,,23.0,5.0,21.0,227.0,48.039676666259766,22.56,,,,,,,318.0,3330.007,1021.527,2735041.0
25335,2008,1,0,0,0,0,3428.0,1383.0,4811,0.7125337719917297,972.0,93.55794525146484,41.44217300415039,,,,,23.0,17.0,81.0,1387.0,49.63174819946289,22.29,14.37,87.7,0.0,14.95,14.04,,615.0,3467.451,968.8729999999999,2579783.0
25335,2009,1,0,0,0,0,3429.0,1408.0,4837,0.7089104652404785,972.0,93.55794525146484,41.44217300415039,,,,,23.0,16.0,78.0,1245.0,47.43513107299805,22.01,11.29,40.38,0.0,20.65,8.71,,331.0,4234.829,1133.225,4758542.0
25335,2010,1,0,0,0,0,3430.0,1424.0,4854,0.7066336870193481,972.0,93.55794525146484,41.44217300415039,,,,,24.0,16.0,78.0,1406.0,47.498531341552734,21.74,19.1,61.18,0.0,24.54,11.6,,331.0,3986.743,1796.06,5459863.0
25335,2011,1,0,0,0,0,3431.0,1433.0,4864,0.7053865194320679,972.0,93.55794525146484,41.44217300415039,,,,,24.0,15.0,78.0,1371.0,51.86280059814453,21.74,82.64,62.8,92.48,28.5,12.03,1233.0,345.0,4391.123472,1879.457493,
25335,2012,1,0,0,0,0,3433.0,1447.0,4880,0.7034835815429688,972.0,93.55794525146484,41.44217300415039,,,,,24.0,18.0,69.0,1406.0,48.73787307739258,21.74,80.47,62.8,89.23,28.5,12.03,1361.0,390.0,7429.856385,3949.874334,
25335,2013,1,0,0,0,0,3435.0,1467.0,4902,0.7007343769073486,972.0,93.55794525146484,41.44217300415039,,,,,23.0,13.0,76.0,1216.0,47.87977600097656,21.022398948563477,86.94,74.63,91.29,36.26,17.74,1381.0,692.0,8745.402218,4104.689651,
25335,2014,1,0,0,0,0,3437.0,1484.0,4921,0.6984353065490723,972.0,93.55794525146484,41.44217300415039,,,,,23.0,26.0,75.0,1507.0,48.52480697631836,20.47562706188981,86.91,74.35,91.39,36.23,17.68,1504.0,386.0,10621.821678,5841.552976000001,
25335,2015,1,0,0,0,0,3440.0,1491.0,4931,0.6976272463798523,972.0,93.55794525146484,41.44217300415039,,,,,23.0,14.0,74.0,1428.0,47.855506896972656,22.05673033,89.87,99.61,86.93,36.65,16.31,1556.0,395.0,16367.205078125,6643.37255859375,
25335,2016,1,0,0,0,0,3443.0,1516.0,4959,0.694293200969696,972.0,93.55794525146484,41.44217300415039,,,,,23.0,10.0,103.0,1238.0,48.46923828125,,88.77,97.54,86.19,61.38,16.53,,413.0,12054.029594,4498.676046,
25335,2017,1,0,0,0,0,3446.0,1538.0,4984,0.6914125084877014,972.0,93.55794525146484,41.44217300415039,,,,,23.0,14.0,78.0,900.0,48.10707473754883,,,,,,,,,14945.955963134766,6326.295806884766,
25335,2018,1,0,0,0,0,4265.0,1967.0,6232,0.6843709945678711,972.0,93.55794525146484,41.44217300415039,9.812360130831468,29.6,49.1,2.3,23.0,2.0,56.0,931.0,47.19593811035156,,,,,,,,,12758.175059000001,7230.383188000002,
25335,2019,1,0,0,0,0,4400.0,2085.0,6485,0.6784887909889221,972.0,93.55794525146484,,,,,,23.0,12.0,80.0,1308.0,46.167701721191406,,,,,,,,,17863.682028,10457.653301999999,
25335,2020,1,0,0,0,0,4536.0,2208.0,6744,0.6725978851318359,972.0,93.55794525146484,,,,,,23.0,16.0,70.0,1235.0,46.78476333618164,,,,,,,,,12288.175757,5361.264793,
25335,2021,1,0,0,0,0,4551.0,2461.0,7012,0.6490302085876465,972.0,93.55794525146484,,,,,,23.0,17.0,69.0,1355.0,48.20303726196289,,,,,,,,,11124.94885,4864.994767,
25335,2022,1,0,0,0,0,4561.0,2671.0,7232,0.6306692361831665,972.0,93.55794525146484,,,,,,24.0,17.0,71.0,1245.0,49.495033264160156,,,,,,,,,14222.647066,4158.87679475,
25335,2023,1,0,0,0,0,4569.0,2869.0,7438,0.6142780184745789,972.0,93.55794525146484,,,,,,,,,,,,,,,,,,,14332.917768,4522.40789945,
25402,1993,1,0,0,0,0,8441.0,3365.0,11806,0.7149754166603088,1200.0,76.5200424194336,67.9753189086914,36.42457962036133,,,,,,,,,,,,,,,,,668.25,484.8999938964844,
25402,1994,1,0,0,0,0,8481.0,3442.0,11923,0.7113142609596252,1200.0,76.5200424194336,67.9753189086914,,,,,,,,,,,,,,,,,,785.8300170898438,785.8300170898438,
25402,1995,1,0,0,0,0,8504.0,3530.0,12034,0.7066644430160522,1200.0,76.5200424194336,67.9753189086914,,,,,,,,,,,,,,,,,,1231.43994140625,1231.43994140625,
25402,1996,1,0,0,0,0,8530.0,3631.0,12161,0.7014225721359253,1200.0,76.5200424194336,67.9753189086914,,,,,36.0,,120.0,2817.0,,,,,,,,,,1832.8399658203125,743.6500244140625,
25402,1997,1,0,0,0,0,8547.0,3738.0,12285,0.6957265138626099,1200.0,76.5200424194336,67.9753189086914,,,,,38.0,,130.0,3102.0,,,,,,,,,,2537.39990234375,1113.47998046875,
25402,1998,1,0,0,0,0,8557.0,3849.0,12406,0.6897469162940979,1200.0,76.5200424194336,67.9753189086914,,,,,39.0,,140.0,3200.0,,,,,,,,,,2658.18994140625,1153.9200439453125,
25402,1999,1,0,0,0,0,8570.0,3959.0,12529,0.6840130686759949,1200.0,76.5200424194336,67.9753189086914,,,,,39.0,,139.0,3421.0,,,,,,,,,,5301.97021484375,1633.6099853515625,
25402,2000,1,0,0,0,0,8586.0,4066.0,12652,0.6786279082298279,1200.0,76.5200424194336,67.9753189086914,,,,,36.0,,152.0,3312.0,48.62309265136719,,,,,,,,,4467.511,1469.152,4628720.0
25402,2001,1,0,0,0,0,8613.0,4172.0,12785,0.6736800670623779,1200.0,76.5200424194336,67.9753189086914,,,,,37.0,,143.0,3541.0,48.535423278808594,,,,,,,,,4878.686,2719.44,2464500.0
25402,2002,1,0,0,0,0,8638.0,4276.0,12914,0.6688864827156067,1200.0,76.5200424194336,67.9753189086914,,,,,34.0,,133.0,3235.0,49.123023986816406,,,,,,,,,5980.772,3880.078,6604452.0
25402,2003,1,0,0,0,0,8659.0,4376.0,13035,0.6642884612083435,1200.0,76.5200424194336,67.9753189086914,,,,,24.0,,162.0,3697.0,50.240421295166016,,,,,,,,,4247.278,1954.667,3017174.0
25402,2004,1,0,0,0,0,8680.0,4472.0,13152,0.6599756479263306,1200.0,76.5200424194336,67.9753189086914,,,,,34.0,,158.0,3301.0,49.251949310302734,,,,,,,,,4170.132,1805.014,3184896.0
25402,2005,1,0,0,0,0,8702.0,4563.0,13265,0.6560120582580566,1200.0,76.5200424194336,67.9753189086914,24.804992199687987,46.34945,41.98809,7.53301,34.0,10.0,151.0,3437.0,48.45433807373047,14.0,62.601172202065314,98.11165845648604,44.31289640591966,,34.719508791515494,,,5868.064,2482.923,3955841.0
25402,2006,1,0,0,0,0,8725.0,4649.0,13374,0.6523852348327637,1200.0,76.5200424194336,67.9753189086914,,,,,34.0,26.0,167.0,3717.0,48.482383728027344,13.85,,,,,,,,6058.293786,2770.857786,4599541.0
25402,2007,1,0,0,0,0,8741.0,4729.0,13470,0.6489235162734985,1200.0,76.5200424194336,67.9753189086914,,,,,33.0,6.0,46.0,819.0,48.32832717895508,13.69,,,,,,,,8793.874,3163.793,7496712.0
25402,2008,1,0,0,0,0,8759.0,4805.0,13564,0.6457534432411194,1200.0,76.5200424194336,67.9753189086914,,,,,33.0,20.0,139.0,3604.0,48.76811599731445,13.54,29.28,0.0,29.28,0.0,29.28,,,6213.234,2865.918,7654553.0
25402,2009,1,0,0,0,0,8780.0,4879.0,13659,0.6427996158599854,1200.0,76.5200424194336,67.9753189086914,,,,,32.0,27.0,140.0,3432.0,48.60622024536133,13.38,29.39,100.0,2.0,29.39,29.39,,,8075.984999999999,3328.9089999999997,9624934.0
25402,2010,1,0,0,0,0,8812.0,4954.0,13766,0.6401278376579285,1200.0,76.5200424194336,67.9753189086914,,,,,32.0,25.0,143.0,3270.0,49.07695007324219,13.23,29.01,100.0,1.97,29.01,29.01,,,8068.032999999999,3965.83,9070831.0
25402,2011,1,0,0,0,0,8833.0,5020.0,13853,0.6376236081123352,1200.0,76.5200424194336,67.9753189086914,,,,,32.0,23.0,143.0,3227.0,49.25333786010742,12.97487914259673,27.38,100.0,1.82,27.38,27.38,4942.0,0.0,9292.587899000002,4369.004776000001,
25402,2012,1,0,0,0,0,8865.0,5088.0,13953,0.6353472471237183,1200.0,76.5200424194336,67.9753189086914,,,,,32.0,25.0,135.0,3191.0,49.14345169067383,12.97487914259673,49.75,97.82,27.48,31.0,30.97,4880.0,560.0,12106.543,5869.745999999999,
25402,2013,1,0,0,0,0,8899.0,5153.0,14052,0.6332906484603882,1200.0,76.5200424194336,67.9753189086914,,,,,32.0,20.0,151.0,3139.0,48.58066177368164,12.29915587576276,69.82,100.0,51.4,51.75,54.42,4732.0,865.0,18280.476330999998,8368.904760000001,
25402,2014,1,0,0,0,0,8931.0,5214.0,14145,0.6313892006874084,1200.0,76.5200424194336,67.9753189086914,,,,,32.0,25.0,135.0,2718.0,50.883182525634766,12.17099313490925,42.96,73.43,28.5,24.18,24.18,6168.0,1354.0,17452.027914,8478.748211,
25402,2015,1,0,0,0,0,8960.0,5270.0,14230,0.629655659198761,1200.0,76.5200424194336,67.9753189086914,,,,,33.0,21.0,146.0,2777.0,50.46385192871094,13.587696735812687,40.08,68.61,25.88,22.65,22.65,6510.0,1558.0,23987.994140625,10099.572265625,
25402,2016,1,0,0,0,0,8998.0,5328.0,14326,0.6280887722969055,1200.0,76.5200424194336,67.9753189086914,,,,,33.0,18.0,159.0,2726.0,51.414554595947266,,43.02,73.24,28.52,25.61,24.99,,1832.0,22137.112440999997,11451.88466,
25402,2017,1,0,0,0,0,9032.0,5381.0,14413,0.6266564726829529,1200.0,76.5200424194336,67.9753189086914,,,,,33.0,17.0,153.0,2683.0,50.47771453857422,,,,,,,,,23133.87495803833,11086.492023468018,
25402,2018,1,0,0,0,0,10773.0,6213.0,16986,0.6342281699180603,1200.0,76.5200424194336,67.9753189086914,7.331086257085951,22.1,25.3,3.3,33.0,25.0,167.0,2601.0,51.374629974365234,,,,,,,,,21402.427512,10965.515301,
25402,2019,1,0,0,0,0,11136.0,6694.0,17830,0.6245653629302979,1200.0,76.5200424194336,,,,,,33.0,25.0,160.0,2739.0,49.092323303222656,,,,,,,,,32986.270083,15122.672461,
25402,2020,1,0,0,0,0,11474.0,7168.0,18642,0.6154919266700745,1200.0,76.5200424194336,,,,,,33.0,24.0,164.0,2776.0,50.09871292114258,,,,,,,,,23385.169877,10989.652857000001,
25402,2021,1,0,0,0,0,11511.0,7871.0,19382,0.5939015746116638,1200.0,76.5200424194336,,,,,,32.0,24.0,159.0,2750.0,49.92842102050781,,,,,,,,,29847.633065999995,13953.468968699997,
25402,2022,1,0,0,0,0,11536.0,8456.0,19992,0.5770308375358582,1200.0,76.5200424194336,,,,,,32.0,25.0,166.0,2855.0,51.524383544921875,,,,,,,,,31059.465820999998,15802.309215799998,
25402,2023,1,0,0,0,0,11558.0,9002.0,20560,0.562159538269043,1200.0,76.5200424194336,,,,,,,,,,,,,,,,,,,39428.063256,17812.7380968,
25426,1993,1,0,0,0,0,6141.0,1098.0,7239,0.8483216166496277,2108.0,138.13748168945312,95.64933776855469,48.796993255615234,,,,,,,,,,,,,,,,,430.42999267578125,384.6499938964844,
25426,1994,1,0,0,0,0,5994.0,1117.0,7111,0.8429194092750549,2108.0,138.13748168945312,95.64933776855469,,,,,,,,,,,,,,,,,,512.5499877929688,434.6000061035156,
25426,1995,1,0,0,0,0,5873.0,1143.0,7016,0.8370866775512695,2108.0,138.13748168945312,95.64933776855469,,,,,,,,,,,,,,,,,,696.1699829101562,680.6699829101562,
25426,1996,1,0,0,0,0,5785.0,1175.0,6960,0.8311781883239746,2108.0,138.13748168945312,95.64933776855469,,,,,26.0,,71.0,1270.0,,,,,,,,,,1297.9599609375,298.8999938964844,
25426,1997,1,0,0,0,0,5717.0,1211.0,6928,0.8252021074295044,2108.0,138.13748168945312,95.64933776855469,,,,,26.0,,78.0,1304.0,,,,,,,,,,1759.489990234375,341.75,
25426,1998,1,0,0,0,0,5663.0,1249.0,6912,0.8192997574806213,2108.0,138.13748168945312,95.64933776855469,,,,,27.0,,76.0,1355.0,,,,,,,,,,1522.530029296875,379.45001220703125,
25426,1999,1,0,0,0,0,5623.0,1286.0,6909,0.8138659596443176,2108.0,138.13748168945312,95.64933776855469,,,,,27.0,,68.0,1386.0,,,,,,,,,,3351.81005859375,292.55999755859375,
25426,2000,1,0,0,0,0,5596.0,1321.0,6917,0.8090212345123291,2108.0,138.13748168945312,95.64933776855469,,,,,27.0,,69.0,1603.0,50.52572250366211,,,,,,,,,3231.904,459.538,2006902.0
25426,2001,1,0,0,0,0,5576.0,1354.0,6930,0.8046175837516785,2108.0,138.13748168945312,95.64933776855469,,,,,28.0,,69.0,1474.0,47.71295928955078,,,,,,,,,2728.006,648.846,1320002.0
25426,2002,1,0,0,0,0,5552.0,1384.0,6936,0.8004613518714905,2108.0,138.13748168945312,95.64933776855469,,,,,29.0,,81.0,1637.0,48.42230224609375,,,,,,,,,2413.206,571.212,3143663.0
25426,2003,1,0,0,0,0,5519.0,1409.0,6928,0.7966223955154419,2108.0,138.13748168945312,95.64933776855469,,,,,27.0,,79.0,1594.0,49.12997055053711,,,,,,,,,3270.078,1106.684,2807894.0
25426,2004,1,0,0,0,0,5470.0,1429.0,6899,0.7928685545921326,2108.0,138.13748168945312,95.64933776855469,,,,,29.0,,85.0,1607.0,48.54439926147461,,,,,,,,,2978.155,1196.623,1484042.0
25426,2005,1,0,0,0,0,5403.0,1444.0,6847,0.789104700088501,2108.0,138.13748168945312,95.64933776855469,45.06670833807288,74.46128,52.46523,36.27624,29.0,13.0,77.0,1682.0,48.25666046142578,21.8,52.602739726027394,98.36065573770492,43.42105263157895,,19.068493150684933,,,3594.864000000001,907.796,3324381.0
25426,2006,1,0,0,0,0,5317.0,1452.0,6769,0.7854926586151123,2108.0,138.13748168945312,95.64933776855469,,,,,29.0,13.0,85.0,1674.0,50.89801025390625,21.8,,,,,,,,3905.378683,1048.121683,3533486.0
25426,2007,1,0,0,0,0,5250.0,1463.0,6713,0.78206467628479,2108.0,138.13748168945312,95.64933776855469,,,,,28.0,10.0,35.0,576.0,49.040157318115234,21.8,,,,,,,,5272.358,1052.729,4657944.0
25426,2008,1,0,0,0,0,5194.0,1474.0,6668,0.778944194316864,2108.0,138.13748168945312,95.64933776855469,,,,,28.0,43.0,92.0,1636.0,48.85652542114258,21.8,34.61,100.0,0.0,34.61,34.61,,,3816.141,1173.702,4128794.0
25426,2009,1,0,0,0,0,5141.0,1484.0,6625,0.7760000228881836,2108.0,138.13748168945312,95.64933776855469,,,,,29.0,21.0,90.0,1643.0,49.2058219909668,21.8,13.49,73.83,0.0,13.49,13.49,,,5004.851,1394.542,5318314.0
25426,2010,1,0,0,0,0,5082.0,1490.0,6572,0.7732805609703064,2108.0,138.13748168945312,95.64933776855469,,,,,30.0,21.0,94.0,1553.0,51.06766128540039,21.8,13.42,100.0,0.0,13.42,13.42,,,4703.625,1432.124,5067852.0
25426,2011,1,0,0,0,0,5025.0,1494.0,6519,0.7708237171173096,2108.0,138.13748168945312,95.64933776855469,,,,,30.0,21.0,85.0,1509.0,47.815120697021484,21.8,28.31,100.0,22.71,6.85,6.85,2636.0,,5193.698475,1529.591729,
25426,2012,1,0,0,0,0,4970.0,1496.0,6466,0.7686359286308289,2108.0,138.13748168945312,95.64933776855469,,,,,30.0,23.0,88.0,1444.0,50.252933502197266,21.467172514620735,28.38,100.0,22.8,6.84,6.84,2598.0,,6634.336,2051.041,
25426,2013,1,0,0,0,0,4916.0,1498.0,6414,0.7664483785629272,2108.0,138.13748168945312,95.64933776855469,,,,,30.0,24.0,86.0,1398.0,49.3546028137207,21.467172514620735,28.34,100.0,22.76,6.83,6.83,2699.0,,7497.592000000001,2480.966,
25426,2014,1,0,0,0,0,4866.0,1498.0,6364,0.7646134495735168,2108.0,138.13748168945312,95.64933776855469,,,,,30.0,22.0,82.0,1180.0,48.732913970947266,19.68578967659909,28.41,100.0,22.87,6.8,6.8,2795.0,,9120.844000000001,2848.7290000000003,
25426,2015,1,0,0,0,0,4818.0,1498.0,6316,0.7628245949745178,2108.0,138.13748168945312,95.64933776855469,,,,,29.0,15.0,65.0,1187.0,51.60954284667969,17.9586536,28.47,100.0,22.94,6.79,6.79,2940.0,,10925.7626953125,3040.44921875,
25426,2016,1,0,0,0,0,4775.0,1497.0,6272,0.761320173740387,2108.0,138.13748168945312,95.64933776855469,,,,,29.0,5.0,68.0,1098.0,49.51069641113281,,100.0,100.0,100.0,21.94,21.94,,171.0,9926.995103000001,2252.100504,
25426,2017,1,0,0,0,0,4731.0,1495.0,6226,0.7598779201507568,2108.0,138.13748168945312,95.64933776855469,,,,,28.0,7.0,64.0,1137.0,50.70749282836914,,,,,,,,,10950.977379285156,2875.870361328125,
25426,2018,1,0,0,0,0,4540.0,1584.0,6124,0.7413455247879028,2108.0,138.13748168945312,95.64933776855469,12.288276320159415,38.2,34.9,17.7,28.0,7.0,68.0,1011.0,49.861305236816406,,,,,,,,,11157.46911581,3207.21296799,
25426,2019,1,0,0,0,0,4494.0,1677.0,6171,0.7282450199127197,2108.0,138.13748168945312,,,,,,28.0,16.0,67.0,1059.0,51.511558532714844,,,,,,,,,13491.73504656,3861.4136384300004,
25426,2020,1,0,0,0,0,4503.0,1775.0,6278,0.7172666192054749,2108.0,138.13748168945312,,,,,,28.0,8.0,63.0,956.0,51.378326416015625,,,,,,,,,11885.53108614,3478.23476079,
25426,2021,1,0,0,0,0,4517.0,2010.0,6527,0.6920484304428101,2108.0,138.13748168945312,,,,,,27.0,9.0,61.0,991.0,52.079524993896484,,,,,,,,,14513.204571999999,3645.9009109999997,
25426,2022,1,0,0,0,0,4527.0,2206.0,6733,0.6723600029945374,2108.0,138.13748168945312,,,,,,27.0,14.0,59.0,1042.0,51.314151763916016,,,,,,,,,16596.143244000003,3065.33160455,
25426,2023,1,0,0,0,0,4535.0,2389.0,6924,0.6549682021141052,2108.0,138.13748168945312,,,,,,,,,,,,,,,,,,,19515.142684,3725.01080825,
25430,1993,1,0,0,0,0,6644.0,35940.0,42584,0.15602104365825653,2550.0,64.57103729248047,43.89511489868164,27.035947799682617,,,,,,,,,,,,,,,,,1705.56005859375,1705.56005859375,
25430,1994,1,0,0,0,0,6781.0,37352.0,44133,0.1536491960287094,2550.0,64.57103729248047,43.89511489868164,,,,,,,,,,,,,,,,,,2706.090087890625,2706.090087890625,
25430,1995,1,0,0,0,0,6920.0,38728.0,45648,0.15159481763839722,2550.0,64.57103729248047,43.89511489868164,,,,,,,,,,,,,,,,,,2526.419921875,2052.1298828125,
25430,1996,1,0,0,0,0,7084.0,40280.0,47364,0.14956507086753845,2550.0,64.57103729248047,43.89511489868164,,,,,39.0,,526.0,12441.0,,,,,,,,,,3164.659912109375,2086.6298828125,
25430,1997,1,0,0,0,0,7249.0,41851.0,49100,0.1476374715566635,2550.0,64.57103729248047,43.89511489868164,,,,,44.0,,555.0,13097.0,,,,,,,,,,0.0,0.0,
25430,1998,1,0,0,0,0,7415.0,43422.0,50837,0.14585833251476288,2550.0,64.57103729248047,43.89511489868164,,,,,48.0,,606.0,13491.0,,,,,,,,,,6186.35009765625,3488.139892578125,
25430,1999,1,0,0,0,0,7583.0,44971.0,52554,0.14428968727588654,2550.0,64.57103729248047,43.89511489868164,,,,,48.0,,610.0,13628.0,,,,,,,,,,8726.830078125,4244.419921875,
25430,2000,1,0,0,0,0,7756.0,46478.0,54234,0.14300991594791412,2550.0,64.57103729248047,43.89511489868164,,,,,48.0,,609.0,14596.0,50.53041076660156,,,,,,,,,10127.604,5059.297000000001,8086743.0
25430,2001,1,0,0,0,0,7938.0,47972.0,55910,0.1419781744480133,2550.0,64.57103729248047,43.89511489868164,,,,,49.0,,573.0,13890.0,50.80955505371094,,,,,,,,,10191.613,4667.139999999999,5419896.0
25430,2002,1,0,0,0,0,8111.0,49451.0,57562,0.14090892672538757,2550.0,64.57103729248047,43.89511489868164,,,,,49.0,,599.0,15073.0,50.354095458984375,,,,,,,,,14250.953,6442.369000000001,10109302.0
25430,2003,1,0,0,0,0,8274.0,50917.0,59191,0.1397847682237625,2550.0,64.57103729248047,43.89511489868164,,,,,34.0,,612.0,15584.0,50.536170959472656,,,,,,,,,12190.688,7705.101999999999,11032269.0
25430,2004,1,0,0,0,0,8427.0,52381.0,60808,0.1385837346315384,2550.0,64.57103729248047,43.89511489868164,,,,,54.0,,668.0,14677.0,50.82082748413086,,,,,,,,,12435.203,7459.289,8790543.0
25430,2005,1,0,0,0,0,8567.0,53869.0,62436,0.13721249997615814,2550.0,64.57103729248047,43.89511489868164,13.619562862977977,21.901960000000003,5.17158,0.62244,60.0,244.0,669.0,14712.0,49.660011291503906,13.16,94.2043721403152,99.45389890779781,73.12595614482407,,85.64311133706151,,,19457.848,10053.93049,15908837.0
25430,2006,1,0,0,0,0,8725.0,55301.0,64026,0.13627275824546814,2550.0,64.57103729248047,43.89511489868164,,,,,62.0,236.0,738.0,15412.0,50.2568244934082,13.02,,,,,,,6369.0,18371.312465,11639.170465,11851710.0
25430,2007,1,0,0,0,0,8871.0,56667.0,65538,0.1353565901517868,2550.0,64.57103729248047,43.89511489868164,,,,,56.0,245.0,719.0,15705.0,50.072208404541016,12.87,,,,,,,7686.0,23937.02,13155.091,22562676.0
25430,2008,1,0,0,0,0,9018.0,58024.0,67042,0.13451269268989563,2550.0,64.57103729248047,43.89511489868164,,,,,60.0,244.0,688.0,14338.0,50.13841247558594,12.73,98.41,99.22,87.36,97.31,94.03,,890.0,20511.095,13083.434,19791836.0
25430,2009,1,0,0,0,0,9167.0,59378.0,68545,0.1337369680404663,2550.0,64.57103729248047,43.89511489868164,,,,,63.0,214.0,744.0,15586.0,50.28532791137695,12.58,98.28,99.63,80.95,98.66,95.03,,9534.0,29528.566000000003,18807.941000000003,31626772.0
25430,2010,1,0,0,0,0,9317.0,60727.0,70044,0.13301639258861542,2550.0,64.57103729248047,43.89511489868164,,,,,71.0,214.0,753.0,15896.0,50.76776885986328,12.43,98.56,99.9,83.35,97.44,91.81,,10423.0,34250.113000000005,19387.904000000002,42312804.0
25430,2011,1,0,0,0,0,9471.0,62093.0,71564,0.1323430836200714,2550.0,64.57103729248047,43.89511489868164,,,,,69.0,240.0,737.0,16241.0,50.91588592529297,12.113459070541026,98.49,99.9,82.67,97.44,91.74,14155.0,11337.0,33204.620045,22292.328637,
25430,2012,1,0,0,0,0,9627.0,63459.0,73086,0.13172152638435364,2550.0,64.57103729248047,43.89511489868164,,,,,66.0,613.0,748.0,17378.0,50.414302825927734,11.274476801486735,75.04,83.26,36.9,75.31,69.75,15639.0,12959.0,33489.063953,21040.073770999996,
25430,2013,1,0,0,0,0,9783.0,64817.0,74600,0.13113941252231598,2550.0,64.57103729248047,43.89511489868164,,,,,66.0,272.0,764.0,17423.0,50.88021469116211,11.274476801486735,75.86,83.25,42.48,75.08,69.39,19426.0,14906.0,49476.543514,30210.418838,
25430,2014,1,0,0,0,0,9941.0,66171.0,76112,0.1306101530790329,2550.0,64.57103729248047,43.89511489868164,,,,,68.0,271.0,775.0,17764.0,51.56376266479492,10.783691944666971,78.09,83.65,39.93,78.37,73.81,21966.0,17080.0,52460.835752,35150.631041,
25430,2015,1,0,0,0,0,10100.0,67527.0,77627,0.13010936975479126,2550.0,64.57103729248047,43.89511489868164,,,,,70.0,240.0,870.0,18735.0,50.953895568847656,10.93700206,78.21,84.48,46.01,76.64,72.75,24212.0,19413.0,68449.1328125,45521.42578125,
25430,2016,1,0,0,0,0,10258.0,68862.0,79120,0.12965115904808044,2550.0,64.57103729248047,43.89511489868164,,,,,74.0,240.0,938.0,19297.0,51.88290023803711,,66.73,70.04,44.29,65.82,62.6,,23135.0,58169.12461400001,41054.068020000006,
25430,2017,1,0,0,0,0,10419.0,70203.0,80622,0.129232719540596,2550.0,64.57103729248047,43.89511489868164,,,,,75.0,246.0,962.0,19867.0,52.077110290527344,,,,,,,,,107661.2878112793,72571.17098999023,
25430,2018,1,0,0,0,0,9544.0,102710.0,112254,0.08502146601676941,2550.0,64.57103729248047,43.89511489868164,3.514717362354778,10.4,0.7,0.2,76.0,246.0,974.0,20127.0,51.956607818603516,,,,,,,,,96056.156379,64325.693563,
25430,2019,1,0,0,0,0,8106.0,111961.0,120067,0.06751230359077454,2550.0,64.57103729248047,,,,,,78.0,323.0,1049.0,21587.0,51.89585494995117,,,,,,,,,90640.98829999998,68390.33883399998,
25430,2020,1,0,0,0,0,6315.0,120823.0,127138,0.04967043548822403,2550.0,64.57103729248047,,,,,,80.0,328.0,1087.0,21947.0,52.63766098022461,,,,,,,,,91048.624208,60721.379482000004,
25430,2021,1,0,0,0,0,6334.0,125880.0,132214,0.047907181084156036,2550.0,64.57103729248047,,,,,,76.0,358.0,1033.0,21914.0,52.805938720703125,,,,,,,,,111066.93291199999,74208.4744024,
25430,2022,1,0,0,0,0,6348.0,130026.0,136374,0.04654846340417862,2550.0,64.57103729248047,,,,,,75.0,426.0,1172.0,24421.0,52.993011474609375,,,,,,,,,153246.444127,96793.647572,
25430,2023,1,0,0,0,0,6360.0,133889.0,140249,0.0453479178249836,2550.0,64.57103729248047,,,,,,,,,,,,,,,,,,,161205.227881,110852.2735121,
25438,1993,1,0,0,0,0,9435.0,2814.0,12249,0.7702669501304626,533.0,139.5517120361328,44.107398986816406,61.577720642089844,,,,,,,,,,,,,,,,,813.8400268554688,656.719970703125,
25438,1994,1,0,0,0,0,9107.0,2852.0,11959,0.7615185379981995,533.0,139.5517120361328,44.107398986816406,,,,,,,,,,,,,,,,,,599.0,598.8400268554688,
25438,1995,1,0,0,0,0,8766.0,2893.0,11659,0.7518655061721802,533.0,139.5517120361328,44.107398986816406,,,,,,,,,,,,,,,,,,741.1699829101562,725.9500122070312,
25438,1996,1,0,0,0,0,8437.0,2940.0,11377,0.7415838837623596,533.0,139.5517120361328,44.107398986816406,,,,,54.0,,128.0,2832.0,,,,,,,,,,1474.8299560546875,536.4000244140625,
25438,1997,1,0,0,0,0,8110.0,2989.0,11099,0.730696439743042,533.0,139.5517120361328,44.107398986816406,,,,,56.0,,134.0,2732.0,,,,,,,,,,1822.02001953125,663.1199951171875,
25438,1998,1,0,0,0,0,7795.0,3038.0,10833,0.7195606231689453,533.0,139.5517120361328,44.107398986816406,,,,,57.0,,142.0,2895.0,,,,,,,,,,2168.22998046875,642.2899780273438,
25438,1999,1,0,0,0,0,7498.0,3086.0,10584,0.7084277868270874,533.0,139.5517120361328,44.107398986816406,,,,,57.0,,140.0,2725.0,,,,,,,,,,2696.679931640625,713.2999877929688,
25438,2000,1,0,0,0,0,7230.0,3134.0,10364,0.6976071000099182,533.0,139.5517120361328,44.107398986816406,,,,,55.0,,129.0,2519.0,47.38539123535156,,,,,,,,,2566.539,945.752,2338670.0
25438,2001,1,0,0,0,0,6997.0,3183.0,10180,0.6873281002044678,533.0,139.5517120361328,44.107398986816406,,,,,52.0,,129.0,2464.0,48.171302795410156,,,,,,,,,3665.912,2842.262,2616966.0
25438,2002,1,0,0,0,0,6794.0,3236.0,10030,0.6773679256439209,533.0,139.5517120361328,44.107398986816406,,,,,52.0,,126.0,2475.0,49.23885726928711,,,,,,,,,4479.521000000001,1009.453,3902466.0
25438,2003,1,0,0,0,0,6627.0,3292.0,9919,0.6681116819381714,533.0,139.5517120361328,44.107398986816406,,,,,49.0,,127.0,2396.0,47.8638801574707,,,,,,,,,3204.384,1019.115,2055611.0
25438,2004,1,0,0,0,0,6502.0,3353.0,9855,0.6597666144371033,533.0,139.5517120361328,44.107398986816406,,,,,49.0,,102.0,2265.0,48.515567779541016,,,,,,,,,4318.589,1247.043,3293737.0
25438,2005,1,0,0,0,0,6426.0,3419.0,9845,0.652717113494873,533.0,139.5517120361328,44.107398986816406,42.760587179216394,74.4746,48.47694,26.10966,50.0,7.0,121.0,2266.0,47.20740509033203,21.79,56.37100405222873,99.27797833935018,30.719424460431654,,45.20486267447096,,,4320.257,1075.296,3581542.0
25438,2006,1,0,0,0,0,6395.0,3490.0,9885,0.6469398140907288,533.0,139.5517120361328,44.107398986816406,,,,,50.0,10.0,114.0,2136.0,47.080013275146484,21.31,,,,,,,,4849.759274,1438.358274,3604092.0
25438,2007,1,0,0,0,0,6356.0,3548.0,9904,0.6417608857154846,533.0,139.5517120361328,44.107398986816406,,,,,,1.0,61.0,854.0,48.774288177490234,20.82,,,,,,,676.0,5067.981,1167.708,3807824.0
25438,2008,1,0,0,0,0,6327.0,3605.0,9932,0.6370317935943604,533.0,139.5517120361328,44.107398986816406,,,,,50.0,10.0,107.0,2056.0,48.22246551513672,20.34,100.0,100.0,100.0,66.31,66.31,,59605.0,5143.975,1740.906,3543568.0
25438,2009,1,0,0,0,0,6301.0,3654.0,9955,0.6329482793807983,533.0,139.5517120361328,44.107398986816406,,,,,49.0,10.0,105.0,2139.0,48.825233459472656,19.85,100.0,100.0,100.0,66.18,66.18,,787.0,6288.851,2099.763,5880672.0
25438,2010,1,0,0,0,0,6276.0,3699.0,9975,0.6291729211807251,533.0,139.5517120361328,44.107398986816406,,,,,53.0,12.0,106.0,2056.0,48.18730545043945,19.37,100.0,100.0,100.0,66.11,66.11,,833.0,6832.890999999999,1345.186,7345245.0
25438,2011,1,0,0,0,0,6258.0,3740.0,9998,0.6259251832962036,533.0,139.5517120361328,44.107398986816406,,,,,53.0,13.0,108.0,2025.0,47.38510513305664,18.816104500175264,100.0,100.0,100.0,61.02,61.02,2207.0,872.0,6392.649888,1791.927422,
25438,2012,1,0,0,0,0,6245.0,3779.0,10024,0.6230047941207886,533.0,139.5517120361328,44.107398986816406,,,,,53.0,13.0,105.0,2009.0,47.009117126464844,18.816104500175264,100.0,100.0,100.0,61.05,61.05,2254.0,963.0,7149.491,1913.908,
25438,2013,1,0,0,0,0,6241.0,3817.0,10058,0.6205011010169983,533.0,139.5517120361328,44.107398986816406,,,,,50.0,12.0,112.0,1979.0,49.02266311645508,16.93449405015774,16.9,42.97,8.67,10.31,10.31,2309.0,1029.0,9768.787041999998,2195.229487,
25438,2014,1,0,0,0,0,6231.0,3848.0,10079,0.6182160973548889,533.0,139.5517120361328,44.107398986816406,,,,,50.0,15.0,97.0,1470.0,46.9820556640625,16.687067061875293,16.73,42.97,8.56,10.2,10.2,2546.0,1111.0,12672.015187,2218.480579,
25438,2015,1,0,0,0,0,6229.0,3879.0,10108,0.6162445545196533,533.0,139.5517120361328,44.107398986816406,,,,,46.0,17.0,103.0,1269.0,47.07775115966797,18.355773768062825,29.92,99.74,8.46,29.92,29.92,2558.0,1135.0,12374.3251953125,2355.99584960937,
25438,2016,1,0,0,0,0,6228.0,3906.0,10134,0.614564836025238,533.0,139.5517120361328,44.107398986816406,,,,,49.0,13.0,114.0,1329.0,47.46728515625,,23.53,100.0,0.0,23.53,23.53,,1161.0,9497.993332,2343.786847,
25438,2017,1,0,0,0,0,6229.0,3933.0,10162,0.6129698753356934,533.0,139.5517120361328,44.107398986816406,,,,,48.0,11.0,116.0,1270.0,47.51955032348633,,,,,,,,,7649.485786278487,2847.6323898925784,
25438,2018,1,0,0,0,0,3911.0,4103.0,8014,0.48802095651626587,533.0,139.5517120361328,44.107398986816406,20.635575732562938,38.5,35.8,7.8,48.0,12.0,109.0,1343.0,48.98871994018555,,,,,,,,,13923.94392,2515.550742,
25438,2019,1,0,0,0,0,3683.0,4381.0,8064,0.4567212164402008,533.0,139.5517120361328,,,,,,48.0,12.0,117.0,1282.0,49.378814697265625,,,,,,,,,12532.741841,2896.4544830000004,
25438,2020,1,0,0,0,0,3545.0,4666.0,8211,0.43173789978027344,533.0,139.5517120361328,,,,,,48.0,14.0,110.0,1229.0,49.380558013916016,,,,,,,,,11855.350740900001,3100.569568,
25438,2021,1,0,0,0,0,3556.0,4981.0,8537,0.4165397584438324,533.0,139.5517120361328,,,,,,45.0,13.0,108.0,1136.0,48.378726959228516,,,,,,,,,14744.544983,2780.2408525,
25438,2022,1,0,0,0,0,3564.0,5242.0,8806,0.4047240614891052,533.0,139.5517120361328,,,,,,45.0,12.0,111.0,1174.0,50.90591049194336,,,,,,,,,15875.973108,4017.7490802499997,
25438,2023,1,0,0,0,0,3570.0,5486.0,9056,0.39421379566192627,533.0,139.5517120361328,,,,,,,,,,,,,,,,,,,23394.15623,4567.738423,
25489,1993,1,0,0,0,0,3555.0,1225.0,4780,0.7437238693237305,1175.0,87.35862731933594,84.23226165771484,63.631072998046875,,,,,,,,,,,,,,,,,282.6499938964844,161.97999572753906,
25489,1994,1,0,0,0,0,3506.0,1291.0,4797,0.7308734655380249,1175.0,87.35862731933594,84.23226165771484,,,,,,,,,,,,,,,,,,212.16000366210938,133.25,
25489,1995,1,0,0,0,0,3455.0,1365.0,4820,0.7168049812316895,1175.0,87.35862731933594,84.23226165771484,,,,,,,,,,,,,,,,,,518.6799926757812,464.5299987792969,
25489,1996,1,0,0,0,0,3410.0,1448.0,4858,0.7019349336624146,1175.0,87.35862731933594,84.23226165771484,,,,,16.0,,52.0,860.0,,,,,,,,,,820.489990234375,159.3300018310547,
25489,1997,1,0,0,0,0,3366.0,1534.0,4900,0.6869387626647949,1175.0,87.35862731933594,84.23226165771484,,,,,17.0,,54.0,856.0,,,,,,,,,,999.5900268554688,179.55999755859375,
25489,1998,1,0,0,0,0,3327.0,1623.0,4950,0.6721212267875671,1175.0,87.35862731933594,84.23226165771484,,,,,17.0,,53.0,830.0,,,,,,,,,,882.7100219726562,214.32000732421875,
25489,1999,1,0,0,0,0,3296.0,1713.0,5009,0.6580155491828918,1175.0,87.35862731933594,84.23226165771484,,,,,17.0,,51.0,934.0,,,,,,,,,,0.0,0.0,
25489,2000,1,0,0,0,0,3273.0,1803.0,5076,0.6447990536689758,1175.0,87.35862731933594,84.23226165771484,,,,,17.0,,58.0,1057.0,48.14869689941406,,,,,,,,,2775.611,449.7139999999999,2408817.0
25489,2001,1,0,0,0,0,3263.0,1890.0,5153,0.6332233548164368,1175.0,87.35862731933594,84.23226165771484,,,,,16.0,,50.0,1073.0,49.8585319519043,,,,,,,,,1830.961,458.453,1513991.0
25489,2002,1,0,0,0,0,3261.0,1976.0,5237,0.6226847171783447,1175.0,87.35862731933594,84.23226165771484,,,,,13.0,,48.0,1036.0,50.83539581298828,,,,,,,,,2374.729,488.832,1914878.0
25489,2003,1,0,0,0,0,3268.0,2057.0,5325,0.6137089133262634,1175.0,87.35862731933594,84.23226165771484,,,,,13.0,,49.0,972.0,49.69459533691406,,,,,,,,,2279.03,560.8530000000001,1755035.0
25489,2004,1,0,0,0,0,3286.0,2135.0,5421,0.6061612367630005,1175.0,87.35862731933594,84.23226165771484,,,,,13.0,,34.0,567.0,47.7184944152832,,,,,,,,,2018.532,464.606,1712698.0
25489,2005,1,0,0,0,0,3316.0,2207.0,5523,0.6003983616828918,1175.0,87.35862731933594,84.23226165771484,28.99703923019985,69.17098,38.457010000000004,16.4311,13.0,,43.0,847.0,47.200748443603516,16.08,76.32958801498127,99.29411764705883,65.6043956043956,,47.565543071161045,,,3269.213,766.9929999999999,2122056.0
25489,2006,1,0,0,0,0,3357.0,2274.0,5631,0.5961641073226929,1175.0,87.35862731933594,84.23226165771484,,,,,13.0,,41.0,824.0,49.24225997924805,15.72,,,,,,,,2589.883776,911.619776,1718442.0
25489,2007,1,0,0,0,0,3399.0,2334.0,5733,0.592883288860321,1175.0,87.35862731933594,84.23226165771484,,,,,,6.0,35.0,775.0,46.22035598754883,15.36,,,,,,,,3373.87,1013.114,2479599.0
25489,2008,1,0,0,0,0,3444.0,2398.0,5842,0.5895241498947144,1175.0,87.35862731933594,84.23226165771484,,,,,13.0,6.0,39.0,830.0,47.57183074951172,15.0,18.4,100.0,0.0,18.4,18.4,,,3540.79,1180.205,3328632.0
25489,2009,1,0,0,0,0,3490.0,2455.0,5945,0.5870479345321655,1175.0,87.35862731933594,84.23226165771484,,,,,12.0,5.0,39.0,776.0,49.79726791381836,14.65,,,,,,,,5290.003,1418.8029999999999,4959156.0
25489,2010,1,0,0,0,0,3538.0,2525.0,6063,0.5835394859313965,1175.0,87.35862731933594,84.23226165771484,,,,,13.0,5.0,37.0,712.0,48.14687728881836,14.29,,,,,,,,5821.883,1399.3490000000002,5970052.0
25489,2011,1,0,0,0,0,3587.0,2590.0,6177,0.5807026028633118,1175.0,87.35862731933594,84.23226165771484,,,,,13.0,6.0,39.0,722.0,49.10771560668945,14.089175046698315,,,,,,933.0,,5430.578,1441.937,
25489,2012,1,0,0,0,0,3639.0,2660.0,6299,0.577710747718811,1175.0,87.35862731933594,84.23226165771484,,,,,13.0,4.0,32.0,642.0,47.50814437866211,13.987145232419415,93.4,100.0,91.86,29.22,15.66,853.0,,3896.814,1420.9989999999998,
25489,2013,1,0,0,0,0,3692.0,2735.0,6427,0.5744515061378479,1175.0,87.35862731933594,84.23226165771484,,,,,14.0,4.0,36.0,734.0,47.92766571044922,13.987145232419415,93.4,100.0,91.86,29.22,15.66,991.0,,5814.436495,1415.3870000000002,
25489,2014,1,0,0,0,0,3747.0,2799.0,6546,0.5724106431007385,1175.0,87.35862731933594,84.23226165771484,,,,,14.0,4.0,34.0,680.0,47.67082214355469,12.588430709177473,86.47,100.0,83.31,29.17,15.64,1196.0,254.0,7245.62,1824.04,
25489,2015,1,0,0,0,0,3804.0,2875.0,6679,0.5695463418960571,1175.0,87.35862731933594,84.23226165771484,,,,,12.0,4.0,35.0,555.0,47.52988052368164,12.56385417,51.79,89.61,43.18,20.56,20.56,1088.0,260.0,10401.45703125,1886.35595703125,
25489,2016,1,0,0,0,0,3862.0,2948.0,6810,0.5671072006225586,1175.0,87.35862731933594,84.23226165771484,,,,,14.0,2.0,41.0,588.0,46.32124328613281,,49.65,87.71,41.33,19.54,19.54,,286.0,9312.978,2046.9189999999999,
25489,2017,1,0,0,0,0,3922.0,3025.0,6947,0.5645602345466614,1175.0,87.35862731933594,84.23226165771484,,,,,14.0,5.0,37.0,547.0,44.10670471191406,,,,,,,,,9648.110694885254,3674.358985900879,
25489,2018,1,0,0,0,0,2904.0,685.0,3589,0.8091390132904053,1175.0,87.35862731933594,84.23226165771484,12.847335730630926,30.2,33.4,6.3,14.0,6.0,36.0,588.0,44.707244873046875,,,,,,,,,7369.845446,2203.507939,
25489,2019,1,0,0,0,0,2922.0,743.0,3665,0.7972714900970459,1175.0,87.35862731933594,,,,,,14.0,5.0,37.0,545.0,45.10529708862305,,,,,,,,,9360.341156999999,5157.837458,
25489,2020,1,0,0,0,0,2965.0,798.0,3763,0.7879351377487183,1175.0,87.35862731933594,,,,,,14.0,5.0,36.0,487.0,45.20163345336914,,,,,,,,,8091.27224833,2134.13581928,
25489,2021,1,0,0,0,0,2975.0,937.0,3912,0.7604805827140808,1175.0,87.35862731933594,,,,,,12.0,5.0,36.0,495.0,46.94808578491211,,,,,,,,,10442.851301,2602.8355404999998,
25489,2022,1,0,0,0,0,2981.0,1055.0,4036,0.7386025786399841,1175.0,87.35862731933594,,,,,,12.0,5.0,36.0,467.0,44.88743209838867,,,,,,,,,10563.181323,2887.758746,
25489,2023,1,0,0,0,0,2987.0,1163.0,4150,0.7197590470314026,1175.0,87.35862731933594,,,,,,,,,,,,,,,,,,,12779.940717,3406.612535,
25491,1993,1,0,0,0,0,7955.0,1753.0,9708,0.8194272518157959,1100.0,82.35363006591797,77.82292938232422,59.40970993041992,,,,,,,,,,,,,,,,,206.2100067138672,179.58999633789062,
25491,1994,1,0,0,0,0,7905.0,1751.0,9656,0.8186619877815247,1100.0,82.35363006591797,77.82292938232422,,,,,,,,,,,,,,,,,,259.5,150.5,
25491,1995,1,0,0,0,0,7783.0,1756.0,9539,0.8159136176109314,1100.0,82.35363006591797,77.82292938232422,,,,,,,,,,,,,,,,,,524.0700073242188,402.55999755859375,
25491,1996,1,0,0,0,0,7616.0,1768.0,9384,0.8115941882133484,1100.0,82.35363006591797,77.82292938232422,,,,,21.0,,67.0,1233.0,,,,,,,,,,950.2899780273438,324.1000061035156,
25491,1997,1,0,0,0,0,7408.0,1785.0,9193,0.8058305382728577,1100.0,82.35363006591797,77.82292938232422,,,,,21.0,,72.0,1223.0,,,,,,,,,,1464.030029296875,289.6199951171875,
25491,1998,1,0,0,0,0,7173.0,1802.0,8975,0.799220085144043,1100.0,82.35363006591797,77.82292938232422,,,,,21.0,,72.0,1303.0,,,,,,,,,,1649.0799560546875,479.29998779296875,
25491,1999,1,0,0,0,0,6926.0,1819.0,8745,0.7919954061508179,1100.0,82.35363006591797,77.82292938232422,,,,,21.0,,73.0,1434.0,,,,,,,,,,2545.219970703125,488.25,
25491,2000,1,0,0,0,0,6683.0,1833.0,8516,0.7847580909729004,1100.0,82.35363006591797,77.82292938232422,,,,,21.0,,75.0,1648.0,51.67380905151367,,,,,,,,,3048.747,423.59,2655489.0
25491,2001,1,0,0,0,0,6457.0,1844.0,8301,0.7778580784797668,1100.0,82.35363006591797,77.82292938232422,,,,,18.0,,72.0,1588.0,51.89774703979492,,,,,,,,,3161.488,655.6890000000001,2089610.0
25491,2002,1,0,0,0,0,6253.0,1852.0,8105,0.7714990973472595,1100.0,82.35363006591797,77.82292938232422,,,,,18.0,,73.0,1639.0,52.65656280517578,,,,,,,,,2512.435,772.492,2762390.0
25491,2003,1,0,0,0,0,6082.0,1855.0,7937,0.7662844657897949,1100.0,82.35363006591797,77.82292938232422,,,,,15.0,,73.0,1653.0,51.74603271484375,,,,,,,,,3141.331,851.76,2369299.0
25491,2004,1,0,0,0,0,5956.0,1852.0,7808,0.7628073692321777,1100.0,82.35363006591797,77.82292938232422,,,,,18.0,,68.0,1531.0,51.6887321472168,,,,,,,,,3181.716,865.615,1396640.0
25491,2005,1,0,0,0,0,5892.0,1842.0,7734,0.7618308663368225,1100.0,82.35363006591797,77.82292938232422,35.26955201214882,53.41686,47.63682,25.80846,18.0,,69.0,1476.0,50.64178466796875,14.04,54.84084880636605,92.41516966067864,36.146971201588876,,32.02917771883289,,,3494.133,954.2829999999999,2425079.0
25491,2006,1,0,0,0,0,5887.0,1825.0,7712,0.7633557915687561,1100.0,82.35363006591797,77.82292938232422,,,,,18.0,,60.0,1455.0,50.681331634521484,13.89,,,,,,,,3885.558547,1215.093547,2223729.0
25491,2007,1,0,0,0,0,5928.0,1812.0,7740,0.7658914923667908,1100.0,82.35363006591797,77.82292938232422,,,,,,22.0,62.0,1376.0,49.497493743896484,13.73,,,,,,,,5362.8191,1123.69748,2857645.0
25491,2008,1,0,0,0,0,5959.0,1803.0,7762,0.7677145004272461,1100.0,82.35363006591797,77.82292938232422,,,,,18.0,20.0,64.0,1367.0,50.22459411621094,13.58,52.78,89.62,36.8,34.18,27.23,,,4252.414830000001,1471.2047,8175244.0
25491,2009,1,0,0,0,0,5992.0,1798.0,7790,0.7691912651062012,1100.0,82.35363006591797,77.82292938232422,,,,,18.0,21.0,66.0,1312.0,49.661346435546875,13.42,55.02,98.13,36.96,34.38,32.35,,,7807.3859999999995,1709.758,8258501.0
25491,2010,1,0,0,0,0,6026.0,1798.0,7824,0.7701942920684814,1100.0,82.35363006591797,77.82292938232422,,,,,18.0,21.0,65.0,1268.0,51.62627410888672,13.26,61.84,98.25,47.17,35.25,34.02,,,4132.910809999999,1384.74609,6487364.0
25491,2011,1,0,0,0,0,6055.0,1801.0,7856,0.770748496055603,1100.0,82.35363006591797,77.82292938232422,,,,,18.0,21.0,60.0,1302.0,52.31737518310547,13.26,63.08,98.15,48.83,35.85,34.96,1670.0,,6435.251,1562.486,
25491,2012,1,0,0,0,0,6079.0,1809.0,7888,0.7706642746925354,1100.0,82.35363006591797,77.82292938232422,,,,,18.0,21.0,59.0,1211.0,50.44440460205078,13.119766847638521,64.89,99.18,50.68,35.35,34.39,1981.0,,6597.304,1730.855,
25491,2013,1,0,0,0,0,6117.0,1821.0,7938,0.7705971002578735,1100.0,82.35363006591797,77.82292938232422,,,,,18.0,22.0,61.0,1189.0,50.84332275390625,13.119766847638521,64.34,98.85,49.88,35.37,34.3,1838.0,,8494.389000000001,2276.952,
25491,2014,1,0,0,0,0,6130.0,1837.0,7967,0.7694239020347595,1100.0,82.35363006591797,77.82292938232422,,,,,18.0,21.0,62.0,1077.0,50.99384307861328,13.982236906910956,64.18,99.04,49.68,35.31,34.24,2136.0,487.0,7858.081,2269.857,
25491,2015,1,0,0,0,0,6146.0,1858.0,8004,0.7678660750389099,1100.0,82.35363006591797,77.82292938232422,,,,,19.0,22.0,63.0,933.0,51.936187744140625,13.982236906910956,64.44,98.85,49.8,35.78,34.7,2140.0,521.0,8904.712890625,2902.34106445312,
25491,2016,1,0,0,0,0,6173.0,1882.0,8055,0.7663562893867493,1100.0,82.35363006591797,77.82292938232422,,,,,19.0,9.0,67.0,877.0,50.312278747558594,,18.78,100.0,7.9,17.48,13.05,,539.0,8225.886,2230.9,
25491,2017,1,0,0,0,0,6200.0,1911.0,8111,0.7643940448760986,1100.0,82.35363006591797,77.82292938232422,,,,,20.0,19.0,70.0,945.0,50.867305755615234,,,,,,,,,12535.888061523438,2460.9591064453125,
25491,2018,1,0,0,0,0,4174.0,1918.0,6092,0.6851608753204346,1100.0,82.35363006591797,77.82292938232422,10.666153253754333,26.2,38.2,6.9,20.0,15.0,65.0,981.0,48.86775588989258,,,,,,,,,8679.868882539999,2658.6843414200002,
25491,2019,1,0,0,0,0,4313.0,2004.0,6317,0.6827607750892639,1100.0,82.35363006591797,,,,,,20.0,18.0,74.0,909.0,50.544857025146484,,,,,,,,,11805.839657579998,2747.67017659,
25491,2020,1,0,0,0,0,4459.0,2103.0,6562,0.679518461227417,1100.0,82.35363006591797,,,,,,20.0,18.0,58.0,911.0,49.32112503051758,,,,,,,,,9197.478537079998,2945.53700863,
25491,2021,1,0,0,0,0,4473.0,2350.0,6823,0.6555767059326172,1100.0,82.35363006591797,,,,,,20.0,18.0,59.0,976.0,47.76742935180664,,,,,,,,,15145.903493,3215.4632518,
25491,2022,1,0,0,0,0,4483.0,2554.0,7037,0.6370612382888794,1100.0,82.35363006591797,,,,,,20.0,18.0,58.0,1014.0,51.26891326904297,,,,,,,,,10562.095384,3647.6034553,
25491,2023,1,0,0,0,0,4492.0,2745.0,7237,0.6206991672515869,1100.0,82.35363006591797,,,,,,,,,,,,,,,,,,,16989.657486,4309.9181768,
25506,1993,1,0,0,0,0,3943.0,966.0,4909,0.8032186031341553,1630.0,41.402854919433594,47.46970748901367,43.2938232421875,,,,,,,,,,,,,,,,,347.0899963378906,181.7100067138672,
25506,1994,1,0,0,0,0,3856.0,959.0,4815,0.8008307218551636,1630.0,41.402854919433594,47.46970748901367,,,,,,,,,,,,,,,,,,265.94000244140625,265.94000244140625,
25506,1995,1,0,0,0,0,3754.0,953.0,4707,0.7975355982780457,1630.0,41.402854919433594,47.46970748901367,,,,,,,,,,,,,,,,,,240.7899932861328,240.7899932861328,
25506,1996,1,0,0,0,0,3647.0,950.0,4597,0.7933434844017029,1630.0,41.402854919433594,47.46970748901367,,,,,16.0,,57.0,1142.0,,,,,,,,,,485.9100036621094,160.7899932861328,
25506,1997,1,0,0,0,0,3535.0,948.0,4483,0.7885344624519348,1630.0,41.402854919433594,47.46970748901367,,,,,16.0,,63.0,1145.0,,,,,,,,,,900.25,172.4199981689453,
25506,1998,1,0,0,0,0,3423.0,945.0,4368,0.7836538553237915,1630.0,41.402854919433594,47.46970748901367,,,,,16.0,,57.0,1111.0,,,,,,,,,,1001.5800170898438,215.1199951171875,
25506,1999,1,0,0,0,0,3314.0,943.0,4257,0.7784824967384338,1630.0,41.402854919433594,47.46970748901367,,,,,16.0,,58.0,1152.0,,,,,,,,,,1044.8399658203125,287.25,
25506,2000,1,0,0,0,0,3216.0,943.0,4159,0.7732627987861633,1630.0,41.402854919433594,47.46970748901367,,,,,15.0,,53.0,1177.0,49.63847351074219,,,,,,,,,1607.29,230.223,1365958.0
25506,2001,1,0,0,0,0,3132.0,942.0,4074,0.76877760887146,1630.0,41.402854919433594,47.46970748901367,,,,,17.0,,55.0,1174.0,49.15520477294922,,,,,,,,,1459.934,354.679,928328.0
25506,2002,1,0,0,0,0,3061.0,944.0,4005,0.7642946243286133,1630.0,41.402854919433594,47.46970748901367,,,,,18.0,,53.0,1243.0,47.53797912597656,,,,,,,,,2338.304,437.736,2562084.0
25506,2003,1,0,0,0,0,3009.0,947.0,3956,0.7606167793273926,1630.0,41.402854919433594,47.46970748901367,,,,,16.0,,52.0,1143.0,51.81612014770508,,,,,,,,,2905.927,398.781,2586731.0
25506,2004,1,0,0,0,0,2977.0,953.0,3930,0.7575063705444336,1630.0,41.402854919433594,47.46970748901367,,,,,18.0,,40.0,1095.0,50.0610237121582,,,,,,,,,1668.14047,504.9439,773286.9375
25506,2005,1,0,0,0,0,2972.0,962.0,3934,0.7554651498794556,1630.0,41.402854919433594,47.46970748901367,25.04653017814411,59.399100000000004,45.13351,21.44703,18.0,,49.0,1008.0,48.9594612121582,17.21,57.25879170423806,98.21428571428571,43.42581423401688,,30.928764652840396,,,1974.35,588.032,1802903.0
25506,2006,1,0,0,0,0,2991.0,973.0,3964,0.7545408606529236,1630.0,41.402854919433594,47.46970748901367,,,,,18.0,,51.0,1092.0,51.12429428100586,16.83,,,,,,,,2189.318876,774.839876,1651246.0
25506,2007,1,0,0,0,0,3001.0,984.0,3985,0.753074049949646,1630.0,41.402854919433594,47.46970748901367,,,,,,4.0,17.0,395.0,49.30337142944336,16.44,,,,,,,,3150.855000000001,1047.539,2643998.0
25506,2008,1,0,0,0,0,2996.0,996.0,3992,0.7505009770393372,1630.0,41.402854919433594,47.46970748901367,,,,,19.0,4.0,49.0,1079.0,48.968143463134766,16.06,,,,,,,,2789.579,758.828,2787321.0
25506,2009,1,0,0,0,0,2986.0,1009.0,3995,0.7474343180656433,1630.0,41.402854919433594,47.46970748901367,,,,,19.0,5.0,49.0,1099.0,47.98221969604492,15.68,,,,,,,,3697.834,839.138,3209890.0
25506,2010,1,0,0,0,0,2987.0,1022.0,4009,0.7450735569000244,1630.0,41.402854919433594,47.46970748901367,,,,,19.0,4.0,51.0,1083.0,50.03953170776367,15.3,,,,,,,,3268.563,789.086,3943423.0
25506,2011,1,0,0,0,0,2987.0,1035.0,4022,0.7426653504371643,1630.0,41.402854919433594,47.46970748901367,,,,,19.0,4.0,46.0,1065.0,47.776100158691406,15.3,34.49,100.0,22.43,19.12,15.65,1410.0,,3409.742953,848.190364,
25506,2012,1,0,0,0,0,2981.0,1049.0,4030,0.7397022247314453,1630.0,41.402854919433594,47.46970748901367,,,,,19.0,6.0,48.0,1042.0,47.17054748535156,15.240062335030622,34.49,100.0,22.43,19.12,15.65,1434.0,,4253.007,898.9200000000001,
25506,2013,1,0,0,0,0,2976.0,1063.0,4039,0.7368160486221313,1630.0,41.402854919433594,47.46970748901367,,,,,19.0,6.0,54.0,993.0,46.60950469970703,15.240062335030622,34.18,100.0,22.17,18.97,15.52,1521.0,,5158.879,1081.635,
25506,2014,1,0,0,0,0,2976.0,1078.0,4054,0.7340897917747498,1630.0,41.402854919433594,47.46970748901367,,,,,19.0,6.0,43.0,666.0,46.130043029785156,13.71605610152756,16.95,0.0,16.95,14.36,10.94,1537.0,415.0,6179.801326,1184.469,
25506,2015,1,0,0,0,0,2967.0,1093.0,4060,0.7307881712913513,1630.0,41.402854919433594,47.46970748901367,,,,,19.0,6.0,45.0,684.0,48.316593170166016,12.55587366,16.75,0.0,16.75,14.21,10.8,1544.0,437.0,8334.1220703125,1263.19604492187,
25506,2016,1,0,0,0,0,2961.0,1109.0,4070,0.7275184392929077,1630.0,41.402854919433594,47.46970748901367,,,,,19.0,7.0,51.0,686.0,48.72335433959961,,12.21,51.4,6.44,10.23,7.36,,443.0,5923.6810000000005,1518.055,
25506,2017,1,0,0,0,0,2962.0,1125.0,4087,0.7247369885444641,1630.0,41.402854919433594,47.46970748901367,,,,,19.0,6.0,49.0,702.0,47.37138366699219,,,,,,,,,8432.371509552002,1440.354663848877,
25506,2018,1,0,0,0,0,3016.0,1202.0,4218,0.71503084897995,1630.0,41.402854919433594,47.46970748901367,13.102776424744278,38.1,38.9,8.1,19.0,6.0,56.0,622.0,48.2341423034668,,,,,,,,,6695.59780928,1610.19747983,
25506,2019,1,0,0,0,0,3070.0,1250.0,4320,0.7106481194496155,1630.0,41.402854919433594,,,,,,19.0,6.0,51.0,632.0,48.42247009277344,,,,,,,,,8367.948124,1833.201447,
25506,2020,1,0,0,0,0,3143.0,1306.0,4449,0.706450879573822,1630.0,41.402854919433594,,,,,,19.0,5.0,52.0,584.0,49.55710983276367,,,,,,,,,3595.911752,1850.65629,
25506,2021,1,0,0,0,0,3153.0,1473.0,4626,0.6815823316574097,1630.0,41.402854919433594,,,,,,19.0,5.0,53.0,642.0,49.28220748901367,,,,,,,,,4683.37042,1656.910638,
25506,2022,1,0,0,0,0,3160.0,1611.0,4771,0.6623349189758301,1630.0,41.402854919433594,,,,,,19.0,6.0,55.0,587.0,49.71968078613281,,,,,,,,,9788.487392,1938.931255,
25506,2023,1,0,0,0,0,3166.0,1741.0,4907,0.6452007293701172,1630.0,41.402854919433594,,,,,,,,,,,,,,,,,,,11258.7286,2286.365482,
25530,1993,1,0,0,0,0,5209.0,1602.0,6811,0.764792263507843,250.0,165.80471801757812,64.27107238769531,59.14470672607422,,,,,,,,,,,,,,,,,581.0900268554688,409.0299987792969,
25530,1994,1,0,0,0,0,5249.0,1644.0,6893,0.7614971995353699,250.0,165.80471801757812,64.27107238769531,,,,,,,,,,,,,,,,,,571.3800048828125,401.8699951171875,
25530,1995,1,0,0,0,0,5270.0,1686.0,6956,0.757619321346283,250.0,165.80471801757812,64.27107238769531,,,,,,,,,,,,,,,,,,675.97998046875,564.1699829101562,
25530,1996,1,0,0,0,0,5287.0,1731.0,7018,0.7533485293388367,250.0,165.80471801757812,64.27107238769531,,,,,43.0,,87.0,1796.0,,,,,,,,,,1177.760009765625,491.0899963378906,
25530,1997,1,0,0,0,0,5293.0,1776.0,7069,0.7487621903419495,250.0,165.80471801757812,64.27107238769531,,,,,44.0,,92.0,1844.0,,,,,,,,,,2406.81005859375,964.5700073242188,
25530,1998,1,0,0,0,0,5295.0,1818.0,7113,0.7444116473197937,250.0,165.80471801757812,64.27107238769531,,,,,44.0,,85.0,1881.0,,,,,,,,,,1767.3499755859375,640.030029296875,
25530,1999,1,0,0,0,0,5295.0,1859.0,7154,0.7401453852653503,250.0,165.80471801757812,64.27107238769531,,,,,44.0,,90.0,1870.0,,,,,,,,,,0.0,0.0,
25530,2000,1,0,0,0,0,5300.0,1897.0,7197,0.7364179491996765,250.0,165.80471801757812,64.27107238769531,,,,,42.0,,85.0,1889.0,47.9600715637207,,,,,,,,,2389.066,1424.086,2012172.0
25530,2001,1,0,0,0,0,5313.0,1934.0,7247,0.733130931854248,250.0,165.80471801757812,64.27107238769531,,,,,41.0,,89.0,1787.0,48.82516860961914,,,,,,,,,0.0,0.0,
25530,2002,1,0,0,0,0,5325.0,1969.0,7294,0.73005211353302,250.0,165.80471801757812,64.27107238769531,,,,,38.0,,89.0,1859.0,49.35419464111328,,,,,,,,,2975.245,800.969,1170174.0
25530,2003,1,0,0,0,0,5334.0,2004.0,7338,0.7269010543823242,250.0,165.80471801757812,64.27107238769531,,,,,22.0,,88.0,1860.0,48.416656494140625,,,,,,,,,2547.027,1001.628,2292117.0
25530,2004,1,0,0,0,0,5341.0,2038.0,7379,0.7238107919692993,250.0,165.80471801757812,64.27107238769531,,,,,37.0,,82.0,1777.0,48.412147521972656,,,,,,,,,3508.456,1204.754,2360669.0
25530,2005,1,0,0,0,0,5343.0,2073.0,7416,0.7204692363739014,250.0,165.80471801757812,64.27107238769531,38.881935753024614,68.0712,46.65238,23.51366,34.0,,77.0,1711.0,48.31650161743164,18.34,54.79204339963834,98.21428571428571,38.72832369942196,,46.835443037974684,,,3859.383,1321.012,2490667.0
25530,2006,1,0,0,0,0,5342.0,2108.0,7450,0.7170469760894775,250.0,165.80471801757812,64.27107238769531,,,,,34.0,,80.0,1719.0,50.853946685791016,18.14,,,,,,,402.0,3839.39882,1688.75082,1911955.0
25530,2007,1,0,0,0,0,5342.0,2140.0,7482,0.7139801979064941,250.0,165.80471801757812,64.27107238769531,,,,,,4.0,48.0,961.0,48.816707611083984,17.93,,,,,,,428.0,4774.66,1657.52,2352354.0
25530,2008,1,0,0,0,0,5341.0,2174.0,7515,0.7107118964195251,250.0,165.80471801757812,64.27107238769531,,,,,33.0,15.0,76.0,1805.0,49.63017654418945,17.73,14.18,30.37,2.68,24.03,13.12,,116.0,4471.043,1803.072,3423657.0
25530,2009,1,0,0,0,0,5341.0,2206.0,7547,0.707698404788971,250.0,165.80471801757812,64.27107238769531,,,,,33.0,14.0,84.0,1824.0,47.24415969848633,17.52,14.18,30.37,2.68,24.03,13.12,,461.0,7000.77,2779.67,6120529.0
25530,2010,1,0,0,0,0,5341.0,2237.0,7578,0.7048034071922302,250.0,165.80471801757812,64.27107238769531,,,,,38.0,16.0,84.0,1868.0,48.97397994995117,17.32,40.23,100.0,17.08,40.13,27.91,,500.0,6775.889,2327.09,5768161.0
25530,2011,1,0,0,0,0,5340.0,2269.0,7609,0.701800525188446,250.0,165.80471801757812,64.27107238769531,,,,,37.0,14.0,84.0,1888.0,46.01593780517578,16.209667376697702,38.9,79.36,20.31,38.75,68.01,1755.0,768.0,5312.025,2375.713,
25530,2012,1,0,0,0,0,5340.0,2299.0,7639,0.699044406414032,250.0,165.80471801757812,64.27107238769531,,,,,37.0,13.0,83.0,1931.0,48.23678970336914,16.12939845192692,38.47,58.63,26.4,38.3,58.02,2016.0,813.0,8813.631000000001,2498.933,
25530,2013,1,0,0,0,0,5340.0,2329.0,7669,0.6963098049163818,250.0,165.80471801757812,64.27107238769531,,,,,33.0,17.0,89.0,2007.0,46.43357849121094,15.853607058606755,38.67,58.92,26.4,38.5,58.13,2358.0,868.0,10572.149000000001,3199.9089999999997,
25530,2014,1,0,0,0,0,5339.0,2359.0,7698,0.6935567855834961,250.0,165.80471801757812,64.27107238769531,,,,,33.0,18.0,84.0,1335.0,47.820438385009766,15.09483375297979,37.77,57.18,26.4,37.6,57.48,2245.0,971.0,10283.278999999999,4840.525,
25530,2015,1,0,0,0,0,5339.0,2387.0,7726,0.6910432577133179,250.0,165.80471801757812,64.27107238769531,,,,,32.0,15.0,92.0,1309.0,48.77360916137695,14.76023152,37.8,57.11,26.48,37.62,57.43,2360.0,1057.0,14994.7099609375,5582.73291015625,
25530,2016,1,0,0,0,0,5339.0,2415.0,7754,0.6885478496551514,250.0,165.80471801757812,64.27107238769531,,,,,35.0,7.0,104.0,1482.0,49.01618576049805,,37.97,57.04,26.7,37.79,21.19,,1169.0,11792.729,6440.137,
25530,2017,1,0,0,0,0,5339.0,2443.0,7782,0.686070442199707,250.0,165.80471801757812,64.27107238769531,,,,,35.0,17.0,113.0,1382.0,46.8873176574707,,,,,,,,,12898.682149887085,6333.619649887085,
25530,2018,1,0,0,0,0,4873.0,3455.0,8328,0.5851345062255859,250.0,165.80471801757812,64.27107238769531,15.398075240594926,37.4,24.4,6.4,35.0,16.0,106.0,1361.0,47.4005012512207,,,,,,,,,12216.052285490001,6484.830562930001,
25530,2019,1,0,0,0,0,5040.0,3746.0,8786,0.5736398696899414,250.0,165.80471801757812,,,,,,36.0,21.0,107.0,1424.0,47.862422943115234,,,,,,,,,14278.888574999999,6304.9637600999995,
25530,2020,1,0,0,0,0,5190.0,4028.0,9218,0.563028872013092,250.0,165.80471801757812,,,,,,36.0,15.0,108.0,1397.0,47.320343017578125,,,,,,,,,13597.333679979998,7088.111655299999,
25530,2021,1,0,0,0,0,5207.0,4377.0,9584,0.5433013439178467,250.0,165.80471801757812,,,,,,32.0,20.0,112.0,1450.0,48.52081298828125,,,,,,,,,20316.149931999997,8048.013496999999,
25530,2022,1,0,0,0,0,5218.0,4668.0,9886,0.5278171300888062,250.0,165.80471801757812,,,,,,32.0,23.0,113.0,1394.0,48.454307556152344,,,,,,,,,19608.267699,8514.907725000001,
25530,2023,1,0,0,0,0,5228.0,4939.0,10167,0.5142126679420471,250.0,165.80471801757812,,,,,,,,,,,,,,,,,,,19317.208389,10140.540108,
25658,1993,1,0,0,0,0,4493.0,2158.0,6651,0.6755375266075134,1505.0,77.29422760009766,63.00758361816406,31.6236572265625,,,,,,,,,,,,,,,,,845.7100219726562,303.8999938964844,
25658,1994,1,0,0,0,0,4539.0,2212.0,6751,0.6723448634147644,1505.0,77.29422760009766,63.00758361816406,,,,,,,,,,,,,,,,,,294.19000244140625,253.33999633789062,
25658,1995,1,0,0,0,0,4598.0,2280.0,6878,0.6685082912445068,1505.0,77.29422760009766,63.00758361816406,,,,,,,,,,,,,,,,,,469.67999267578125,458.3399963378906,
25658,1996,1,0,0,0,0,4672.0,2359.0,7031,0.6644858717918396,1505.0,77.29422760009766,63.00758361816406,,,,,17.0,,62.0,1948.0,,,,,,,,,,727.2000122070312,287.04998779296875,
25658,1997,1,0,0,0,0,4754.0,2440.0,7194,0.6608284711837769,1505.0,77.29422760009766,63.00758361816406,,,,,17.0,,63.0,1538.0,,,,,,,,,,1451.489990234375,382.8599853515625,
25658,1998,1,0,0,0,0,4841.0,2519.0,7360,0.6577445864677429,1505.0,77.29422760009766,63.00758361816406,,,,,17.0,,62.0,1715.0,,,,,,,,,,1424.4100341796875,873.3800048828125,
25658,1999,1,0,0,0,0,4930.0,2592.0,7522,0.6554107666015625,1505.0,77.29422760009766,63.00758361816406,,,,,17.0,,63.0,1745.0,,,,,,,,,,1716.699951171875,763.3699951171875,
25658,2000,1,0,0,0,0,5020.0,2654.0,7674,0.6541568636894226,1505.0,77.29422760009766,63.00758361816406,,,,,17.0,,62.0,1822.0,49.40729522705078,,,,,,,,,1628.003,499.265,1695971.0
25658,2001,1,0,0,0,0,5110.0,2705.0,7815,0.6538707613945007,1505.0,77.29422760009766,63.00758361816406,,,,,17.0,,62.0,1871.0,49.14834213256836,,,,,,,,,1947.843,645.025,1424101.0
25658,2002,1,0,0,0,0,5197.0,2752.0,7949,0.6537929177284241,1505.0,77.29422760009766,63.00758361816406,,,,,17.0,,63.0,1861.0,49.434024810791016,,,,,,,,,2413.345,801.1869999999999,1887842.0
25658,2003,1,0,0,0,0,5276.0,2799.0,8075,0.6533746123313904,1505.0,77.29422760009766,63.00758361816406,,,,,14.0,,69.0,1971.0,49.92683792114258,,,,,,,,,2725.345,934.829,2092760.0
25658,2004,1,0,0,0,0,5351.0,2843.0,8194,0.6530387997627258,1505.0,77.29422760009766,63.00758361816406,,,,,17.0,,69.0,2028.0,50.29923629760742,,,,,,,,,2925.16889,1070.74996,1683655.0
25658,2005,1,0,0,0,0,5418.0,2886.0,8304,0.6524566411972046,1505.0,77.29422760009766,63.00758361816406,22.630082808058336,59.21394,44.28,4.92,17.0,,68.0,2016.0,,20.43,63.39838172298905,97.82608695652173,46.56272147413183,,32.36554021894336,,,3237.395,1069.03,2649196.0
25658,2006,1,0,0,0,0,5478.0,2928.0,8406,0.6516773700714111,1505.0,77.29422760009766,63.00758361816406,,,,,18.0,,77.0,1898.0,49.32262420654297,20.21,,,,,,,,6262.063872,1372.947872,2842678.0
25658,2007,1,0,0,0,0,5548.0,2974.0,8522,0.651020884513855,1505.0,77.29422760009766,63.00758361816406,,,,,18.0,8.0,14.0,50.0,48.46891784667969,19.98,,,,,,,,7112.760999999999,1843.287,5162859.0
25658,2008,1,0,0,0,0,5623.0,3024.0,8647,0.6502833366394043,1505.0,77.29422760009766,63.00758361816406,,,,,19.0,11.0,84.0,2006.0,47.78520202636719,19.75,100.0,100.0,0.0,100.0,100.0,,,4272.489,1766.264,4984914.0
25658,2009,1,0,0,0,0,5702.0,3074.0,8776,0.6497265100479126,1505.0,77.29422760009766,63.00758361816406,,,,,18.0,16.0,88.0,1914.0,47.71446228027344,19.53,100.0,100.0,0.0,100.0,100.0,,,5007.985,1743.434,3794446.0
25658,2010,1,0,0,0,0,5784.0,3126.0,8910,0.649158239364624,1505.0,77.29422760009766,63.00758361816406,,,,,19.0,18.0,82.0,1849.0,47.90794372558594,19.3,100.0,100.0,0.0,100.0,100.0,,,5781.8150000000005,1481.351,3643207.0
25658,2011,1,0,0,0,0,5858.0,3173.0,9031,0.6486546397209167,1505.0,77.29422760009766,63.00758361816406,,,,,19.0,18.0,82.0,1779.0,48.57057189941406,17.694134137626023,100.0,100.0,0.0,100.0,100.0,3489.0,,3172.488661,1783.982073,
25658,2012,1,0,0,0,0,5943.0,3227.0,9170,0.6480916142463684,1505.0,77.29422760009766,63.00758361816406,,,,,18.0,12.0,70.0,1752.0,49.065940856933594,16.46904784215036,19.74,72.39,0.0,19.74,19.74,3620.0,,5828.749,2402.445,
25658,2013,1,0,0,0,0,6031.0,3281.0,9312,0.6476589441299438,1505.0,77.29422760009766,63.00758361816406,,,,,16.0,16.0,80.0,1761.0,47.80405807495117,16.46904784215036,19.3,70.59,0.0,19.3,19.3,3887.0,,7207.294,2455.0759999999996,
25658,2014,1,0,0,0,0,6117.0,3334.0,9451,0.6472330689430237,1505.0,77.29422760009766,63.00758361816406,,,,,16.0,10.0,76.0,1834.0,48.55406188964844,15.872645148654284,18.98,70.25,0.0,18.98,18.98,4197.0,1058.0,8960.197,2784.751,
25658,2015,1,0,0,0,0,6201.0,3385.0,9586,0.6468808650970459,1505.0,77.29422760009766,63.00758361816406,,,,,17.0,21.0,83.0,1708.0,50.378902435302734,15.68992962,18.68,70.01,0.0,18.68,18.68,4382.0,1133.0,9359.9716796875,2921.02807617187,
25658,2016,1,0,0,0,0,6292.0,3440.0,9732,0.6465269327163696,1505.0,77.29422760009766,63.00758361816406,,,,,18.0,22.0,88.0,1686.0,48.8857536315918,,18.27,70.24,0.0,18.27,18.27,,1274.0,8186.147908000001,2837.8015550000005,
25658,2017,1,0,0,0,0,6380.0,3492.0,9872,0.6462723016738892,1505.0,77.29422760009766,63.00758361816406,,,,,17.0,18.0,93.0,1698.0,49.517608642578125,,,,,,,,,9074.155151367188,2992.8394775390625,
25658,2018,1,0,0,0,0,6371.0,4384.0,10755,0.592375636100769,1505.0,77.29422760009766,63.00758361816406,7.497866894197952,20.2,18.8,4.3,18.0,19.0,87.0,1720.0,49.09954071044922,,,,,,,,,13769.140544130001,3857.7199544200002,
25658,2019,1,0,0,0,0,6637.0,4679.0,11316,0.5865146517753601,1505.0,77.29422760009766,,,,,,17.0,20.0,93.0,1727.0,47.521427154541016,,,,,,,,,15653.965513000001,3972.4576209999996,
25658,2020,1,0,0,0,0,6875.0,4969.0,11844,0.5804626941680908,1505.0,77.29422760009766,,,,,,17.0,23.0,86.0,1660.0,47.255043029785156,,,,,,,,,11774.889177,3884.164405,
25658,2021,1,0,0,0,0,6897.0,5417.0,12314,0.5600941777229309,1505.0,77.29422760009766,,,,,,17.0,21.0,90.0,1640.0,48.231990814208984,,,,,,,,,16612.374941,5203.627850999999,
25658,2022,1,0,0,0,0,6912.0,5790.0,12702,0.5441662669181824,1505.0,77.29422760009766,,,,,,16.0,17.0,88.0,1595.0,49.21009063720703,,,,,,,,,15859.858258999999,6668.979788249999,
25658,2023,1,0,0,0,0,6925.0,6138.0,13063,0.530123233795166,1505.0,77.29422760009766,,,,,,,,,,,,,,,,,,,20231.195735,7138.78544225,
25662,1993,1,0,0,0,0,7304.0,2883.0,10187,0.7169922590255737,1268.0,53.890228271484375,75.52828979492188,38.813011169433594,,,,,,,,,,,,,,,,,496.7900085449219,446.5899963378906,
25662,1994,1,0,0,0,0,7238.0,2878.0,10116,0.7155001759529114,1268.0,53.890228271484375,75.52828979492188,,,,,,,,,,,,,,,,,,469.19000244140625,469.19000244140625,
25662,1995,1,0,0,0,0,7172.0,2876.0,10048,0.7137739062309265,1268.0,53.890228271484375,75.52828979492188,,,,,,,,,,,,,,,,,,715.9099731445312,537.0399780273438,
25662,1996,1,0,0,0,0,7124.0,2879.0,10003,0.712186336517334,1268.0,53.890228271484375,75.52828979492188,,,,,38.0,,144.0,2661.0,,,,,,,,,,1246.1300048828125,340.3599853515625,
25662,1997,1,0,0,0,0,7078.0,2883.0,9961,0.7105712294578552,1268.0,53.890228271484375,75.52828979492188,,,,,38.0,,132.0,2391.0,,,,,,,,,,1872.1199951171875,499.92999267578125,
25662,1998,1,0,0,0,0,7038.0,2885.0,9923,0.7092612981796265,1268.0,53.890228271484375,75.52828979492188,,,,,39.0,,139.0,2489.0,,,,,,,,,,1909.2900390625,618.6099853515625,
25662,1999,1,0,0,0,0,7008.0,2885.0,9893,0.7083796858787537,1268.0,53.890228271484375,75.52828979492188,,,,,39.0,,140.0,2607.0,,,,,,,,,,2714.64990234375,721.8099975585938,
25662,2000,1,0,0,0,0,6985.0,2884.0,9869,0.7077718377113342,1268.0,53.890228271484375,75.52828979492188,,,,,38.0,,124.0,2592.0,49.43757247924805,,,,,,,,,3714.831,630.969,2460109.0
25662,2001,1,0,0,0,0,6975.0,2881.0,9856,0.7076907753944397,1268.0,53.890228271484375,75.52828979492188,,,,,38.0,,140.0,2568.0,47.99581527709961,,,,,,,,,2413.266,587.025,1815582.0
25662,2002,1,0,0,0,0,6963.0,2879.0,9842,0.7074781656265259,1268.0,53.890228271484375,75.52828979492188,,,,,38.0,,129.0,2561.0,48.65595245361328,,,,,,,,,2654.008,634.701,3105817.0
25662,2003,1,0,0,0,0,6950.0,2878.0,9828,0.7071632146835327,1268.0,53.890228271484375,75.52828979492188,,,,,22.0,,128.0,2473.0,48.67237854003906,,,,,,,,,3220.657,736.8689999999999,4106466.0
25662,2004,1,0,0,0,0,6935.0,2877.0,9812,0.7067875862121582,1268.0,53.890228271484375,75.52828979492188,,,,,38.0,,113.0,2312.0,47.941287994384766,,,,,,,,,3320.545,901.174,2923781.0
25662,2005,1,0,0,0,0,6914.0,2878.0,9792,0.7060865759849548,1268.0,53.890228271484375,75.52828979492188,34.145562885720366,59.757400000000004,43.097879999999996,22.6246,37.0,,101.0,2269.0,48.43898010253906,14.23,59.39143501126972,99.49811794228356,42.252010723860586,,46.055597295266715,,,4242.293,1141.961,3995402.0
25662,2006,1,0,0,0,0,6891.0,2880.0,9771,0.7052502036094666,1268.0,53.890228271484375,75.52828979492188,,,,,37.0,,95.0,2197.0,48.514556884765625,14.07,,,,,,,,5330.870134,1510.402134,3752711.0
25662,2007,1,0,0,0,0,6870.0,2883.0,9753,0.7043986320495605,1268.0,53.890228271484375,75.52828979492188,,,,,,4.0,65.0,1228.0,48.68582534790039,13.92,,,,,,,,4756.218,1263.497,4319347.0
25662,2008,1,0,0,0,0,6850.0,2886.0,9736,0.7035743594169617,1268.0,53.890228271484375,75.52828979492188,,,,,36.0,14.0,97.0,2141.0,48.63077926635742,13.76,100.0,100.0,100.0,93.85,93.85,,,5104.576000000001,1423.126,4065586.0
25662,2009,1,0,0,0,0,6832.0,2889.0,9721,0.7028083801269531,1268.0,53.890228271484375,75.52828979492188,,,,,38.0,34.0,105.0,2065.0,48.638702392578125,13.6,100.0,100.0,100.0,93.86,93.86,,,5773.784,1474.935,4920568.0
25662,2010,1,0,0,0,0,6815.0,2893.0,9708,0.7019983530044556,1268.0,53.890228271484375,75.52828979492188,,,,,39.0,16.0,103.0,2038.0,49.106204986572266,13.44,40.01,88.23,25.81,37.44,37.44,,,6196.0289999999995,1506.29,6711122.0
25662,2011,1,0,0,0,0,6799.0,2897.0,9696,0.701216995716095,1268.0,53.890228271484375,75.52828979492188,,,,,39.0,22.0,111.0,1973.0,48.34999084472656,13.331257341874474,40.01,88.23,25.81,37.44,37.44,2844.0,,6212.246001,1699.855028,
25662,2012,1,0,0,0,0,6785.0,2902.0,9687,0.7004232406616211,1268.0,53.890228271484375,75.52828979492188,,,,,39.0,15.0,114.0,1865.0,48.925140380859375,13.331257341874474,40.01,88.23,25.81,37.44,37.44,2849.0,,6882.407863,1984.175209,
25662,2013,1,0,0,0,0,6772.0,2907.0,9679,0.6996590495109558,1268.0,53.890228271484375,75.52828979492188,,,,,39.0,30.0,115.0,1870.0,48.71118927001953,13.310104686017192,40.0,88.21,25.81,37.42,37.42,2907.0,,10861.324772,2584.119566,
25662,2014,1,0,0,0,0,6761.0,2913.0,9674,0.698883593082428,1268.0,53.890228271484375,75.52828979492188,,,,,39.0,19.0,110.0,1115.0,48.592315673828125,12.123392652599378,40.0,88.21,25.81,37.42,37.42,3235.0,978.0,11200.287681,2687.324701,
25662,2015,1,0,0,0,0,6751.0,2919.0,9670,0.6981385946273804,1268.0,53.890228271484375,75.52828979492188,,,,,36.0,16.0,112.0,1194.0,47.50990676879883,12.02702773,40.03,88.16,25.87,37.44,37.44,3274.0,994.0,23166.955078125,3524.29711914062,
25662,2016,1,0,0,0,0,6743.0,2925.0,9668,0.6974555253982544,1268.0,53.890228271484375,75.52828979492188,,,,,37.0,20.0,121.0,1299.0,48.50471496582031,,39.84,88.39,25.69,37.26,37.26,,1400.0,13595.630002000002,3816.119022,
25662,2017,1,0,0,0,0,6737.0,2931.0,9668,0.696834921836853,1268.0,53.890228271484375,75.52828979492188,,,,,37.0,17.0,112.0,1231.0,47.578948974609375,,,,,,,,,17026.183478838622,4847.287761688232,
25662,2018,1,0,0,0,0,5195.0,2986.0,8181,0.635007917881012,1268.0,53.890228271484375,75.52828979492188,12.903656258340005,35.6,32.9,7.8,37.0,19.0,131.0,1141.0,47.73011016845703,,,,,,,,,15978.09747754,3692.23742852,
25662,2019,1,0,0,0,0,5255.0,3069.0,8324,0.631307065486908,1268.0,53.890228271484375,,,,,,37.0,15.0,117.0,1001.0,46.964576721191406,,,,,,,,,15650.81962296,4814.22713044,
25662,2020,1,0,0,0,0,5352.0,3185.0,8537,0.6269181370735168,1268.0,53.890228271484375,,,,,,37.0,18.0,115.0,949.0,47.047176361083984,,,,,,,,,14150.143755019999,3161.75646688,
25662,2021,1,0,0,0,0,5369.0,3507.0,8876,0.6048895716667175,1268.0,53.890228271484375,,,,,,35.0,21.0,110.0,926.0,47.57984161376953,,,,,,,,,19159.779709000002,3239.83316525,
25662,2022,1,0,0,0,0,5381.0,3774.0,9155,0.5877662301063538,1268.0,53.890228271484375,,,,,,35.0,21.0,107.0,1047.0,49.17906188964844,,,,,,,,,16759.34488,3291.75330275,
25662,2023,1,0,0,0,0,5391.0,4025.0,9416,0.5725361108779907,1268.0,53.890228271484375,,,,,,,,,,,,,,,,,,,25311.702071,4296.788653,
25758,1993,1,0,0,0,0,6345.0,5982.0,12327,0.5147237777709961,2574.0,95.44944763183594,59.094459533691406,19.367380142211914,,,,,,,,,,,,,,,,,861.1699829101562,861.1699829101562,
25758,1994,1,0,0,0,0,6466.0,6452.0,12918,0.5005418658256531,2574.0,95.44944763183594,59.094459533691406,,,,,,,,,,,,,,,,,,1203.0999755859375,1134.1099853515625,
25758,1995,1,0,0,0,0,6607.0,6977.0,13584,0.48638102412223816,2574.0,95.44944763183594,59.094459533691406,,,,,,,,,,,,,,,,,,2033.699951171875,2033.699951171875,
25758,1996,1,0,0,0,0,6776.0,7555.0,14331,0.4728211462497711,2574.0,95.44944763183594,59.094459533691406,,,,,16.0,,180.0,4012.0,,,,,,,,,,3287.639892578125,2282.780029296875,
25758,1997,1,0,0,0,0,6957.0,8165.0,15122,0.46005818247795105,2574.0,95.44944763183594,59.094459533691406,,,,,15.0,,161.0,3938.0,,,,,,,,,,4356.740234375,2671.7900390625,
25758,1998,1,0,0,0,0,7149.0,8793.0,15942,0.4484380781650543,2574.0,95.44944763183594,59.094459533691406,,,,,16.0,,208.0,4341.0,,,,,,,,,,7336.33984375,3748.840087890625,
25758,1999,1,0,0,0,0,7347.0,9426.0,16773,0.4380253851413727,2574.0,95.44944763183594,59.094459533691406,,,,,16.0,,217.0,4617.0,,,,,,,,,,6996.7099609375,5064.2099609375,
25758,2000,1,0,0,0,0,7552.0,10053.0,17605,0.42896905541419983,2574.0,95.44944763183594,59.094459533691406,,,,,16.0,,213.0,4502.0,53.02828598022461,,,,,,,,,7840.153,5008.036,6831503.0
25758,2001,1,0,0,0,0,7760.0,10665.0,18425,0.42116689682006836,2574.0,95.44944763183594,59.094459533691406,,,,,17.0,,227.0,4610.0,52.754642486572266,,,,,,,,,6700.217000000001,4467.503000000001,3841000.0
25758,2002,1,0,0,0,0,7954.0,11258.0,19212,0.41401207447052,2574.0,95.44944763183594,59.094459533691406,,,,,17.0,,220.0,4754.0,53.60715103149414,,,,,,,,,9512.068,5140.4,6702960.0
25758,2003,1,0,0,0,0,8128.0,11821.0,19949,0.4074389636516571,2574.0,95.44944763183594,59.094459533691406,,,,,8.0,,195.0,4749.0,52.14087677001953,,,,,,,,,9058.128,6760.225,6872520.0
25758,2004,1,0,0,0,0,8275.0,12349.0,20624,0.401231586933136,2574.0,95.44944763183594,59.094459533691406,,,,,21.0,,251.0,4871.0,51.70537185668945,,,,,,,,,8401.953000000001,6604.365000000001,6508058.0
25758,2005,1,0,0,0,0,8389.0,12834.0,21223,0.3952786922454834,2574.0,95.44944763183594,59.094459533691406,8.943572022220222,26.239479999999997,10.236049999999999,0.92663,20.0,81.0,222.0,5057.0,53.00794982910156,12.7,95.51605736214907,99.45411122483793,89.8019801980198,,84.79095132296506,,,11345.52,8166.646000000001,9113664.0
25758,2006,1,0,0,0,0,8472.0,13276.0,21748,0.3895530700683594,2574.0,95.44944763183594,59.094459533691406,,,,,21.0,86.0,248.0,5252.0,51.11019515991211,12.56,,,,,,,1368.0,13976.490825,11424.848825,10202539.0
25758,2007,1,0,0,0,0,8569.0,13721.0,22290,0.38443249464035034,2574.0,95.44944763183594,59.094459533691406,,,,,18.0,102.0,239.0,5307.0,50.91305160522461,12.42,,,,,,,1428.0,15740.506,12855.113,10876214.0
25758,2008,1,0,0,0,0,8676.0,14165.0,22841,0.37984326481819153,2574.0,95.44944763183594,59.094459533691406,,,,,20.0,87.0,262.0,5544.0,51.35989761352539,12.28,99.97,99.96,99.97,64.08,52.34,,219.0,18051.709,12299.382,14358914.0
25758,2009,1,0,0,0,0,8787.0,14597.0,23384,0.3757697641849518,2574.0,95.44944763183594,59.094459533691406,,,,,20.0,90.0,280.0,5744.0,51.83224868774414,12.14,97.72,99.88,94.6,71.54,62.62,,1695.0,25521.839,13297.780999999999,25030192.0
25758,2010,1,0,0,0,0,8907.0,15030.0,23937,0.372101753950119,2574.0,95.44944763183594,59.094459533691406,,,,,21.0,92.0,283.0,5719.0,52.053592681884766,12.0,94.21,99.88,86.85,69.36,60.77,,2133.0,18878.137,15312.449,17436816.0
25758,2011,1,0,0,0,0,9033.0,15456.0,24489,0.36885949969291687,2574.0,95.44944763183594,59.094459533691406,,,,,21.0,96.0,294.0,5843.0,53.076072692871094,12.0,91.69,99.69,81.98,67.87,59.64,4990.0,2518.0,23457.724,18060.029,
25758,2012,1,0,0,0,0,9170.0,15883.0,25053,0.3660240173339844,2574.0,95.44944763183594,59.094459533691406,,,,,21.0,103.0,304.0,5687.0,53.491397857666016,10.964681691039392,94.42,99.86,87.11,75.39,69.07,5611.0,2760.0,21288.306,17887.575,
25758,2013,1,0,0,0,0,9309.0,16302.0,25611,0.36347663402557373,2574.0,95.44944763183594,59.094459533691406,,,,,21.0,116.0,295.0,5624.0,52.75461959838867,10.964681691039392,94.06,99.85,87.11,73.84,67.09,7201.0,3218.0,25610.227000000003,20318.281000000003,
25758,2014,1,0,0,0,0,9460.0,16727.0,26187,0.3612479567527771,2574.0,95.44944763183594,59.094459533691406,,,,,21.0,90.0,292.0,5802.0,53.246726989746094,9.868213521935461,94.06,99.85,87.11,73.84,67.09,6972.0,3549.0,28185.426,21360.601,
25758,2015,1,0,0,0,0,9618.0,17151.0,26769,0.35929620265960693,2574.0,95.44944763183594,59.094459533691406,,,,,21.0,98.0,296.0,5730.0,52.39883041381836,10.35490642,94.52,99.85,87.04,76.31,70.61,7216.0,3694.0,33586.46484375,27683.619140625,
25758,2016,1,0,0,0,0,9775.0,17564.0,27339,0.3575478196144104,2574.0,95.44944763183594,59.094459533691406,,,,,21.0,70.0,333.0,5763.0,53.32038116455078,,89.25,96.48,81.52,75.46,59.58,,4254.0,32431.502,27112.415,
25758,2017,1,0,0,0,0,9944.0,17988.0,27932,0.35600745677948,2574.0,95.44944763183594,59.094459533691406,,,,,21.0,79.0,341.0,5735.0,52.32715606689453,,,,,,,,,43876.83992092969,33113.09069824219,
25758,2018,1,0,0,0,0,8347.0,17435.0,25782,0.3237529993057251,2574.0,95.44944763183594,59.094459533691406,2.829008434561524,8.0,1.7,1.4,20.0,60.0,334.0,5504.0,52.732460021972656,,,,,,,,,39471.35294779,33514.28897219,
25758,2019,1,0,0,0,0,8227.0,19229.0,27456,0.29964306950569153,2574.0,95.44944763183594,,,,,,22.0,84.0,326.0,5387.0,53.648765563964844,,,,,,,,,52106.48076723,41836.50776623,
25758,2020,1,0,0,0,0,8057.0,20942.0,28999,0.2778371572494507,2574.0,95.44944763183594,,,,,,21.0,116.0,343.0,5431.0,53.985191345214844,,,,,,,,,44966.48735564,35191.03966041,
25758,2021,1,0,0,0,0,8081.0,22076.0,30157,0.26796433329582214,2574.0,95.44944763183594,,,,,,20.0,114.0,346.0,5205.0,53.843875885009766,,,,,,,,,62013.632838,44888.5298564,
25758,2022,1,0,0,0,0,8099.0,23007.0,31106,0.2603677809238434,2574.0,95.44944763183594,,,,,,20.0,123.0,335.0,5428.0,54.539222717285156,,,,,,,,,56738.77111500001,49676.52554940001,
25758,2023,1,0,0,0,0,8115.0,23875.0,31990,0.2536730170249939,2574.0,95.44944763183594,,,,,,,,,,,,,,,,,,,80197.446152,60853.3235112,
25769,1993,1,0,0,0,0,19074.0,3484.0,22558,0.8455536961555481,2600.0,87.44745635986328,64.45455169677734,27.614761352539062,,,,,,,,,,,,,,,,,693.9000244140625,533.739990234375,
25769,1994,1,0,0,0,0,19254.0,3608.0,22862,0.842183530330658,2600.0,87.44745635986328,64.45455169677734,,,,,,,,,,,,,,,,,,1225.780029296875,998.5,
25769,1995,1,0,0,0,0,19376.0,3736.0,23112,0.838352382183075,2600.0,87.44745635986328,64.45455169677734,,,,,,,,,,,,,,,,,,1791.7099609375,1242.5899658203125,
25769,1996,1,0,0,0,0,19504.0,3873.0,23377,0.8343243598937988,2600.0,87.44745635986328,64.45455169677734,,,,,39.0,,229.0,5626.0,,,,,,,,,,3300.97998046875,1527.9300537109375,
25769,1997,1,0,0,0,0,19608.0,4009.0,23617,0.8302493691444397,2600.0,87.44745635986328,64.45455169677734,,,,,41.0,,228.0,5904.0,,,,,,,,,,0.0,0.0,
25769,1998,1,0,0,0,0,8804.0,4144.0,12948,0.6799505949020386,2600.0,87.44745635986328,64.45455169677734,,,,,33.0,,178.0,4139.0,,,,,,,,,,3449.6201171875,1957.219970703125,
25769,1999,1,0,0,0,0,8540.0,4276.0,12816,0.6663545370101929,2600.0,87.44745635986328,64.45455169677734,,,,,32.0,,175.0,4134.0,,,,,,,,,,2905.590087890625,1452.5,
25769,2000,1,0,0,0,0,8303.0,4403.0,12706,0.6534708142280579,2600.0,87.44745635986328,64.45455169677734,,,,,26.0,,155.0,3611.0,51.2686882019043,,,,,,,,,4296.962,1701.699,2189215.0
25769,2001,1,0,0,0,0,8113.0,4526.0,12639,0.6419020295143127,2600.0,87.44745635986328,64.45455169677734,,,,,24.0,,144.0,3576.0,53.064022064208984,,,,,,,,,3585.125,1656.185,2095752.0
25769,2002,1,0,0,0,0,7972.0,4648.0,12620,0.6316957473754883,2600.0,87.44745635986328,64.45455169677734,,,,,23.0,,148.0,3610.0,51.5527458190918,,,,,,,,,4334.036,2145.214,7077283.0
25769,2003,1,0,0,0,0,7902.0,4766.0,12668,0.6237764358520508,2600.0,87.44745635986328,64.45455169677734,,,,,24.0,,188.0,4176.0,51.51243209838867,,,,,,,,,4985.946,2442.529,4058378.0
25769,2004,1,0,0,0,0,7918.0,4884.0,12802,0.6184971332550049,2600.0,87.44745635986328,64.45455169677734,,,,,24.0,,141.0,2957.0,51.97151565551758,,,,,,,,,4450.159,2469.259,3605393.0
25769,2005,1,0,0,0,0,8040.0,5001.0,13041,0.6165171265602112,2600.0,87.44745635986328,64.45455169677734,14.01702786377709,35.66563,12.37933,1.73197,25.0,72.0,194.0,4256.0,51.32646179199219,12.24,88.41317365269461,99.77409638554217,80.9145129224652,,49.640718562874255,,,4798.931000000001,2797.418,4254141.0
25769,2006,1,0,0,0,0,8262.0,5116.0,13378,0.6175811290740967,2600.0,87.44745635986328,64.45455169677734,,,,,26.0,,194.0,2610.0,50.8128547668457,12.1,,,,,,,,4114.669726,3118.202726,2954420.0
25769,2007,1,0,0,0,0,8459.0,5213.0,13672,0.6187097430229187,2600.0,87.44745635986328,64.45455169677734,,,,,26.0,60.0,163.0,2602.0,50.73855972290039,11.97,,,,,,,,7107.072,4094.934,5337606.0
25769,2008,1,0,0,0,0,8654.0,5307.0,13961,0.6198696494102478,2600.0,87.44745635986328,64.45455169677734,,,,,25.0,68.0,198.0,4282.0,50.725467681884766,11.83,53.91,100.0,20.72,41.87,41.87,,,7205.939,4784.017,5858648.0
25769,2009,1,0,0,0,0,8856.0,5404.0,14260,0.6210378408432007,2600.0,87.44745635986328,64.45455169677734,,,,,26.0,76.0,197.0,4233.0,51.997013092041016,11.7,52.75,96.88,22.81,39.02,39.02,,,9447.328,4730.498,7762024.0
25769,2010,1,0,0,0,0,9054.0,5507.0,14561,0.6217979788780212,2600.0,87.44745635986328,64.45455169677734,,,,,26.0,96.0,212.0,4203.0,52.337562561035156,11.56,62.78,100.0,30.62,48.84,46.83,,,10534.830109999999,4657.46323,13601728.0
25769,2011,1,0,0,0,0,9251.0,5613.0,14864,0.6223762035369873,2600.0,87.44745635986328,64.45455169677734,,,,,26.0,66.0,201.0,4278.0,50.77296829223633,11.56,60.18,100.0,33.65,42.5,41.58,4513.0,,8424.914386,4810.80436,
25769,2012,1,0,0,0,0,9452.0,5722.0,15174,0.6229075789451599,2600.0,87.44745635986328,64.45455169677734,,,,,24.0,77.0,211.0,4477.0,51.55786895751953,11.3723768747967,61.23,100.0,41.97,41.97,33.18,4643.0,1397.0,10548.938613999999,6161.471663999999,
25769,2013,1,0,0,0,0,9653.0,5834.0,15487,0.6232969760894775,2600.0,87.44745635986328,64.45455169677734,,,,,24.0,49.0,209.0,4345.0,52.92185974121094,10.349593178644165,61.67,100.0,42.04,42.58,33.87,5245.0,1341.0,14154.572013,5717.608691,
25769,2014,1,0,0,0,0,9847.0,5943.0,15790,0.6236225366592407,2600.0,87.44745635986328,64.45455169677734,,,,,24.0,78.0,214.0,4545.0,54.791011810302734,10.309654742522685,61.88,100.0,42.12,42.81,34.14,5378.0,1549.0,12530.38142,6326.728776,
25769,2015,1,0,0,0,0,10056.0,6061.0,16117,0.6239374279975891,2600.0,87.44745635986328,64.45455169677734,,,,,26.0,82.0,207.0,4269.0,53.56708908081055,11.394849000720622,62.13,100.0,42.16,43.14,34.52,5488.0,59714.0,14152.095703125,7261.873046875,
25769,2016,1,0,0,0,0,10258.0,6177.0,16435,0.6241557598114014,2600.0,87.44745635986328,64.45455169677734,,,,,23.0,86.0,209.0,4159.0,54.878326416015625,,62.11,100.0,42.24,43.34,35.49,,1665.0,12507.590119,6525.273101,
25769,2017,1,0,0,0,0,10457.0,6293.0,16750,0.6242985129356384,2600.0,87.44745635986328,64.45455169677734,,,,,23.0,64.0,201.0,4036.0,55.24421691894531,,,,,,,,,15256.969467163086,8551.925521850586,
25769,2018,1,0,0,0,0,8440.0,7250.0,15690,0.5379222631454468,2600.0,87.44745635986328,64.45455169677734,3.6944818304172276,12.6,4.6,1.0,23.0,80.0,206.0,4115.0,55.888980865478516,,,,,,,,,14743.076043000001,8462.596733,
25769,2019,1,0,0,0,0,8306.0,7877.0,16183,0.5132546424865723,2600.0,87.44745635986328,,,,,,23.0,85.0,212.0,4177.0,54.467979431152344,,,,,,,,,19527.915412000002,9528.996276,
25769,2020,1,0,0,0,0,8256.0,8487.0,16743,0.4931015968322754,2600.0,87.44745635986328,,,,,,23.0,84.0,207.0,4192.0,54.89421844482422,,,,,,,,,16008.630753,8861.249548,
25769,2021,1,0,0,0,0,8281.0,9127.0,17408,0.47570082545280457,2600.0,87.44745635986328,,,,,,22.0,78.0,207.0,4139.0,56.03699493408203,,,,,,,,,17684.887724,10063.2980022,
25769,2022,1,0,0,0,0,8299.0,9657.0,17956,0.4621853530406952,2600.0,87.44745635986328,,,,,,22.0,96.0,205.0,3970.0,55.72267532348633,,,,,,,,,22740.710594,10701.26100775,
25769,2023,1,0,0,0,0,8315.0,10151.0,18466,0.45028701424598694,2600.0,87.44745635986328,,,,,,,,,,,,,,,,,,,24580.582627,11632.14966435,
25807,1993,1,0,0,0,0,3191.0,612.0,3803,0.839074432849884,1950.0,149.8310546875,106.58238220214844,47.49270248413086,,,,,,,,,,,,,,,,,243.4199981689453,158.4499969482422,
25807,1994,1,0,0,0,0,3103.0,603.0,3706,0.83729088306427,1950.0,149.8310546875,106.58238220214844,,,,,,,,,,,,,,,,,,182.72999572753906,150.64999389648438,
25807,1995,1,0,0,0,0,3015.0,593.0,3608,0.8356429934501648,1950.0,149.8310546875,106.58238220214844,,,,,,,,,,,,,,,,,,320.4200134277344,305.489990234375,
25807,1996,1,0,0,0,0,2934.0,583.0,3517,0.8342337012290955,1950.0,149.8310546875,106.58238220214844,,,,,14.0,,39.0,600.0,,,,,,,,,,634.1900024414062,171.05999755859375,
25807,1997,1,0,0,0,0,2856.0,574.0,3430,0.8326530456542969,1950.0,149.8310546875,106.58238220214844,,,,,14.0,,46.0,593.0,,,,,,,,,,0.0,0.0,
25807,1998,1,0,0,0,0,2784.0,563.0,3347,0.8317896723747253,1950.0,149.8310546875,106.58238220214844,,,,,14.0,,37.0,583.0,,,,,,,,,,838.4500122070312,220.77000427246094,
25807,1999,1,0,0,0,0,2718.0,552.0,3270,0.831192672252655,1950.0,149.8310546875,106.58238220214844,,,,,14.0,,42.0,717.0,,,,,,,,,,1305.280029296875,228.07000732421875,
25807,2000,1,0,0,0,0,2660.0,542.0,3202,0.8307307958602905,1950.0,149.8310546875,106.58238220214844,,,,,14.0,,46.0,751.0,50.992122650146484,,,,,,,,,1320.008,207.262,1806783.0
25807,2001,1,0,0,0,0,2614.0,533.0,3147,0.8306323289871216,1950.0,149.8310546875,106.58238220214844,,,,,13.0,,40.0,679.0,49.44781494140625,,,,,,,,,0.0,0.0,968426.0
25807,2002,1,0,0,0,0,2575.0,524.0,3099,0.8309131860733032,1950.0,149.8310546875,106.58238220214844,,,,,13.0,,46.0,735.0,49.88481521606445,,,,,,,,,3201.404,454.758,2753392.0
25807,2003,1,0,0,0,0,2545.0,515.0,3060,0.8316993713378906,1950.0,149.8310546875,106.58238220214844,,,,,11.0,,42.0,743.0,48.203819274902344,,,,,,,,,1609.212,377.231,1751287.0
25807,2004,1,0,0,0,0,2523.0,509.0,3032,0.8321239948272705,1950.0,149.8310546875,106.58238220214844,,,,,12.0,,27.0,624.0,47.5136604309082,,,,,,,,,1942.853,475.971,1615156.0
25807,2005,1,0,0,0,0,2513.0,505.0,3018,0.8326706290245056,1950.0,149.8310546875,106.58238220214844,34.0499306518724,57.420249999999996,42.25774,23.87612,12.0,,26.0,610.0,46.88663864135742,19.79,62.727272727272734,98.87005649717514,54.858548585485856,,18.787878787878785,,,2850.491,688.5740000000001,3167316.0
25807,2006,1,0,0,0,0,2512.0,502.0,3014,0.8334439396858215,1950.0,149.8310546875,106.58238220214844,,,,,12.0,,26.0,590.0,47.44681167602539,19.35,,,,,,,,3515.090675,862.7476750000001,2433947.0
25807,2007,1,0,0,0,0,2507.0,499.0,3006,0.8339986801147461,1950.0,149.8310546875,106.58238220214844,,,,,,,,,46.79958724975586,18.91,,,,,,,,4084.439,1041.151,4850934.0
25807,2008,1,0,0,0,0,2498.0,497.0,2995,0.8340567350387573,1950.0,149.8310546875,106.58238220214844,,,,,12.0,5.0,23.0,563.0,46.84137725830078,18.47,18.96,100.0,13.44,6.38,6.38,,,3066.613,847.5909999999999,2980836.0
25807,2009,1,0,0,0,0,2490.0,495.0,2985,0.8341708779335022,1950.0,149.8310546875,106.58238220214844,,,,,12.0,5.0,23.0,545.0,47.3399772644043,18.03,9.96,45.61,0.0,9.96,9.96,,,3279.6110000000003,910.1719999999999,4636536.0
25807,2010,1,0,0,0,0,2499.0,493.0,2992,0.8352272510528564,1950.0,149.8310546875,106.58238220214844,,,,,13.0,5.0,23.0,527.0,50.26667022705078,17.59,9.96,45.61,0.0,9.96,9.96,,,3739.5649999999996,905.557,3884217.0
25807,2011,1,0,0,0,0,2480.0,492.0,2972,0.8344548940658569,1950.0,149.8310546875,106.58238220214844,,,,,13.0,5.0,23.0,500.0,48.4571647644043,15.831,9.96,45.61,0.0,9.96,9.96,1339.0,,3940.570574,1401.44533,
25807,2012,1,0,0,0,0,2474.0,492.0,2966,0.8341200351715088,1950.0,149.8310546875,106.58238220214844,,,,,13.0,5.0,23.0,526.0,50.236167907714844,15.631508287218429,24.13,38.07,23.07,2.71,2.71,1419.0,,3092.195631,821.8621969999999,
25807,2013,1,0,0,0,0,2466.0,491.0,2957,0.833953320980072,1950.0,149.8310546875,106.58238220214844,,,,,12.0,5.0,25.0,518.0,50.34891891479492,15.631508287218429,2.69,37.36,0.0,2.69,2.69,1373.0,,5604.223767,1367.69131,
25807,2014,1,0,0,0,0,2454.0,491.0,2945,0.8332767486572266,1950.0,149.8310546875,106.58238220214844,,,,,12.0,9.0,25.0,508.0,48.32148361206055,14.068357458496585,2.68,37.57,0.0,2.68,2.68,1580.0,,4448.643770000001,1218.02072,
25807,2015,1,0,0,0,0,2458.0,492.0,2950,0.833220362663269,1950.0,149.8310546875,106.58238220214844,,,,,12.0,5.0,25.0,481.0,49.180076599121094,13.2110322,2.68,37.36,0.0,2.68,2.68,1475.0,,4567.3701171875,1186.67602539062,
25807,2016,1,0,0,0,0,2453.0,493.0,2946,0.8326544761657715,1950.0,149.8310546875,106.58238220214844,,,,,12.0,4.0,28.0,468.0,49.15271759033203,,4.52,46.42,1.1,3.48,3.68,,73.0,5222.9980000000005,1097.925,
25807,2017,1,0,0,0,0,2449.0,494.0,2943,0.8321440815925598,1950.0,149.8310546875,106.58238220214844,,,,,12.0,5.0,27.0,450.0,49.388511657714844,,,,,,,,,6824.6264090538025,1321.13019323349,
25807,2018,1,0,0,0,0,2638.0,520.0,3158,0.835338830947876,1950.0,149.8310546875,106.58238220214844,11.498973305954825,52.3,46.3,19.7,12.0,5.0,28.0,422.0,47.63883972167969,,,,,,,,,6947.48235784,1773.26466022,
25807,2019,1,0,0,0,0,2678.0,529.0,3207,0.8350483179092407,1950.0,149.8310546875,,,,,,12.0,4.0,27.0,397.0,47.295223236083984,,,,,,,,,10997.129153,2160.5801890000002,
25807,2020,1,0,0,0,0,2740.0,545.0,3285,0.8340943455696106,1950.0,149.8310546875,,,,,,12.0,4.0,25.0,404.0,50.53314971923828,,,,,,,,,6271.6777779,1995.74524483,
25807,2021,1,0,0,0,0,2749.0,666.0,3415,0.8049780130386353,1950.0,149.8310546875,,,,,,12.0,4.0,25.0,410.0,49.70334243774414,,,,,,,,,11828.375191,2007.8261548,
25807,2022,1,0,0,0,0,2755.0,768.0,3523,0.7820039987564087,1950.0,149.8310546875,,,,,,10.0,4.0,25.0,403.0,47.343990325927734,,,,,,,,,11451.593308,2221.0067901499997,
25807,2023,1,0,0,0,0,2760.0,863.0,3623,0.7617996335029602,1950.0,149.8310546875,,,,,,,,,,,,,,,,,,,12967.965419,2773.0600554,
25817,1993,1,0,0,0,0,8804.0,5524.0,14328,0.6144611835479736,2564.0,105.0535888671875,69.91694641113281,28.206525802612305,,,,,,,,,,,,,,,,,1164.219970703125,1150.6400146484375,
25817,1994,1,0,0,0,0,9248.0,5811.0,15059,0.6141178011894226,2564.0,105.0535888671875,69.91694641113281,,,,,,,,,,,,,,,,,,1086.489990234375,1057.1199951171875,
25817,1995,1,0,0,0,0,9704.0,6111.0,15815,0.6135947108268738,2564.0,105.0535888671875,69.91694641113281,,,,,,,,,,,,,,,,,,2952.3798828125,2952.3798828125,
25817,1996,1,0,0,0,0,10184.0,6430.0,16614,0.6129770278930664,2564.0,105.0535888671875,69.91694641113281,,,,,15.0,,146.0,3785.0,,,,,,,,,,2690.659912109375,1862.4200439453125,
25817,1997,1,0,0,0,0,10672.0,6757.0,17429,0.6123127937316895,2564.0,105.0535888671875,69.91694641113281,,,,,15.0,,135.0,4015.0,,,,,,,,,,7775.89990234375,4038.3798828125,
25817,1998,1,0,0,0,0,11167.0,7092.0,18259,0.6115887761116028,2564.0,105.0535888671875,69.91694641113281,,,,,16.0,,164.0,4128.0,,,,,,,,,,11222.0595703125,9360.0703125,
25817,1999,1,0,0,0,0,11667.0,7432.0,19099,0.6108697056770325,2564.0,105.0535888671875,69.91694641113281,,,,,17.0,,181.0,4566.0,,,,,,,,,,10035.7197265625,5269.830078125,
25817,2000,1,0,0,0,0,12177.0,7775.0,19952,0.6103147268295288,2564.0,105.0535888671875,69.91694641113281,,,,,17.0,,210.0,4910.0,50.18449401855469,,,,,,,,,6516.644,4699.758000000001,4405473.0
25817,2001,1,0,0,0,0,12694.0,8123.0,20817,0.6097900867462158,2564.0,105.0535888671875,69.91694641113281,,,,,16.0,,209.0,5249.0,49.614356994628906,,,,,,,,,9628.956,6608.134,8983551.0
25817,2002,1,0,0,0,0,13195.0,8480.0,21675,0.6087658405303955,2564.0,105.0535888671875,69.91694641113281,,,,,18.0,,217.0,5366.0,51.590030670166016,,,,,,,,,16939.722,12651.296,10538616.0
25817,2003,1,0,0,0,0,13674.0,8848.0,22522,0.6071397066116333,2564.0,105.0535888671875,69.91694641113281,,,,,15.0,,261.0,6387.0,51.7509765625,,,,,,,,,17841.327,13477.904,12556391.0
25817,2004,1,0,0,0,0,14121.0,9227.0,23348,0.6048055291175842,2564.0,105.0535888671875,69.91694641113281,,,,,17.0,,236.0,5968.0,49.94580078125,,,,,,,,,19384.503,14958.826,13215420.0
25817,2005,1,0,0,0,0,14532.0,9622.0,24154,0.6016395092010498,2564.0,105.0535888671875,69.91694641113281,20.006014208497884,31.94791,4.53116,1.8321500000000002,18.0,40.0,256.0,6376.0,49.21959686279297,13.71,96.11222444889779,99.64964964964965,93.75,,85.01002004008016,,,20508.386,17013.083,19578572.0
25817,2006,1,0,0,0,0,14908.0,10028.0,24936,0.597850501537323,2564.0,105.0535888671875,69.91694641113281,,,,,18.0,45.0,293.0,6789.0,49.868072509765625,13.56,,,,,,,744.0,20720.839657,16525.567657,17480946.0
25817,2007,1,0,0,0,0,15264.0,10421.0,25685,0.5942767858505249,2564.0,105.0535888671875,69.91694641113281,,,,,17.0,40.0,191.0,4052.0,49.982933044433594,13.4,,,,,,,904.0,28089.843,23107.158,17655752.0
25817,2008,1,0,0,0,0,15622.0,10812.0,26434,0.5909813046455383,2564.0,105.0535888671875,69.91694641113281,,,,,19.0,53.0,300.0,7305.0,51.058284759521484,13.25,100.0,100.0,100.0,100.0,100.0,,3268.0,28981.055,23730.092,23473116.0
25817,2009,1,0,0,0,0,15986.0,11205.0,27191,0.5879151225090027,2564.0,105.0535888671875,69.91694641113281,,,,,17.0,50.0,289.0,7172.0,51.1109619140625,13.1,61.63,70.08,57.33,54.57,49.9,,1926.0,28350.737000000005,21853.259000000005,46754260.0
25817,2010,1,0,0,0,0,16348.0,11593.0,27941,0.5850899815559387,2564.0,105.0535888671875,69.91694641113281,,,,,19.0,51.0,319.0,7380.0,52.16533279418945,12.95,61.63,70.08,57.33,54.57,49.9,,2252.0,44879.892,38448.911,61633952.0
25817,2011,1,0,0,0,0,16737.0,11995.0,28732,0.5825212597846985,2564.0,105.0535888671875,69.91694641113281,,,,,19.0,55.0,352.0,7472.0,52.200218200683594,12.95,83.75,100.0,75.17,73.83,69.39,5792.0,2620.0,91168.80253599999,83263.28377,
25817,2012,1,0,0,0,0,17120.0,12391.0,29511,0.5801226496696472,2564.0,105.0535888671875,69.91694641113281,,,,,17.0,56.0,325.0,7538.0,51.47500991821289,12.95,,,,,,6611.0,3637.0,63415.461543,57986.641643999996,
25817,2013,1,0,0,0,0,17526.0,12800.0,30326,0.5779199600219727,2564.0,105.0535888671875,69.91694641113281,,,,,17.0,62.0,363.0,7839.0,50.37910842895508,11.655,83.94,100.0,75.43,73.99,69.54,7898.0,4063.0,73550.096911,63172.98686600001,
25817,2014,1,0,0,0,0,17938.0,13208.0,31146,0.5759326815605164,2564.0,105.0535888671875,69.91694641113281,,,,,17.0,55.0,340.0,7702.0,50.30691909790039,11.402627952755907,82.92,100.0,74.96,72.06,67.19,8865.0,5077.0,84660.031513,75758.494719,
25817,2015,1,0,0,0,0,18357.0,13618.0,31975,0.5741047859191895,2564.0,105.0535888671875,69.91694641113281,,,,,17.0,53.0,356.0,8247.0,51.09998321533203,11.52436022,87.21,100.0,81.05,84.93,86.8,9956.0,6197.0,152046.9375,81713.171875,
25817,2016,1,0,0,0,0,18789.0,14032.0,32821,0.5724688172340393,2564.0,105.0535888671875,69.91694641113281,,,,,17.0,77.0,385.0,8378.0,51.59951400756836,,100.0,100.0,100.0,92.93,86.43,,7223.0,129239.22397100001,90629.25070700001,
25817,2017,1,0,0,0,0,19228.0,14449.0,33677,0.5709534883499146,2564.0,105.0535888671875,69.91694641113281,,,,,17.0,49.0,419.0,8343.0,51.407005310058594,,,,,,,,,158217.72737509376,109158.55126953125,
25817,2018,1,0,0,0,0,24641.0,15355.0,39996,0.6160866022109985,2564.0,105.0535888671875,69.91694641113281,3.999288563660848,10.1,0.4,0.6,17.0,41.0,383.0,8522.0,51.595218658447266,,,,,,,,,151146.72617282,101366.40454641999,
25817,2019,1,0,0,0,0,26050.0,16970.0,43020,0.6055322885513306,2564.0,105.0535888671875,,,,,,17.0,53.0,400.0,8741.0,52.94029998779297,,,,,,,,,228049.08941984,176312.74836551,
25817,2020,1,0,0,0,0,27226.0,18488.0,45714,0.5955724716186523,2564.0,105.0535888671875,,,,,,17.0,59.0,411.0,8879.0,51.38220977783203,,,,,,,,,120677.44803110999,103315.37682697999,
25817,2021,1,0,0,0,0,27314.0,20225.0,47539,0.5745598077774048,2564.0,105.0535888671875,,,,,,17.0,62.0,395.0,8860.0,51.377662658691406,,,,,,,,,170743.004961,125412.46794594999,
25817,2022,1,0,0,0,0,27374.0,21661.0,49035,0.5582543015480042,2564.0,105.0535888671875,,,,,,17.0,85.0,399.0,9454.0,52.11604309082031,,,,,,,,,174207.38139899998,153940.09734579996,
25817,2023,1,0,0,0,0,27426.0,23002.0,50428,0.5438645482063293,2564.0,105.0535888671875,,,,,,,,,,,,,,,,,,,207387.138505,163532.6156051,
25875,1993,1,0,0,0,0,11164.0,12451.0,23615,0.47275036573410034,799.0,73.56204986572266,76.00628662109375,42.82944107055664,,,,,,,,,,,,,,,,,812.9199829101562,776.8099975585938,
25875,1994,1,0,0,0,0,11103.0,12625.0,23728,0.4679282009601593,799.0,73.56204986572266,76.00628662109375,,,,,,,,,,,,,,,,,,1265.8900146484375,1260.3399658203125,
25875,1995,1,0,0,0,0,10985.0,12816.0,23801,0.4615352153778076,799.0,73.56204986572266,76.00628662109375,,,,,,,,,,,,,,,,,,1197.31005859375,1154.1099853515625,
25875,1996,1,0,0,0,0,10846.0,13037.0,23883,0.4541305601596832,799.0,73.56204986572266,76.00628662109375,,,,,41.0,,217.0,5611.0,,,,,,,,,,2252.090087890625,1175.239990234375,
25875,1997,1,0,0,0,0,10681.0,13258.0,23939,0.4461756944656372,799.0,73.56204986572266,76.00628662109375,,,,,49.0,,234.0,6372.0,,,,,,,,,,0.0,0.0,
25875,1998,1,0,0,0,0,10502.0,13477.0,23979,0.43796655535697937,799.0,73.56204986572266,76.00628662109375,,,,,51.0,,258.0,6373.0,,,,,,,,,,3353.280029296875,1453.530029296875,
25875,1999,1,0,0,0,0,10327.0,13687.0,24014,0.43004080653190613,799.0,73.56204986572266,76.00628662109375,,,,,63.0,,294.0,6903.0,,,,,,,,,,3608.31005859375,1423.3599853515625,
25875,2000,1,0,0,0,0,10170.0,13882.0,24052,0.4228338599205017,799.0,73.56204986572266,76.00628662109375,,,,,50.0,,261.0,6585.0,50.16485595703125,,,,,,,,,4600.858,1795.853,3643190.0
25875,2001,1,0,0,0,0,10040.0,14068.0,24108,0.41645926237106323,799.0,73.56204986572266,76.00628662109375,,,,,44.0,,231.0,6206.0,48.760169982910156,,,,,,,,,4583.72,2095.443,3392384.0
25875,2002,1,0,0,0,0,9914.0,14250.0,24164,0.4102797508239746,799.0,73.56204986572266,76.00628662109375,,,,,41.0,,230.0,5911.0,48.801944732666016,,,,,,,,,7840.210999999999,2792.758,6979166.0
25875,2003,1,0,0,0,0,9795.0,14426.0,24221,0.40440115332603455,799.0,73.56204986572266,76.00628662109375,,,,,37.0,,225.0,6253.0,49.00240707397461,,,,,,,,,6561.110000000001,2744.110000000001,5213306.0
25875,2004,1,0,0,0,0,9679.0,14600.0,24279,0.39865726232528687,799.0,73.56204986572266,76.00628662109375,,,,,43.0,,247.0,5774.0,48.894065856933594,,,,,,,,,6701.28,3147.333,5531654.0
25875,2005,1,0,0,0,0,9566.0,14774.0,24340,0.39301562309265137,799.0,73.56204986572266,76.00628662109375,21.33598688151867,42.82895,21.30143,15.455530000000001,43.0,59.0,254.0,5911.0,49.41356658935547,16.47,82.01565245168504,99.35995903737839,53.2484076433121,,64.87781504551988,,,7858.059,3455.46,6161343.0
25875,2006,1,0,0,0,0,9458.0,14944.0,24402,0.3875911831855774,799.0,73.56204986572266,76.00628662109375,,,,,43.0,56.0,249.0,5842.0,50.20046615600586,16.16,,,,,,,,8224.33128,3930.05128,5896291.0
25875,2007,1,0,0,0,0,9364.0,15105.0,24469,0.3826883137226105,799.0,73.56204986572266,76.00628662109375,,,,,40.0,38.0,113.0,1990.0,48.91045379638672,15.84,,,,,,,,9601.675,4173.078,7403558.0
25875,2008,1,0,0,0,0,9281.0,15260.0,24541,0.3781834542751312,799.0,73.56204986572266,76.00628662109375,,,,,43.0,74.0,241.0,5886.0,49.94560241699219,15.53,19.61,26.11,12.3,11.81,11.43,,,11970.416,4258.474,10665593.0
25875,2009,1,0,0,0,0,9208.0,15408.0,24616,0.374065637588501,799.0,73.56204986572266,76.00628662109375,,,,,43.0,78.0,253.0,5944.0,50.04091262817383,15.21,26.13,38.54,12.39,19.9,19.18,,,12728.304,4752.591,10736499.0
25875,2010,1,0,0,0,0,9147.0,15550.0,24697,0.3703688681125641,799.0,73.56204986572266,76.00628662109375,,,,,46.0,60.0,244.0,5724.0,49.56560134887695,14.9,26.77,37.74,16.18,20.3,19.94,,,12502.905999999999,5671.422999999999,10243950.0
25875,2011,1,0,0,0,0,9097.0,15684.0,24781,0.3670957684516907,799.0,73.56204986572266,76.00628662109375,,,,,46.0,66.0,254.0,5638.0,49.50886154174805,14.9,44.65,95.39,22.13,36.15,34.72,8222.0,397.0,13253.350641,6357.182295000001,
25875,2012,1,0,0,0,0,9056.0,15814.0,24870,0.3641335070133209,799.0,73.56204986572266,76.00628662109375,,,,,46.0,78.0,258.0,5597.0,49.84959411621094,13.57321001479119,41.74,69.99,21.87,34.67,32.79,7982.0,1864.0,15686.422999999999,7033.745999999999,
25875,2013,1,0,0,0,0,9025.0,15938.0,24963,0.36153507232666016,799.0,73.56204986572266,76.00628662109375,,,,,44.0,76.0,268.0,5595.0,49.74173355102539,12.399744243583891,52.58,79.81,25.41,46.46,43.75,9095.0,2006.0,21339.122,11383.222,
25875,2014,1,0,0,0,0,9002.0,16059.0,25061,0.3592035472393036,799.0,73.56204986572266,76.00628662109375,,,,,44.0,49.0,197.0,4137.0,50.16470718383789,11.51837566354638,42.25,74.27,20.02,35.49,33.44,10081.0,4123.0,27183.375,7713.252,
25875,2015,1,0,0,0,0,8986.0,16178.0,25164,0.35709744691848755,799.0,73.56204986572266,76.00628662109375,,,,,45.0,61.0,272.0,5548.0,49.558258056640625,12.16047961,52.58,79.81,25.41,46.46,43.75,10916.0,4401.0,26758.966796875,8670.7021484375,
25875,2016,1,0,0,0,0,8979.0,16291.0,25270,0.3553225100040436,799.0,73.56204986572266,76.00628662109375,,,,,45.0,55.0,319.0,5252.0,51.014156341552734,,52.58,81.51,25.78,46.56,43.9,,5001.0,24139.531299000002,11813.790951,
25875,2017,1,0,0,0,0,8978.0,16403.0,25381,0.35372915863990784,799.0,73.56204986572266,76.00628662109375,,,,,45.0,56.0,292.0,5381.0,51.370235443115234,,,,,,,,,28308.947998046875,13654.005798339844,
25875,2018,1,0,0,0,0,8888.0,17985.0,26873,0.33074089884757996,799.0,73.56204986572266,76.00628662109375,8.266780941992286,18.7,10.9,3.9,45.0,57.0,286.0,5391.0,50.324092864990234,,,,,,,,,28855.511518000003,13651.450128000002,
25875,2019,1,0,0,0,0,8924.0,19062.0,27986,0.31887373328208923,799.0,73.56204986572266,,,,,,46.0,70.0,294.0,5360.0,49.73231887817383,,,,,,,,,36008.066304,20863.460898999998,
25875,2020,1,0,0,0,0,8929.0,20199.0,29128,0.3065435290336609,799.0,73.56204986572266,,,,,,46.0,70.0,288.0,5399.0,50.45001220703125,,,,,,,,,30026.964484,13993.581599,
25875,2021,1,0,0,0,0,8956.0,21329.0,30285,0.29572394490242004,799.0,73.56204986572266,,,,,,46.0,59.0,280.0,5107.0,50.69925308227539,,,,,,,,,37249.656263,17015.23607575,
25875,2022,1,0,0,0,0,8976.0,22262.0,31238,0.2873423397541046,799.0,73.56204986572266,,,,,,46.0,67.0,290.0,5395.0,49.447547912597656,,,,,,,,,43704.334546,19708.058718000004,
25875,2023,1,0,0,0,0,8993.0,23132.0,32125,0.279937744140625,799.0,73.56204986572266,,,,,,,,,,,,,,,,,,,57772.212894,23656.21585625,
25899,1993,1,0,0,0,0,9506.0,65660.0,75166,0.1264667510986328,2611.0,103.37422180175781,74.21739196777344,19.390357971191406,,,,,,,,,,,,,,,,,2979.320068359375,2933.72998046875,
25899,1994,1,0,0,0,0,9640.0,67512.0,77152,0.12494815140962601,2611.0,103.37422180175781,74.21739196777344,,,,,,,,,,,,,,,,,,3436.800048828125,3364.93994140625,
25899,1995,1,0,0,0,0,9826.0,69413.0,79239,0.12400459498167038,2611.0,103.37422180175781,74.21739196777344,,,,,,,,,,,,,,,,,,5668.759765625,5009.27978515625,
25899,1996,1,0,0,0,0,10071.0,71445.0,81516,0.1235462948679924,2611.0,103.37422180175781,74.21739196777344,,,,,88.0,,1062.0,22285.0,,,,,,,,,,6791.509765625,3462.909912109375,
25899,1997,1,0,0,0,0,10354.0,73470.0,83824,0.12352070957422256,2611.0,103.37422180175781,74.21739196777344,,,,,98.0,,1150.0,23462.0,,,,,,,,,,9509.6904296875,4556.52978515625,
25899,1998,1,0,0,0,0,10666.0,75468.0,86134,0.12383031100034714,2611.0,103.37422180175781,74.21739196777344,,,,,108.0,,1245.0,24712.0,,,,,,,,,,11041.0302734375,5369.47021484375,
25899,1999,1,0,0,0,0,11003.0,77413.0,88416,0.12444580346345901,2611.0,103.37422180175781,74.21739196777344,,,,,110.0,,1310.0,25434.0,,,,,,,,,,14223.8701171875,7738.8798828125,
25899,2000,1,0,0,0,0,11359.0,79291.0,90650,0.1253061294555664,2611.0,103.37422180175781,74.21739196777344,,,,,104.0,,1200.0,24879.0,52.3768310546875,,,,,,,,,13547.039,6697.266,8715522.0
25899,2001,1,0,0,0,0,11733.0,81127.0,92860,0.1263514906167984,2611.0,103.37422180175781,74.21739196777344,,,,,97.0,,1181.0,23982.0,52.07112121582031,,,,,,,,,13358.126,7803.173,7948676.0
25899,2002,1,0,0,0,0,12088.0,82955.0,95043,0.12718454003334045,2611.0,103.37422180175781,74.21739196777344,,,,,94.0,,1152.0,23937.0,52.57170104980469,,,,,,,,,19397.691,10193.833,15767471.0
25899,2003,1,0,0,0,0,12423.0,84787.0,97210,0.1277954876422882,2611.0,103.37422180175781,74.21739196777344,,,,,70.0,,1086.0,24781.0,52.4630126953125,,,,,,,,,17838.949,10302.455,14444093.0
25899,2004,1,0,0,0,0,12734.0,86639.0,99373,0.12814345955848694,2611.0,103.37422180175781,74.21739196777344,,,,,86.0,,956.0,24103.0,52.515689849853516,,,,,,,,,24489.539,12987.924,11462294.0
25899,2005,1,0,0,0,0,13024.0,88538.0,101562,0.12823693454265594,2611.0,103.37422180175781,74.21739196777344,13.000898082279818,30.353210000000004,4.2361200000000006,1.51086,86.0,255.0,975.0,23376.0,52.32417297363281,13.65,96.16332277367124,99.4431823243797,72.56410256410255,,92.02549962845633,,,25344.081,14636.066,19754804.0
25899,2006,1,0,0,0,0,13264.0,90457.0,103721,0.12788152694702148,2611.0,103.37422180175781,74.21739196777344,,,,,94.0,293.0,1111.0,25362.0,51.62556457519531,13.34,,,,,,,11545.0,28421.003,15049.797,16262353.0
25899,2007,1,0,0,0,0,13496.0,92334.0,105830,0.12752526998519897,2611.0,103.37422180175781,74.21739196777344,,,,,87.0,346.0,1118.0,24044.0,50.959083557128906,13.04,,,,,,,12416.0,40154.196,19392.806,34294064.0
25899,2008,1,0,0,0,0,13720.0,94198.0,107918,0.1271335631608963,2611.0,103.37422180175781,74.21739196777344,,,,,92.0,282.0,1203.0,25698.0,51.24916076660156,12.74,100.0,100.0,0.0,88.34,88.23,,1226.0,36250.376,22758.375,31676788.0
25899,2009,1,0,0,0,0,13936.0,96067.0,110003,0.1266874521970749,2611.0,103.37422180175781,74.21739196777344,,,,,96.0,312.0,1224.0,25603.0,51.2476921081543,12.43,100.0,100.0,100.0,89.99,90.42,,15052.0,49782.433000000005,24394.677000000003,44733088.0
25899,2010,1,0,0,0,0,14144.0,97925.0,112069,0.12620796263217926,2611.0,103.37422180175781,74.21739196777344,,,,,101.0,316.0,1221.0,25314.0,51.65662384033203,12.13,100.0,100.0,100.0,90.55,90.34,,16364.0,69457.793,30686.918,85342360.0
25899,2011,1,0,0,0,0,14345.0,99816.0,114161,0.1256558746099472,2611.0,103.37422180175781,74.21739196777344,,,,,96.0,424.0,1198.0,25073.0,52.14103698730469,12.13,100.0,100.0,100.0,90.29,89.62,27213.0,17907.0,78493.21541199999,35126.904134,
25899,2012,1,0,0,0,0,14538.0,101677.0,116215,0.12509572505950928,2611.0,103.37422180175781,74.21739196777344,,,,,93.0,325.0,1210.0,25053.0,52.277809143066406,11.385250756095873,99.73,100.0,99.06,90.75,90.01,28311.0,20002.0,81505.668,37219.14,
25899,2013,1,0,0,0,0,14723.0,103544.0,118267,0.12448950111865997,2611.0,103.37422180175781,74.21739196777344,,,,,95.0,396.0,1264.0,25296.0,51.626461029052734,10.246725680486286,99.76,100.0,99.14,90.81,90.2,34074.0,22150.0,109400.776,43452.215,
25899,2014,1,0,0,0,0,14900.0,105412.0,120312,0.12384466826915741,2611.0,103.37422180175781,74.21739196777344,,,,,96.0,349.0,1227.0,24978.0,52.41994857788086,10.06028848975564,99.77,100.0,99.15,91.11,90.86,35751.0,24225.0,109100.473,46173.644,
25899,2015,1,0,0,0,0,15069.0,107278.0,122347,0.12316607683897018,2611.0,103.37422180175781,74.21739196777344,,,,,94.0,374.0,1245.0,24664.0,52.55562210083008,9.41750177,99.79,100.0,99.14,92.33,92.03,37567.0,25723.0,124842.875,57487.49609375,
25899,2016,1,0,0,0,0,15230.0,109146.0,124376,0.12245127558708191,2611.0,103.37422180175781,74.21739196777344,,,,,95.0,321.0,1337.0,24797.0,54.62508773803711,,99.75,100.0,99.06,91.91,91.34,,28885.0,122471.09509,59960.50585800001,
25899,2017,1,0,0,0,0,15384.0,111025.0,126409,0.12170019745826721,2611.0,103.37422180175781,74.21739196777344,,,,,100.0,312.0,1352.0,24509.0,53.76597595214844,,,,,,,,,137357.29892515918,69045.70927429199,
25899,2018,1,0,0,0,0,24076.0,106461.0,130537,0.18443812429904938,2611.0,103.37422180175781,74.21739196777344,3.108523044476149,10.3,1.3,0.7,100.0,321.0,1400.0,24617.0,53.514339447021484,,,,,,,,,153457.29846229003,75899.17093908001,
25899,2019,1,0,0,0,0,24450.0,114204.0,138654,0.17633822560310364,2611.0,103.37422180175781,,,,,,97.0,389.0,1421.0,25186.0,53.64765548706055,,,,,,,,,176254.61798686,91566.64835697999,
25899,2020,1,0,0,0,0,24390.0,121962.0,146352,0.16665300726890564,2611.0,103.37422180175781,,,,,,98.0,388.0,1410.0,25068.0,53.46591567993164,,,,,,,,,170255.41844517,74881.43995348,
25899,2021,1,0,0,0,0,24464.0,127731.0,152195,0.1607411503791809,2611.0,103.37422180175781,,,,,,102.0,398.0,1312.0,24242.0,54.41847610473633,,,,,,,,,198413.943107,90888.5129158,
25899,2022,1,0,0,0,0,24518.0,132465.0,156983,0.15618251264095306,2611.0,103.37422180175781,,,,,,102.0,429.0,1456.0,25780.0,54.27164840698242,,,,,,,,,243344.287686,120155.910328,
25899,2023,1,0,0,0,0,24564.0,136881.0,161445,0.15215088427066803,2611.0,103.37422180175781,,,,,,,,,,,,,,,,,,,318179.026578,161231.1925497,
41001,1993,1,0,0,0,0,23219.0,246075.0,269294,0.08622174710035324,442.0,0.0,0.0,26.162443161010742,,,,,,,,,,,,,,,,,8101.2099609375,8101.2099609375,
41001,1994,1,0,0,0,0,23282.0,251371.0,274653,0.08476877957582474,442.0,0.0,0.0,,,,,,,,,,,,,,,,,,10831.5498046875,10831.5498046875,
41001,1995,1,0,0,0,0,23194.0,256495.0,279689,0.08292782306671143,442.0,0.0,0.0,,,,,,,,,,,,,,,,,,17574.529296875,17566.76953125,
41001,1996,1,0,0,0,0,22987.0,261418.0,284405,0.08082488179206848,442.0,0.0,0.0,,,,,291.0,,3295.0,69483.0,,,,,,,,,,26417.330078125,10865.4697265625,
41001,1997,1,0,0,0,0,22687.0,266102.0,288789,0.07855908572673798,442.0,0.0,0.0,,,,,312.0,,3726.0,78031.0,,,,,,,,,,40893.73828125,18331.41015625,
41001,1998,1,0,0,0,0,22339.0,270508.0,292847,0.07628215104341507,442.0,0.0,0.0,,,,,328.0,,3787.0,77852.0,,,,,,,,,,41088.078125,15700.8701171875,
41001,1999,1,0,0,0,0,21966.0,274610.0,296576,0.07406533509492874,442.0,0.0,0.0,,,,,340.0,,3859.0,80206.0,,,,,,,,,,53117.05078125,21835.609375,
41001,2000,1,0,0,0,0,21599.0,278431.0,300030,0.07198946923017502,442.0,0.0,0.0,,,,,308.0,,3722.0,80312.0,49.944305419921875,,,,,,,,,75137.61499999999,20899.213,33424124.0
41001,2001,1,0,0,0,0,21256.0,282023.0,303279,0.07008727639913559,442.0,0.0,0.0,,,,,310.0,,3504.0,77683.0,50.47739028930664,,,,,,,,,69952.94900000001,23956.423,52687056.0
41001,2002,1,0,0,0,0,20931.0,285536.0,306467,0.06829772889614105,442.0,0.0,0.0,,,,,307.0,,3644.0,79367.0,50.90977478027344,,,,,,,,,69595.05,32680.754,61884016.0
41001,2003,1,0,0,0,0,20628.0,289005.0,309633,0.06662080436944962,442.0,0.0,0.0,,,,,180.0,,3584.0,83540.0,50.913597106933594,,,,,,,,,144236.81,32833.421,115038184.0
41001,2004,1,0,0,0,0,20377.0,292447.0,312824,0.06513886153697968,442.0,0.0,0.0,,,,,320.0,,3639.0,81737.0,50.64071273803711,,,,,,,,,181280.802,39710.991,
41001,2005,1,0,0,0,0,20152.0,295847.0,315999,0.06377235054969788,442.0,0.0,0.0,17.700865928443115,34.6126,4.53558,6.010879999999999,304.0,1316.0,3629.0,81775.0,50.67808532714844,14.46,95.87394000759397,98.16523663051103,61.11338518215309,,92.53385647386406,,,174088.99,43548.57,179041424.0
41001,2006,1,0,0,0,0,20011.0,299112.0,319123,0.06270623207092285,442.0,0.0,0.0,,,,,312.0,1356.0,3801.0,81910.0,50.594451904296875,14.3,,,,,,,69828.0,223450.175,49768.734,160450464.0
41001,2007,1,0,0,0,0,19862.0,302240.0,322102,0.06166369840502739,442.0,0.0,0.0,,,,,306.0,1327.0,3797.0,77465.0,50.647335052490234,14.14,,,,,,,72999.0,243179.001,60215.903,231735728.0
41001,2008,1,0,0,0,0,19762.0,305231.0,324993,0.06080746278166771,442.0,0.0,0.0,,,,,303.0,1407.0,3970.0,78468.0,50.77025604248047,13.98,73.03,77.46,26.35,72.55,72.78,,74891.0,281074.353,62823.59,213773792.0
41001,2009,1,0,0,0,0,19680.0,308088.0,327768,0.06004247069358826,442.0,0.0,0.0,,,,,299.0,1357.0,3942.0,78421.0,51.19361114501953,13.82,90.58,90.33,99.71,89.96,90.33,,78033.0,336511.73,65829.059,336220608.0
41001,2010,1,0,0,0,0,19627.0,310809.0,330436,0.05939728021621704,442.0,0.0,0.0,,,,,302.0,1365.0,3727.0,77098.0,51.13756561279297,13.66,76.56,81.46,25.01,76.04,76.35,,80200.0,312421.782,71203.76,282157312.0
41001,2011,1,0,0,0,0,19630.0,313400.0,333030,0.05894364044070244,442.0,0.0,0.0,,,,,302.0,1348.0,3630.0,75210.0,51.21495056152344,13.533636147114537,74.23,79.11,32.91,73.23,73.6,93137.0,84122.0,330060.161,80948.352,
41001,2012,1,0,0,0,0,19633.0,315857.0,335490,0.058520372956991196,442.0,0.0,0.0,,,,,287.0,1304.0,3776.0,74867.0,51.59303665161133,12.716451864545464,85.54,93.96,17.7,85.08,81.96,98368.0,87789.0,368617.964992,99657.00800000002,
41001,2013,1,0,0,0,0,19661.0,318187.0,337848,0.058194808661937714,442.0,0.0,0.0,,,,,286.0,1279.0,3844.0,74415.0,50.958316802978516,11.444806678090917,80.45,85.26,40.8,78.79,78.87,98368.0,88770.0,382147.17273199995,109487.05099999999,
41001,2014,1,0,0,0,0,19664.0,320382.0,340046,0.05782746896147728,442.0,0.0,0.0,,,,,294.0,1270.0,3584.0,72675.0,50.969608306884766,11.51696396710484,81.62,86.73,39.7,79.83,78.88,111626.0,99601.0,416608.120325,120210.093,
41001,2015,1,0,0,0,0,19672.0,322445.0,342117,0.057500798255205154,442.0,0.0,0.0,,,,,294.0,1298.0,3740.0,72539.0,51.1602897644043,11.28567137,83.56,89.33,37.67,81.82,80.92,111626.0,104546.0,432306.5625,128229.2421875,
41001,2016,1,0,0,0,0,19651.0,324375.0,344026,0.057120684534311295,442.0,0.0,0.0,,,,,301.0,1228.0,4126.0,71478.0,52.74540328979492,,81.45,85.88,40.17,79.85,79.02,,108848.0,499100.64957800007,121277.961,
41001,2017,1,0,0,0,0,19634.0,326172.0,345806,0.05677749961614609,442.0,0.0,0.0,,,,,303.0,1301.0,4097.0,70258.0,52.382015228271484,,,,,,,,,483336.68945948436,132025.40966796875,
41001,2018,1,0,0,0,0,21398.0,335994.0,357392,0.05987263470888138,442.0,0.0,0.0,7.513325460406626,17.6,2.7,3.9,302.0,1207.0,4062.0,69704.0,52.354698181152344,,,,,,,,,546598.0460895,143488.10446799998,
41001,2019,1,0,0,0,0,22703.0,338346.0,361049,0.06288066506385803,442.0,0.0,,,,,,307.0,1465.0,4101.0,69234.0,52.026756286621094,,,,,,,,,610776.107162,150518.569293,
41001,2020,1,0,0,0,0,23896.0,340512.0,364408,0.06557484716176987,442.0,0.0,,,,,,308.0,1394.0,3981.0,68858.0,52.663028717041016,,,,,,,,,589234.505627,141861.378907,
41001,2021,1,0,0,0,0,24206.0,343194.0,367400,0.06588459759950638,442.0,0.0,,,,,,312.0,1386.0,3850.0,67951.0,51.929222106933594,,,,,,,,,656013.040363,166905.6118137,
41001,2022,1,0,0,0,0,24501.0,345817.0,370318,0.06616205722093582,442.0,0.0,,,,,,307.0,1480.0,3998.0,68590.0,52.64204025268555,,,,,,,,,715142.819963,191879.42435750001,
41001,2023,1,0,0,0,0,24783.0,348346.0,373129,0.06641938537359238,442.0,0.0,,,,,,,,,,,,,,,,,,,836675.001485,228104.5295795,
41016,1993,1,0,0,0,0,5771.0,7770.0,13541,0.426187127828598,391.0,33.08194351196289,33.08194351196289,48.2794075012207,,,,,,,,,,,,,,,,,1010.72998046875,1000.8800048828125,
41016,1994,1,0,0,0,0,5910.0,8083.0,13993,0.4223540425300598,391.0,33.08194351196289,33.08194351196289,,,,,,,,,,,,,,,,,,2081.5,2081.5,
41016,1995,1,0,0,0,0,6050.0,8411.0,14461,0.4183666408061981,391.0,33.08194351196289,33.08194351196289,,,,,,,,,,,,,,,,,,3203.3798828125,3203.3798828125,
41016,1996,1,0,0,0,0,6185.0,8743.0,14928,0.4143220782279968,391.0,33.08194351196289,33.08194351196289,,,,,31.0,,153.0,3281.0,,,,,,,,,,3613.050048828125,380.4100036621094,
41016,1997,1,0,0,0,0,6328.0,9087.0,15415,0.41050925850868225,391.0,33.08194351196289,33.08194351196289,,,,,32.0,,151.0,3358.0,,,,,,,,,,3736.929931640625,1370.5899658203125,
41016,1998,1,0,0,0,0,6466.0,9441.0,15907,0.40648770332336426,391.0,33.08194351196289,33.08194351196289,,,,,35.0,,157.0,3435.0,,,,,,,,,,5484.33984375,1002.7999877929688,
41016,1999,1,0,0,0,0,6620.0,9803.0,16423,0.40309321880340576,391.0,33.08194351196289,33.08194351196289,,,,,35.0,,168.0,3758.0,,,,,,,,,,7682.27978515625,1293.9200439453125,
41016,2000,1,0,0,0,0,6774.0,10172.0,16946,0.3997403383255005,391.0,33.08194351196289,33.08194351196289,,,,,33.0,,151.0,3678.0,48.76872634887695,,,,,,,,,22771.613,1631.636,14550325.0
41016,2001,1,0,0,0,0,6935.0,10552.0,17487,0.396580308675766,391.0,33.08194351196289,33.08194351196289,,,,,35.0,,150.0,3633.0,49.28040313720703,,,,,,,,,13567.71,1415.024,11837781.0
41016,2002,1,0,0,0,0,7111.0,10936.0,18047,0.3940266966819763,391.0,33.08194351196289,33.08194351196289,,,,,35.0,,156.0,3972.0,49.89011001586914,,,,,,,,,11631.937,1579.824,11289936.0
41016,2003,1,0,0,0,0,7280.0,11331.0,18611,0.3911665081977844,391.0,33.08194351196289,33.08194351196289,,,,,12.0,,149.0,4001.0,49.95681381225586,,,,,,,,,16601.539,1949.667,16155152.0
41016,2004,1,0,0,0,0,7458.0,11736.0,19194,0.38855892419815063,391.0,33.08194351196289,33.08194351196289,,,,,31.0,,143.0,4018.0,48.50840377807617,,,,,,,,,16992.333,1847.095,12767777.0
41016,2005,1,0,0,0,0,7642.0,12151.0,19793,0.3860960900783539,391.0,33.08194351196289,33.08194351196289,38.01140714055135,70.98413000000001,23.98547,15.642439999999999,30.0,,141.0,4202.0,48.896785736083984,20.97,79.23202996956216,97.71908763505402,53.16027088036117,,66.96324045890893,,,18019.307,2141.309,25991792.0
41016,2006,1,0,0,0,0,7827.0,12567.0,20394,0.3837893605232239,391.0,33.08194351196289,33.08194351196289,,,,,31.0,,145.0,4410.0,47.5664176940918,20.5,,,,,,,2199.0,30717.219849,3968.440229,24341080.0
41016,2007,1,0,0,0,0,8017.0,12979.0,20996,0.38183462619781494,391.0,33.08194351196289,33.08194351196289,,,,,,10.0,55.0,1366.0,46.457664489746094,20.03,,,,,,,2265.0,31583.629,6280.460999999999,9012132.0
41016,2008,1,0,0,0,0,8206.0,13398.0,21604,0.3798370659351349,391.0,33.08194351196289,33.08194351196289,,,,,33.0,40.0,166.0,4448.0,54.1512565612793,19.57,49.33,63.09,24.64,42.63,41.94,,2286.0,53227.866,3952.474,33544704.0
41016,2009,1,0,0,0,0,8406.0,13827.0,22233,0.3780866265296936,391.0,33.08194351196289,33.08194351196289,,,,,33.0,41.0,176.0,4405.0,48.79606628417969,19.1,57.24,69.43,35.16,44.74,46.06,,2388.0,35710.823,5013.261,40984736.0
41016,2010,1,0,0,0,0,8603.0,14260.0,22863,0.3762848377227783,391.0,33.08194351196289,33.08194351196289,,,,,32.0,29.0,168.0,4501.0,46.792564392089844,18.64,57.87,69.31,37.25,42.7,44.3,,2426.0,39189.334,6368.547,42031200.0
41016,2011,1,0,0,0,0,8812.0,14701.0,23513,0.3747714161872864,391.0,33.08194351196289,33.08194351196289,,,,,32.0,28.0,168.0,4059.0,46.597774505615234,18.64,62.74,66.79,39.95,56.72,55.57,4967.0,2627.0,47929.525403,7065.709807000001,
41016,2012,1,0,0,0,0,9021.0,15148.0,24169,0.3732467293739319,391.0,33.08194351196289,33.08194351196289,,,,,32.0,28.0,165.0,4015.0,46.56319808959961,17.130865935373173,98.4,97.91,100.0,76.76,75.04,5097.0,2694.0,34162.853667999996,4888.228593,
41016,2013,1,0,0,0,0,9241.0,15606.0,24847,0.37191611528396606,391.0,33.08194351196289,33.08194351196289,,,,,32.0,43.0,175.0,3804.0,47.657310485839844,16.035291668724422,62.74,66.79,39.95,56.72,55.57,5097.0,2709.0,41316.025593000006,4066.820159,
41016,2014,1,0,0,0,0,9469.0,16067.0,25536,0.3708098232746124,391.0,33.08194351196289,33.08194351196289,,,,,32.0,29.0,160.0,2901.0,46.687862396240234,17.130746239765326,62.74,66.79,39.95,56.72,55.57,5418.0,3519.0,47020.459324999996,5702.125314,
41016,2015,1,0,0,0,0,9693.0,16542.0,26235,0.3694682717323303,391.0,33.08194351196289,33.08194351196289,,,,,32.0,26.0,153.0,3033.0,44.262290954589844,15.73671702,62.74,66.79,39.95,56.72,55.57,5418.0,3595.0,74008.6640625,6795.2236328125,
41016,2016,1,0,0,0,0,9931.0,17019.0,26950,0.36849722266197205,391.0,33.08194351196289,33.08194351196289,,,,,32.0,27.0,176.0,2910.0,45.47861099243164,,52.89,66.76,31.34,40.52,40.72,,3665.0,46728.994963000005,5922.249081,
41016,2017,1,0,0,0,0,10171.0,17498.0,27669,0.36759549379348755,391.0,33.08194351196289,33.08194351196289,,,,,32.0,24.0,170.0,2933.0,43.47584533691406,,,,,,,,,26759.45056438916,4333.117347717285,
41016,2018,1,0,0,0,0,5610.0,10553.0,16163,0.347089022397995,391.0,33.08194351196289,33.08194351196289,15.190651906519065,35.4,17.1,7.5,32.0,26.0,167.0,2817.0,45.21456527709961,,,,,,,,,33287.661061,6807.025817000001,
41016,2019,1,0,0,0,0,5665.0,10696.0,16361,0.3462502360343933,391.0,33.08194351196289,,,,,,27.0,29.0,159.0,2831.0,46.803802490234375,,,,,,,,,25656.557254000003,7391.193617,
41016,2020,1,0,0,0,0,5712.0,10834.0,16546,0.34521937370300293,391.0,33.08194351196289,,,,,,27.0,28.0,155.0,2879.0,45.88862991333008,,,,,,,,,23397.427977,6478.197721000001,
41016,2021,1,0,0,0,0,5785.0,10900.0,16685,0.34671860933303833,391.0,33.08194351196289,,,,,,27.0,30.0,164.0,2970.0,44.78824234008789,,,,,,,,,27587.431813000003,8335.166433800001,
41016,2022,1,0,0,0,0,5855.0,10963.0,16818,0.3481388986110687,391.0,33.08194351196289,,,,,,27.0,30.0,160.0,2779.0,44.34245300292969,,,,,,,,,64189.557726,10327.3878018,
41016,2023,1,0,0,0,0,5924.0,11021.0,16945,0.3496016561985016,391.0,33.08194351196289,,,,,,,,,,,,,,,,,,,47838.454586,10800.662169,
41524,1993,1,0,0,0,0,11567.0,8046.0,19613,0.5897619128227234,549.0,24.553831100463867,24.553831100463867,38.00566482543945,,,,,,,,,,,,,,,,,1202.6500244140625,1192.9300537109375,
41524,1994,1,0,0,0,0,11842.0,8313.0,20155,0.5875465273857117,549.0,24.553831100463867,24.553831100463867,,,,,,,,,,,,,,,,,,2255.68994140625,2249.280029296875,
41524,1995,1,0,0,0,0,12119.0,8640.0,20759,0.5837949514389038,549.0,24.553831100463867,24.553831100463867,,,,,,,,,,,,,,,,,,3073.1201171875,3070.60009765625,
41524,1996,1,0,0,0,0,12396.0,9011.0,21407,0.5790629386901855,549.0,24.553831100463867,24.553831100463867,,,,,59.0,,191.0,4408.0,,,,,,,,,,4516.06005859375,805.6599731445312,
41524,1997,1,0,0,0,0,12669.0,9419.0,22088,0.5735693573951721,549.0,24.553831100463867,24.553831100463867,,,,,60.0,,225.0,5289.0,,,,,,,,,,4849.72021484375,971.010009765625,
41524,1998,1,0,0,0,0,12943.0,9853.0,22796,0.5677750706672668,549.0,24.553831100463867,24.553831100463867,,,,,60.0,,242.0,5484.0,,,,,,,,,,5986.14013671875,1969.25,
41524,1999,1,0,0,0,0,13212.0,10296.0,23508,0.5620214343070984,549.0,24.553831100463867,24.553831100463867,,,,,59.0,,243.0,5640.0,,,,,,,,,,7568.77978515625,2019.25,
41524,2000,1,0,0,0,0,13479.0,10740.0,24219,0.5565465092658997,549.0,24.553831100463867,24.553831100463867,,,,,59.0,,245.0,5589.0,48.5086669921875,,,,,,,,,17844.122,1711.686,11195745.0
41524,2001,1,0,0,0,0,13730.0,11179.0,24909,0.5512064099311829,549.0,24.553831100463867,24.553831100463867,,,,,56.0,,255.0,5247.0,49.58754348754883,,,,,,,,,11812.53,2022.935,8930262.0
41524,2002,1,0,0,0,0,13970.0,11596.0,25566,0.5464288592338562,549.0,24.553831100463867,24.553831100463867,,,,,54.0,,231.0,5576.0,49.58470916748047,,,,,,,,,14479.549,2517.765,11672093.0
41524,2003,1,0,0,0,0,14186.0,11980.0,26166,0.5421539545059204,549.0,24.553831100463867,24.553831100463867,,,,,14.0,,240.0,5835.0,48.65475845336914,,,,,,,,,17661.163,2583.98,12287236.0
41524,2004,1,0,0,0,0,14380.0,12323.0,26703,0.5385162830352783,549.0,24.553831100463867,24.553831100463867,,,,,52.0,,237.0,5723.0,49.25321960449219,,,,,,,,,20589.744,2871.32,18151928.0
41524,2005,1,0,0,0,0,14562.0,12640.0,27202,0.5353282690048218,549.0,24.553831100463867,24.553831100463867,30.216836041180784,64.99998000000001,42.23539,17.52343,53.0,47.0,273.0,5845.0,48.04592514038086,16.97,72.69102990033223,96.68848671544089,54.484370435290685,,65.29900332225914,,,17914.62032,3100.60232,20327278.0
41524,2006,1,0,0,0,0,14738.0,12923.0,27661,0.5328079462051392,549.0,24.553831100463867,24.553831100463867,,,,,54.0,55.0,233.0,5855.0,48.66518783569336,16.78,,,,,,,2663.0,31134.658831,3946.592831,20737744.0
41524,2007,1,0,0,0,0,14949.0,13230.0,28179,0.5305014252662659,549.0,24.553831100463867,24.553831100463867,,,,,54.0,33.0,137.0,2996.0,48.93741226196289,16.59,,,,,,,2669.0,27484.235,4231.938,27066848.0
41524,2008,1,0,0,0,0,15168.0,13538.0,28706,0.5283913016319275,549.0,24.553831100463867,24.553831100463867,,,,,58.0,68.0,268.0,6029.0,49.36901092529297,16.4,67.92,100.0,39.4,67.92,67.92,,2770.0,33965.286,4626.828,41272556.0
41524,2009,1,0,0,0,0,15406.0,13859.0,29265,0.5264309048652649,549.0,24.553831100463867,24.553831100463867,,,,,58.0,60.0,284.0,6218.0,48.6142463684082,16.21,56.09,63.46,50.14,49.33,51.09,,2833.0,28102.924,5260.482999999999,31355626.0
41524,2010,1,0,0,0,0,15653.0,14179.0,29832,0.5247049927711487,549.0,24.553831100463867,24.553831100463867,,,,,58.0,63.0,272.0,6064.0,49.65382385253906,16.02,97.02,100.0,94.4,73.67,73.67,,2831.0,31839.436999999998,5229.384999999999,34311932.0
41524,2011,1,0,0,0,0,15902.0,14499.0,30401,0.5230749249458313,549.0,24.553831100463867,24.553831100463867,,,,,57.0,90.0,348.0,7266.0,48.2760009765625,16.02,97.02,100.0,94.4,73.72,73.72,7670.0,2841.0,35068.406,5873.846,
41524,2012,1,0,0,0,0,16152.0,14815.0,30967,0.5215874910354614,549.0,24.553831100463867,24.553831100463867,,,,,57.0,80.0,344.0,6974.0,49.699607849121094,14.767438403631958,97.13,100.0,94.31,74.69,74.69,7597.0,3001.0,24334.311999999998,7115.16,
41524,2013,1,0,0,0,0,16403.0,15133.0,31536,0.5201357007026672,549.0,24.553831100463867,24.553831100463867,,,,,57.0,126.0,317.0,6830.0,49.639915466308594,13.290694563268763,62.02,74.27,50.1,62.02,62.02,7597.0,3050.0,28526.42,7153.821,
41524,2014,1,0,0,0,0,16657.0,15448.0,32105,0.5188288688659668,549.0,24.553831100463867,24.553831100463867,,,,,57.0,95.0,323.0,5186.0,51.256290435791016,13.50856552297951,62.03,74.25,50.13,62.03,62.03,8203.0,4645.0,35596.892,8174.317000000001,
41524,2015,1,0,0,0,0,16923.0,15758.0,32681,0.5178238153457642,549.0,24.553831100463867,24.553831100463867,,,,,58.0,97.0,320.0,5370.0,51.10435485839844,13.92506197,61.18,74.24,48.81,61.18,61.18,8203.0,4828.0,42442.9765625,10801.447265625,
41524,2016,1,0,0,0,0,17184.0,16069.0,33253,0.5167654156684875,549.0,24.553831100463867,24.553831100463867,,,,,57.0,61.0,332.0,5241.0,51.558631896972656,,58.83,73.86,45.47,58.83,58.83,,4952.0,36679.07,10347.674,
41524,2017,1,0,0,0,0,17444.0,16381.0,33825,0.5157132148742676,549.0,24.553831100463867,24.553831100463867,,,,,57.0,84.0,332.0,5103.0,52.31085968017578,,,,,,,,,31997.272033691406,13015.636047363281,
41524,2018,1,0,0,0,0,13804.0,12475.0,26279,0.5252863764762878,549.0,24.553831100463867,24.553831100463867,12.602501449515447,32.6,18.4,4.6,57.0,87.0,318.0,5104.0,51.182106018066406,,,,,,,,,35811.1914558,14120.697636550001,
41524,2019,1,0,0,0,0,13986.0,12604.0,26590,0.5259872078895569,549.0,24.553831100463867,,,,,,57.0,88.0,321.0,5403.0,51.776702880859375,,,,,,,,,37447.39592035,17462.10474963,
41524,2020,1,0,0,0,0,14155.0,12726.0,26881,0.5265800952911377,549.0,24.553831100463867,,,,,,58.0,86.0,326.0,5144.0,51.66952133178711,,,,,,,,,34826.05449263,14260.429380399999,
41524,2021,1,0,0,0,0,14335.0,12772.0,27107,0.5288301706314087,549.0,24.553831100463867,,,,,,58.0,82.0,329.0,5247.0,52.29051208496094,,,,,,,,,70842.06547500001,19812.053091,
41524,2022,1,0,0,0,0,14510.0,12812.0,27322,0.5310738682746887,549.0,24.553831100463867,,,,,,58.0,99.0,348.0,5756.0,51.01914596557617,,,,,,,,,55391.377947,25902.86732025,
41524,2023,1,0,0,0,0,14679.0,12851.0,27530,0.5332001447677612,549.0,24.553831100463867,,,,,,,,,,,,,,,,,,,54616.350458,25921.38090925,
41615,1993,1,0,0,0,0,7502.0,6602.0,14104,0.5319058299064636,700.0,26.490581512451172,26.490581512451172,41.909297943115234,,,,,,,,,,,,,,,,,654.260009765625,644.719970703125,
41615,1994,1,0,0,0,0,7569.0,6770.0,14339,0.5278610587120056,700.0,26.490581512451172,26.490581512451172,,,,,,,,,,,,,,,,,,869.4199829101562,868.4199829101562,
41615,1995,1,0,0,0,0,7617.0,6950.0,14567,0.5228942036628723,700.0,26.490581512451172,26.490581512451172,,,,,,,,,,,,,,,,,,1086.3800048828125,1086.3800048828125,
41615,1996,1,0,0,0,0,7645.0,7142.0,14787,0.5170081853866577,700.0,26.490581512451172,26.490581512451172,,,,,28.0,,199.0,4151.0,,,,,,,,,,1832.81005859375,577.8099975585938,
41615,1997,1,0,0,0,0,7667.0,7337.0,15004,0.5109970569610596,700.0,26.490581512451172,26.490581512451172,,,,,29.0,,203.0,4239.0,,,,,,,,,,3009.510009765625,948.1599731445312,
41615,1998,1,0,0,0,0,7676.0,7541.0,15217,0.5044358372688293,700.0,26.490581512451172,26.490581512451172,,,,,31.0,,219.0,4332.0,,,,,,,,,,2754.340087890625,755.5,
41615,1999,1,0,0,0,0,7678.0,7748.0,15426,0.49773108959198,700.0,26.490581512451172,26.490581512451172,,,,,32.0,,204.0,4167.0,,,,,,,,,,4523.68994140625,1146.280029296875,
41615,2000,1,0,0,0,0,7675.0,7949.0,15624,0.49123144149780273,700.0,26.490581512451172,26.490581512451172,,,,,33.0,,204.0,4483.0,49.36054611206055,,,,,,,,,4165.007,1266.111,2973022.0
41615,2001,1,0,0,0,0,7681.0,8160.0,15841,0.4848810136318207,700.0,26.490581512451172,26.490581512451172,,,,,32.0,,191.0,4316.0,52.70902633666992,,,,,,,,,3376.206,1124.526,2768330.0
41615,2002,1,0,0,0,0,7685.0,8368.0,16053,0.47872671484947205,700.0,26.490581512451172,26.490581512451172,,,,,31.0,,184.0,4571.0,49.916622161865234,,,,,,,,,4239.809000000001,1204.936,4028507.0
41615,2003,1,0,0,0,0,7691.0,8571.0,16262,0.4729430675506592,700.0,26.490581512451172,26.490581512451172,,,,,7.0,,214.0,4881.0,52.43955612182617,,,,,,,,,4211.465,1458.729,3666764.0
41615,2004,1,0,0,0,0,7705.0,8767.0,16472,0.4677634835243225,700.0,26.490581512451172,26.490581512451172,,,,,31.0,,207.0,4225.0,51.50337219238281,,,,,,,,,4660.43,1797.475,3200435.0
41615,2005,1,0,0,0,0,7724.0,8965.0,16689,0.46281981468200684,700.0,26.490581512451172,26.490581512451172,32.322259579295526,65.51435,11.66188,7.07575,31.0,60.0,197.0,4664.0,50.36362838745117,18.67,87.67326732673267,97.81783681214421,76.60455486542443,,68.76237623762376,,,6305.411999999999,2806.27,5973804.0
41615,2006,1,0,0,0,0,7749.0,9150.0,16899,0.45854783058166504,700.0,26.490581512451172,26.490581512451172,,,,,31.0,66.0,185.0,3990.0,51.39590835571289,18.25,,,,,,,3316.0,7521.262162000001,2229.163162,5400911.0
41615,2007,1,0,0,0,0,7777.0,9337.0,17114,0.45442327857017517,700.0,26.490581512451172,26.490581512451172,,,,,30.0,68.0,220.0,4553.0,50.921112060546875,17.84,,,,,,,3495.0,8486.670999999998,2299.0,6624028.0
41615,2008,1,0,0,0,0,7813.0,9516.0,17329,0.45086270570755005,700.0,26.490581512451172,26.490581512451172,,,,,31.0,99.0,235.0,5067.0,51.97760009765625,17.42,39.69,97.13,0.0,39.69,39.69,,3667.0,9993.713,3433.705,8718493.0
41615,2009,1,0,0,0,0,7849.0,9691.0,17540,0.44749143719673157,700.0,26.490581512451172,26.490581512451172,,,,,32.0,70.0,257.0,5338.0,50.16440963745117,17.01,30.8,65.95,10.28,30.63,30.63,,3895.0,10208.795999999998,3332.1939999999995,9542082.0
41615,2010,1,0,0,0,0,7888.0,9870.0,17758,0.44419416785240173,700.0,26.490581512451172,26.490581512451172,,,,,33.0,70.0,264.0,5308.0,50.095523834228516,16.59,55.65,81.74,38.48,46.4,45.57,,4099.0,10705.702,3828.9880000000003,10498033.0
41615,2011,1,0,0,0,0,7927.0,10039.0,17966,0.44122231006622314,700.0,26.490581512451172,26.490581512451172,,,,,34.0,100.0,260.0,5384.0,48.69269561767578,15.79420175245034,99.06,100.0,0.0,99.06,99.06,5463.0,4410.0,12148.397705,3919.074224,
41615,2012,1,0,0,0,0,7972.0,10205.0,18177,0.43857622146606445,700.0,26.490581512451172,26.490581512451172,,,,,34.0,96.0,260.0,5199.0,49.014808654785156,15.759366554508462,99.06,100.0,0.0,99.06,99.06,5773.0,4608.0,14303.594,4578.984,
41615,2013,1,0,0,0,0,8017.0,10367.0,18384,0.4360857307910919,700.0,26.490581512451172,26.490581512451172,,,,,34.0,97.0,280.0,5141.0,51.051483154296875,15.759366554508462,99.06,100.0,0.0,99.06,99.06,5773.0,4702.0,17985.192,4631.858,
41615,2014,1,0,0,0,0,8066.0,10525.0,18591,0.43386584520339966,700.0,26.490581512451172,26.490581512451172,,,,,34.0,85.0,259.0,4227.0,50.08066177368164,15.640120701153968,99.06,100.0,0.0,99.06,99.06,6538.0,5245.0,17952.017,5559.381,
41615,2015,1,0,0,0,0,8116.0,10680.0,18796,0.4317939877510071,700.0,26.490581512451172,26.490581512451172,,,,,33.0,101.0,267.0,4200.0,51.29166793823242,14.030752281005224,99.06,100.0,0.0,99.06,99.06,6538.0,5622.0,19897.71875,6152.35400390625,
41615,2016,1,0,0,0,0,8169.0,10825.0,18994,0.43008318543434143,700.0,26.490581512451172,26.490581512451172,,,,,34.0,82.0,274.0,4137.0,52.07645797729492,,74.92,99.53,30.47,74.92,74.92,,5974.0,19914.592124,6930.3733059999995,
41615,2017,1,0,0,0,0,8219.0,10967.0,19186,0.42838528752326965,700.0,26.490581512451172,26.490581512451172,,,,,32.0,90.0,288.0,4367.0,52.644142150878906,,,,,,,,,22797.19523081885,8883.821960449219,
41615,2018,1,0,0,0,0,12592.0,11720.0,24312,0.5179335474967957,700.0,26.490581512451172,26.490581512451172,12.442440066460954,27.4,7.9,3.0,33.0,99.0,287.0,3961.0,51.908077239990234,,,,,,,,,23750.873495189997,9872.393296499999,
41615,2019,1,0,0,0,0,12885.0,11872.0,24757,0.5204588770866394,700.0,26.490581512451172,,,,,,34.0,107.0,286.0,4285.0,52.67222213745117,,,,,,,,,25263.746752940002,10604.94865795,
41615,2020,1,0,0,0,0,13132.0,11999.0,25131,0.522541880607605,700.0,26.490581512451172,,,,,,35.0,104.0,288.0,4271.0,53.18138885498047,,,,,,,,,28536.822829979996,9848.50450416,
41615,2021,1,0,0,0,0,13301.0,12041.0,25342,0.5248599052429199,700.0,26.490581512451172,,,,,,35.0,111.0,296.0,4448.0,51.87676239013672,,,,,,,,,33935.962916000004,10858.10445,
41615,2022,1,0,0,0,0,13464.0,12080.0,25544,0.5270904898643494,700.0,26.490581512451172,,,,,,35.0,115.0,325.0,4720.0,52.45661163330078,,,,,,,,,40907.064398,13354.39798475,
41615,2023,1,0,0,0,0,13621.0,12117.0,25738,0.5292174816131592,700.0,26.490581512451172,,,,,,,,,,,,,,,,,,,42166.855385,15488.371563,
41799,1993,1,0,0,0,0,9587.0,3587.0,13174,0.7277212738990784,573.0,17.600128173828125,17.600128173828125,51.84819030761719,,,,,,,,,,,,,,,,,430.0899963378906,429.5899963378906,
41799,1994,1,0,0,0,0,9575.0,3667.0,13242,0.7230780720710754,573.0,17.600128173828125,17.600128173828125,,,,,,,,,,,,,,,,,,451.239990234375,450.760009765625,
41799,1995,1,0,0,0,0,9507.0,3787.0,13294,0.7151346206665039,573.0,17.600128173828125,17.600128173828125,,,,,,,,,,,,,,,,,,692.22998046875,692.22998046875,
41799,1996,1,0,0,0,0,9396.0,3933.0,13329,0.7049291133880615,573.0,17.600128173828125,17.600128173828125,,,,,50.0,,139.0,2825.0,,,,,,,,,,1369.97998046875,354.7300109863281,
41799,1997,1,0,0,0,0,9247.0,4110.0,13357,0.6922961473464966,573.0,17.600128173828125,17.600128173828125,,,,,51.0,,141.0,2778.0,,,,,,,,,,0.0,0.0,
41799,1998,1,0,0,0,0,9073.0,4301.0,13374,0.6784058809280396,573.0,17.600128173828125,17.600128173828125,,,,,51.0,,151.0,3065.0,,,,,,,,,,0.0,0.0,
41799,1999,1,0,0,0,0,8888.0,4509.0,13397,0.6634321212768555,573.0,17.600128173828125,17.600128173828125,,,,,52.0,,179.0,3058.0,,,,,,,,,,2820.6201171875,1067.25,
41799,2000,1,0,0,0,0,8697.0,4719.0,13416,0.6482558250427246,573.0,17.600128173828125,17.600128173828125,,,,,48.0,,139.0,3150.0,46.44108200073242,,,,,,,,,2929.465,619.0809999999999,2158524.0
41799,2001,1,0,0,0,0,8512.0,4927.0,13439,0.6333804726600647,573.0,17.600128173828125,17.600128173828125,,,,,50.0,,141.0,3199.0,48.18069839477539,,,,,,,,,4174.315000000001,755.2719999999999,2739258.0
41799,2002,1,0,0,0,0,8331.0,5126.0,13457,0.6190829873085022,573.0,17.600128173828125,17.600128173828125,,,,,48.0,,141.0,3654.0,47.53609848022461,,,,,,,,,4322.668,764.809,3569648.0
41799,2003,1,0,0,0,0,8178.0,5305.0,13483,0.6065415740013123,573.0,17.600128173828125,17.600128173828125,,,,,4.0,,138.0,3506.0,47.446937561035156,,,,,,,,,4899.76,1211.365,3312715.0
41799,2004,1,0,0,0,0,8051.0,5470.0,13521,0.5954441428184509,573.0,17.600128173828125,17.600128173828125,,,,,48.0,,148.0,3507.0,48.09629440307617,,,,,,,,,3891.849,893.9839999999999,3173428.0
41799,2005,1,0,0,0,0,7951.0,5614.0,13565,0.5861408114433289,573.0,17.600128173828125,17.600128173828125,53.44817296183491,78.09066999999999,36.45815,32.59136,48.0,,149.0,3426.0,46.13443374633789,25.59,67.6954732510288,99.20870425321465,50.97112860892389,,44.615912208504795,,,3944.26,898.2069999999999,4022126.0
41799,2006,1,0,0,0,0,7876.0,5729.0,13605,0.5789048075675964,573.0,17.600128173828125,17.600128173828125,,,,,48.0,,135.0,3293.0,47.41232681274414,25.59,,,,,,,1091.0,5406.232891,1062.673891,3890090.0
41799,2007,1,0,0,0,0,7816.0,5838.0,13654,0.5724329948425293,573.0,17.600128173828125,17.600128173828125,,,,,,12.0,84.0,1943.0,48.23089599609375,25.59,,,,,,,1121.0,6632.319,1321.304,4954575.0
41799,2008,1,0,0,0,0,7770.0,5945.0,13715,0.5665329694747925,573.0,17.600128173828125,17.600128173828125,,,,,47.0,42.0,148.0,3214.0,48.36422348022461,25.59,59.27,47.94,98.98,59.27,59.27,,1145.0,7160.075,1598.606,5794423.0
41799,2009,1,0,0,0,0,7726.0,6047.0,13773,0.5609526038169861,573.0,17.600128173828125,17.600128173828125,,,,,48.0,25.0,143.0,3241.0,47.643497467041016,25.59,61.61,51.22,99.02,61.61,61.61,,1197.0,8416.06008,2508.9269999999997,8239915.0
41799,2010,1,0,0,0,0,7689.0,6151.0,13840,0.5555635690689087,573.0,17.600128173828125,17.600128173828125,,,,,48.0,27.0,141.0,3099.0,47.496826171875,25.59,61.61,51.22,99.02,61.61,61.61,,1215.0,8954.474,2130.538,8439753.0
41799,2011,1,0,0,0,0,7655.0,6252.0,13907,0.5504422187805176,573.0,17.600128173828125,17.600128173828125,,,,,47.0,26.0,139.0,2992.0,45.26972961425781,23.031,61.61,51.22,99.02,61.61,61.61,3610.0,1453.0,7428.078149,1840.59264,
41799,2012,1,0,0,0,0,7627.0,6343.0,13970,0.5459555983543396,573.0,17.600128173828125,17.600128173828125,,,,,47.0,25.0,138.0,2824.0,47.74274444580078,23.031,68.75,62.32,99.02,68.75,68.75,3672.0,1498.0,9611.448,2059.08,
41799,2013,1,0,0,0,0,7603.0,6444.0,14047,0.5412543416023254,573.0,17.600128173828125,17.600128173828125,,,,,47.0,24.0,137.0,2815.0,45.994564056396484,23.031,68.85,62.47,99.02,68.85,68.85,3672.0,1509.0,11947.681,2396.8320000000003,
41799,2014,1,0,0,0,0,7583.0,6535.0,14118,0.537115752696991,573.0,17.600128173828125,17.600128173828125,,,,,47.0,25.0,130.0,1606.0,47.2049560546875,22.665346967053004,68.85,62.47,99.02,68.85,68.85,3734.0,2012.0,15274.522999999997,2769.2,
41799,2015,1,0,0,0,0,7572.0,6623.0,14195,0.5334272384643555,573.0,17.600128173828125,17.600128173828125,,,,,47.0,26.0,134.0,1531.0,46.7891731262207,20.212956425217868,74.79,68.74,98.25,74.79,74.79,3734.0,2049.0,19521.484375,4121.7548828125,
41799,2016,1,0,0,0,0,7560.0,6713.0,14273,0.5296714305877686,573.0,17.600128173828125,17.600128173828125,,,,,47.0,11.0,130.0,1539.0,48.44997024536133,,72.15,64.8,98.2,72.15,72.15,,2216.0,13902.768,3668.692,
41799,2017,1,0,0,0,0,7557.0,6801.0,14358,0.5263267755508423,573.0,17.600128173828125,17.600128173828125,,,,,47.0,20.0,129.0,1555.0,46.29949188232422,,,,,,,,,16082.35481739508,3409.868444442749,
41799,2018,1,0,0,0,0,6627.0,5173.0,11800,0.5616101622581482,573.0,17.600128173828125,17.600128173828125,16.916299559471366,44.5,18.3,13.0,46.0,11.0,123.0,1603.0,46.1506233215332,,,,,,,,,16578.68991385,3104.33181978,
41799,2019,1,0,0,0,0,6561.0,5214.0,11775,0.5571974515914917,573.0,17.600128173828125,,,,,,46.0,27.0,129.0,1587.0,45.41289520263672,,,,,,,,,20487.729570810003,4066.8403062599996,
41799,2020,1,0,0,0,0,6549.0,5251.0,11800,0.5550000071525574,573.0,17.600128173828125,,,,,,44.0,18.0,129.0,1595.0,45.22874069213867,,,,,,,,,16059.00333645,3483.66624535,
41799,2021,1,0,0,0,0,6632.0,5265.0,11897,0.5574514865875244,573.0,17.600128173828125,,,,,,44.0,25.0,128.0,1657.0,44.997154235839844,,,,,,,,,22360.332954,4073.9087685000004,
41799,2022,1,0,0,0,0,6713.0,5278.0,11991,0.5598365664482117,573.0,17.600128173828125,,,,,,44.0,24.0,127.0,1535.0,48.084556579589844,,,,,,,,,22529.821364000003,4299.3286339999995,
41799,2023,1,0,0,0,0,6792.0,5290.0,12082,0.5621585845947266,573.0,17.600128173828125,,,,,,,,,,,,,,,,,,,28843.562768,5688.479994,
41872,1993,1,0,0,0,0,5190.0,2323.0,7513,0.6908026337623596,375.0,38.231727600097656,38.231727600097656,49.876792907714844,,,,,,,,,,,,,,,,,327.510009765625,327.4100036621094,
41872,1994,1,0,0,0,0,5169.0,2320.0,7489,0.6902123093605042,375.0,38.231727600097656,38.231727600097656,,,,,,,,,,,,,,,,,,596.280029296875,596.280029296875,
41872,1995,1,0,0,0,0,5148.0,2325.0,7473,0.6888799667358398,375.0,38.231727600097656,38.231727600097656,,,,,,,,,,,,,,,,,,713.489990234375,713.489990234375,
41872,1996,1,0,0,0,0,5127.0,2335.0,7462,0.6870812177658081,375.0,38.231727600097656,38.231727600097656,,,,,22.0,,92.0,1793.0,,,,,,,,,,1269.3900146484375,319.760009765625,
41872,1997,1,0,0,0,0,5105.0,2341.0,7446,0.6856030225753784,375.0,38.231727600097656,38.231727600097656,,,,,22.0,,94.0,1810.0,,,,,,,,,,1941.77001953125,339.260009765625,
41872,1998,1,0,0,0,0,5075.0,2353.0,7428,0.6832256317138672,375.0,38.231727600097656,38.231727600097656,,,,,22.0,,96.0,1874.0,,,,,,,,,,2694.090087890625,587.4600219726562,
41872,1999,1,0,0,0,0,5050.0,2369.0,7419,0.6806847453117371,375.0,38.231727600097656,38.231727600097656,,,,,24.0,,101.0,1863.0,,,,,,,,,,0.0,0.0,
41872,2000,1,0,0,0,0,5024.0,2388.0,7412,0.6778197288513184,375.0,38.231727600097656,38.231727600097656,,,,,24.0,,103.0,1984.0,48.154685974121094,,,,,,,,,3168.062,685.428,2800795.0
41872,2001,1,0,0,0,0,5005.0,2395.0,7400,0.6763513684272766,375.0,38.231727600097656,38.231727600097656,,,,,22.0,,89.0,1768.0,48.05846405029297,,,,,,,,,4381.053,1016.717,2656317.0
41872,2002,1,0,0,0,0,4986.0,2407.0,7393,0.6744217276573181,375.0,38.231727600097656,38.231727600097656,,,,,18.0,,85.0,1787.0,48.13642501831055,,,,,,,,,4507.148999999999,1197.971,3253974.0
41872,2003,1,0,0,0,0,4972.0,2418.0,7390,0.6728010773658752,375.0,38.231727600097656,38.231727600097656,,,,,6.0,,82.0,1808.0,48.47731399536133,,,,,,,,,3695.172000000001,1043.302,2971430.0
41872,2004,1,0,0,0,0,4953.0,2427.0,7380,0.6711382269859314,375.0,38.231727600097656,38.231727600097656,,,,,16.0,,76.0,1452.0,46.34524917602539,,,,,,,,,4017.329,919.652,3321504.0
41872,2005,1,0,0,0,0,4942.0,2434.0,7376,0.6700108647346497,375.0,38.231727600097656,38.231727600097656,39.99726327312534,65.33935,20.488049999999998,32.02847,16.0,,88.0,1707.0,48.08380126953125,24.87,82.8525641025641,98.5781990521327,74.818401937046,,57.74572649572649,,,4124.64,862.941,3677408.0
41872,2006,1,0,0,0,0,4929.0,2441.0,7370,0.6687924265861511,375.0,38.231727600097656,38.231727600097656,,,,,15.0,,82.0,1630.0,46.968605041503906,24.32,,,,,,,605.0,3775.562,773.636004,3142929.0
41872,2007,1,0,0,0,0,4914.0,2445.0,7359,0.6677537560462952,375.0,38.231727600097656,38.231727600097656,,,,,,7.0,53.0,895.0,47.934974670410156,23.77,,,,,,,637.0,5127.572,906.271,3906526.0
41872,2008,1,0,0,0,0,4904.0,2446.0,7350,0.6672108769416809,375.0,38.231727600097656,38.231727600097656,,,,,13.0,33.0,86.0,1613.0,50.023799896240234,23.22,34.71,53.2,27.77,13.92,13.37,,632.0,5454.523999999999,1048.288,4700984.0
41872,2009,1,0,0,0,0,4894.0,2449.0,7343,0.666485071182251,375.0,38.231727600097656,38.231727600097656,,,,,14.0,16.0,79.0,1549.0,47.20230484008789,22.66,34.76,53.23,27.81,13.95,13.4,,658.0,6098.064,1188.868,6104707.0
41872,2010,1,0,0,0,0,4886.0,2452.0,7338,0.6658490300178528,375.0,38.231727600097656,38.231727600097656,,,,,15.0,15.0,77.0,1524.0,45.14561462402344,22.11,35.01,54.2,27.85,14.14,27.93,,666.0,5430.924,1213.366,5371433.0
41872,2011,1,0,0,0,0,4876.0,2453.0,7329,0.6653022170066833,375.0,38.231727600097656,38.231727600097656,,,,,15.0,16.0,83.0,1466.0,46.05720901489258,22.11,32.89,50.04,26.35,13.3,26.0,2089.0,1717.0,5516.320198000001,1263.895997,
41872,2012,1,0,0,0,0,4873.0,2456.0,7329,0.6648929119110107,375.0,38.231727600097656,38.231727600097656,,,,,15.0,16.0,80.0,1338.0,46.74595260620117,22.11,34.47,60.15,26.31,13.96,27.26,2170.0,1799.0,6371.033,1445.0839999999998,
41872,2013,1,0,0,0,0,4868.0,2459.0,7327,0.6643919944763184,375.0,38.231727600097656,38.231727600097656,,,,,14.0,16.0,80.0,1308.0,46.339595794677734,22.11,,,,,,2170.0,1806.0,7031.5380000000005,1377.422,
41872,2014,1,0,0,0,0,4858.0,2458.0,7316,0.6640240550041199,375.0,38.231727600097656,38.231727600097656,,,,,14.0,15.0,70.0,1033.0,47.291011810302734,20.527725048196253,34.73,61.62,26.34,14.09,27.48,2175.0,1859.0,7653.521000000001,1733.714,
41872,2015,1,0,0,0,0,4852.0,2460.0,7312,0.6635667681694031,375.0,38.231727600097656,38.231727600097656,,,,,14.0,16.0,68.0,971.0,47.46230697631836,19.9038902,34.37,60.18,26.19,13.93,27.18,2175.0,1894.0,9814.2119140625,2221.3349609375,
41872,2016,1,0,0,0,0,4850.0,2465.0,7315,0.6630212068557739,375.0,38.231727600097656,38.231727600097656,,,,,14.0,18.0,72.0,1002.0,46.9266471862793,,66.05,71.02,62.87,66.05,66.05,,1926.0,9925.529402999999,1966.8076269999997,
41872,2017,1,0,0,0,0,4848.0,2460.0,7308,0.6633825898170471,375.0,38.231727600097656,38.231727600097656,,,,,15.0,20.0,68.0,994.0,47.31926727294922,,,,,,,,,10670.631309652435,2667.8037848472595,
41872,2018,1,0,0,0,0,4829.0,2459.0,7288,0.6625960469245911,375.0,38.231727600097656,38.231727600097656,13.78366700273657,37.9,11.2,13.5,15.0,17.0,69.0,1086.0,48.55437469482422,,,,,,,,,10027.31767483,2411.2847323000005,
41872,2019,1,0,0,0,0,4829.0,2418.0,7247,0.6663447022438049,375.0,38.231727600097656,,,,,,15.0,23.0,68.0,1060.0,47.49690628051758,,,,,,,,,10835.983718,3031.063831,
41872,2020,1,0,0,0,0,4847.0,2393.0,7240,0.6694751381874084,375.0,38.231727600097656,,,,,,15.0,22.0,67.0,1098.0,46.152957916259766,,,,,,,,,20342.30481351,2616.74817505,
41872,2021,1,0,0,0,0,4909.0,2390.0,7299,0.6725578904151917,375.0,38.231727600097656,,,,,,15.0,26.0,65.0,1110.0,46.63462448120117,,,,,,,,,22976.331254,3105.514518,
41872,2022,1,0,0,0,0,4968.0,2389.0,7357,0.6752752661705017,375.0,38.231727600097656,,,,,,15.0,27.0,71.0,1132.0,48.63233947753906,,,,,,,,,21503.830963999997,3456.9697995,
41872,2023,1,0,0,0,0,5027.0,2386.0,7413,0.6781330108642578,375.0,38.231727600097656,,,,,,,,,,,,,,,,,,,23429.840466,3576.47432325,
44001,1993,0,1,0,0,0,23893.0,76941.0,100834,0.23695380985736847,3.0,0.0,203.76194763183594,57.67453384399414,,,,,,,,,,,,,,,,,3869.25,3869.25,
44001,1994,0,1,0,0,0,24246.0,78932.0,103178,0.23499195277690887,3.0,0.0,203.76194763183594,,,,,,,,,,,,,,,,,,4831.68017578125,4831.68017578125,
44001,1995,0,1,0,0,0,25205.0,80937.0,106142,0.23746490478515625,3.0,0.0,203.76194763183594,,,,,,,,,,,,,,,,,,6642.2900390625,6642.2900390625,
44001,1996,0,1,0,0,0,22426.0,83167.0,105593,0.2123814970254898,3.0,0.0,203.76194763183594,,,,,127.0,,1347.0,33406.0,,,,,,,,,,8713.5595703125,2875.949951171875,
44001,1997,0,1,0,0,0,23560.0,85879.0,109439,0.2152797430753708,3.0,0.0,203.76194763183594,,,,,148.0,,1557.0,32797.0,,,,,,,,,,8750.7001953125,2551.969970703125,
44001,1998,0,1,0,0,0,24388.0,89330.0,113718,0.2144603282213211,3.0,0.0,203.76194763183594,,,,,181.0,,1696.0,39157.0,,,,,,,,,,0.0,0.0,
44001,1999,0,1,0,0,0,26526.0,93732.0,120258,0.22057576477527618,3.0,0.0,203.76194763183594,,,,,176.0,,1550.0,35409.0,,,,,,,,,,13417.9501953125,4534.330078125,
44001,2000,0,1,0,0,0,28054.0,99171.0,127225,0.22050698101520538,3.0,0.0,203.76194763183594,,,,,191.0,,1591.0,36491.0,47.71974182128906,,,,,,,,,6887.08,1283.659,5101684.0
44001,2001,0,1,0,0,0,29005.0,105584.0,134589,0.21550795435905457,3.0,0.0,203.76194763183594,,,,,192.0,,1542.0,34975.0,47.5680046081543,,,,,,,,,14910.247,3862.447,13539611.0
44001,2002,0,1,0,0,0,29734.0,112655.0,142389,0.2088223099708557,3.0,0.0,203.76194763183594,,,,,200.0,,1582.0,38390.0,47.869049072265625,,,,,,,,,20574.352,5995.08,18713758.0
44001,2003,0,1,0,0,0,30364.0,120239.0,150603,0.20161616802215576,3.0,0.0,203.76194763183594,,,,,122.0,,1397.0,35855.0,47.91048049926758,,,,,,,,,24341.824,8869.008,19343980.0
44001,2004,0,1,0,0,0,31014.0,128117.0,159131,0.19489602744579315,3.0,0.0,203.76194763183594,,,,,167.0,,1334.0,35661.0,47.466365814208984,,,,,,,,,21496.717,6445.211,10646245.0
44001,2005,0,1,0,0,0,31663.0,136223.0,167886,0.18859821557998657,3.0,0.0,203.76194763183594,49.10155966280009,66.87629000000001,29.656280000000002,43.30473,93.0,541.0,1405.0,35668.0,48.68161392211914,27.32,72.07661964297654,86.05184870378241,20.567042606516292,,57.621849301330485,,,25098.796,10168.01033,21592824.0
44001,2006,0,1,0,0,0,32294.0,144415.0,176709,0.18275243043899536,3.0,0.0,203.76194763183594,,,,,94.0,493.0,1314.0,34173.0,47.38536834716797,26.23,,,,,,,18641.0,30898.302571,10765.332571,8792665.0
44001,2007,0,1,0,0,0,32933.0,152754.0,185687,0.17735759913921356,3.0,0.0,203.76194763183594,,,,,79.0,438.0,1487.0,36924.0,47.245853424072266,25.13,,,,,,,19807.0,52120.762,8571.696000000002,52693720.0
44001,2008,0,1,0,0,0,33572.0,161159.0,194731,0.17240193486213684,3.0,0.0,203.76194763183594,,,,,84.0,351.0,1277.0,38569.0,47.472900390625,24.04,85.05,100.0,0.0,91.96,85.05,,21148.0,70977.28099999999,9125.036,53853172.0
44001,2009,0,1,0,0,0,34231.0,169644.0,203875,0.1679019033908844,3.0,0.0,203.76194763183594,,,,,87.0,787.0,1455.0,41305.0,47.3078727722168,22.95,83.75,99.97,0.0,90.49,83.75,,22533.0,90700.239,14326.407,77291624.0
44001,2010,0,1,0,0,0,34908.0,178183.0,213091,0.16381733119487762,3.0,0.0,203.76194763183594,,,,,96.0,580.0,1521.0,43362.0,47.74857711791992,21.85,83.96,100.0,0.0,91.53,83.96,,24136.0,143463.242,16343.840999999999,136574464.0
44001,2011,0,1,0,0,0,35623.0,186731.0,222354,0.16020849347114563,3.0,0.0,203.76194763183594,,,,,191.0,652.0,1556.0,48964.0,47.24649429321289,21.251933190048543,91.3,100.0,44.13,92.91,86.06,45979.0,25536.0,148601.965891,25424.173588,
44001,2012,0,1,0,0,0,36372.0,195281.0,231653,0.15701070427894592,3.0,0.0,203.76194763183594,,,,,239.0,1096.0,2170.0,49767.0,47.417991638183594,19.12673987104369,86.24,100.0,0.0,91.81,86.17,41807.0,27426.0,193297.67500000002,21548.345,
44001,2013,0,1,0,0,0,37171.0,203780.0,240951,0.15426787734031677,3.0,0.0,203.76194763183594,,,,,231.0,990.0,2348.0,50964.0,47.58308029174805,18.831298496883374,89.25,100.0,0.01,95.04,89.25,46862.63791957842,29025.0,268273.636,24468.994,
44001,2014,0,1,0,0,0,38031.0,212205.0,250236,0.15198053419589996,3.0,0.0,203.76194763183594,,,,,231.0,771.0,2397.0,52251.0,47.39734649658203,18.482237405557164,84.92,100.0,0.08,93.06,84.92,46863.0,33350.0,323694.095,25214.562,
44001,2015,0,1,0,0,0,38957.0,220535.0,259492,0.15012794733047485,3.0,0.0,203.76194763183594,,,,,254.0,784.0,2415.0,40593.0,46.834999084472656,19.18131837,84.79,100.0,0.08,92.72,84.79,46863.0,35732.99999999999,328870.375,31654.126953125,
44001,2016,0,1,0,0,0,39963.0,228749.0,268712,0.14872056245803833,3.0,0.0,203.76194763183594,,,,,239.0,616.0,2586.0,46229.0,47.42128372192383,,84.79,100.0,0.08,92.72,89.71,,38425.0,370459.778,29774.536,
44001,2017,0,1,0,0,0,41054.0,236814.0,277868,0.14774641394615173,3.0,0.0,203.76194763183594,,,,,258.0,683.0,2733.0,50924.0,47.9265022277832,,,,,,,,,370740.1792929209,31145.7459564209,
44001,2018,0,1,0,0,0,61911.0,126103.0,188014,0.3292893171310425,3.0,0.0,203.76194763183594,36.0108578861053,45.1,23.8,38.0,296.0,715.0,2843.0,51792.0,46.381187438964844,,,,,,,,,369223.177376,39560.16080400001,
44001,2019,0,1,0,0,0,57948.0,137799.0,195747,0.29603520035743713,3.0,0.0,,,,,,332.0,926.0,2994.0,56899.0,47.01698303222656,,,,,,,,,405445.54166800005,37140.615364000005,
44001,2020,0,1,0,0,0,54595.0,147244.0,201839,0.27048787474632263,3.0,0.0,,,,,,334.0,939.0,3030.0,57325.0,47.680702209472656,,,,,,,,,431419.14875711,36147.514451589996,
44001,2021,0,1,0,0,0,55292.0,151143.0,206435,0.267842173576355,3.0,0.0,,,,,,333.0,891.0,2925.0,59268.0,47.854393005371094,,,,,,,,,465334.068157,53332.920358,
44001,2022,0,1,0,0,0,55816.0,153672.0,209488,0.26644009351730347,3.0,0.0,,,,,,332.0,1037.0,3020.0,61348.0,46.90031814575195,,,,,,,,,538633.601899,68340.4330005,
44001,2023,0,1,0,0,0,56300.0,156014.0,212314,0.2651732861995697,3.0,0.0,,,,,,,,,,,,,,,,,,,635985.596528,65135.33029825,
44430,1993,0,1,0,0,0,23465.0,80770.0,104235,0.2251163274049759,51.0,62.58793640136719,266.3314208984375,57.95713424682617,,,,,,,,,,,,,,,,,3444.639892578125,3444.639892578125,
44430,1994,0,1,0,0,0,25411.0,80297.0,105708,0.24038861691951752,51.0,62.58793640136719,266.3314208984375,,,,,,,,,,,,,,,,,,4029.169921875,4018.10009765625,
44430,1995,0,1,0,0,0,27811.0,79423.0,107234,0.25934872031211853,51.0,62.58793640136719,266.3314208984375,,,,,,,,,,,,,,,,,,3821.139892578125,3813.280029296875,
44430,1996,0,1,0,0,0,30704.0,78754.0,109458,0.28050941228866577,51.0,62.58793640136719,266.3314208984375,,,,,135.0,,1279.0,28466.0,,,,,,,,,,5314.0498046875,1962.3499755859375,
44430,1997,0,1,0,0,0,33891.0,78048.0,111939,0.30276310443878174,51.0,62.58793640136719,266.3314208984375,,,,,146.0,,1350.0,29302.0,,,,,,,,,,6855.72021484375,2529.02001953125,
44430,1998,0,1,0,0,0,37275.0,77476.0,114751,0.32483378052711487,51.0,62.58793640136719,266.3314208984375,,,,,165.0,,1461.0,35458.0,,,,,,,,,,11701.1396484375,6110.7900390625,
44430,1999,0,1,0,0,0,40746.0,77216.0,117962,0.3454163074493408,51.0,62.58793640136719,266.3314208984375,,,,,163.0,,1412.0,31299.0,,,,,,,,,,0.0,0.0,
44430,2000,0,1,0,0,0,27404.0,77428.0,104832,0.2614087164402008,51.0,62.58793640136719,266.3314208984375,,,,,169.0,,1510.0,34056.0,46.98849105834961,,,,,,,,,13990.394,3045.362,11275486.0
44430,2001,0,1,0,0,0,30054.0,78451.0,108505,0.2769826352596283,51.0,62.58793640136719,266.3314208984375,,,,,144.0,,1241.0,32730.0,46.48371887207031,,,,,,,,,10912.974,2786.849,13938929.0
44430,2002,0,1,0,0,0,32563.0,79709.0,112272,0.29003670811653137,51.0,62.58793640136719,266.3314208984375,,,,,158.0,,1232.0,34228.0,46.54890441894531,,,,,,,,,26161.404,2950.047,24684832.0
44430,2003,0,1,0,0,0,34870.0,81228.0,116098,0.30034971237182617,51.0,62.58793640136719,266.3314208984375,,,,,56.0,,1130.0,33664.0,46.7706413269043,,,,,,,,,27146.159,6755.66,32176002.0
44430,2004,0,1,0,0,0,36923.0,83021.0,119944,0.30783531069755554,51.0,62.58793640136719,266.3314208984375,,,,,174.0,,1367.0,33845.0,47.07047653198242,,,,,,,,,27747.426,2590.7,29973758.0
44430,2005,0,1,0,0,0,38656.0,85112.0,123768,0.3123262822628021,51.0,62.58793640136719,266.3314208984375,68.35980683074416,83.29938999999999,52.45931,67.18505,198.0,704.0,1478.0,33555.0,47.30431365966797,31.79,48.210888111458914,69.1072400653239,4.51527224435591,,32.05057386607746,,,63315.482,6939.031429999999,68549544.0
44430,2006,0,1,0,0,0,40003.0,87486.0,127489,0.31377607583999634,51.0,62.58793640136719,266.3314208984375,,,,,213.0,687.0,1695.0,37385.0,47.44647216796875,31.23,,,,,,,11880.0,113116.881056,5410.236056,0.0
44430,2007,0,1,0,0,0,41292.0,89993.0,131285,0.314521849155426,51.0,62.58793640136719,266.3314208984375,,,,,186.0,722.0,1532.0,34011.0,47.34795379638672,30.67,,,,,,,13088.0,92446.521,6423.116999999999,112320088.0
44430,2008,0,1,0,0,0,42522.0,92429.0,134951,0.31509214639663696,51.0,62.58793640136719,266.3314208984375,,,,,200.0,863.0,1839.0,38392.0,47.66218566894531,30.11,100.0,100.0,100.0,99.2,99.2,,14024.0,96963.82,20589.788,108293248.0
44430,2009,0,1,0,0,0,43694.0,94803.0,138497,0.31548696756362915,51.0,62.58793640136719,266.3314208984375,,,,,195.0,840.0,1811.0,38060.0,47.14194869995117,29.55,100.0,100.0,100.0,99.2,99.2,,14717.0,131090.339,7734.782,
44430,2010,0,1,0,0,0,44808.0,97109.0,141917,0.3157338500022888,51.0,62.58793640136719,266.3314208984375,,,,,200.0,852.0,2028.0,41960.0,46.912235260009766,28.99,100.0,100.0,100.0,99.2,99.2,,15735.0,129005.014,9390.649,136336992.0
44430,2011,0,1,0,0,0,45863.0,99383.0,145246,0.31576085090637207,51.0,62.58793640136719,266.3314208984375,,,,,203.0,906.0,2110.0,41094.0,45.421875,28.99,99.77,99.77,100.0,98.76,98.76,27098.0,16902.0,125537.73,8576.601999999999,
44430,2012,0,1,0,0,0,46860.0,101567.0,148427,0.31571075320243835,51.0,62.58793640136719,266.3314208984375,,,,,203.0,1087.0,2069.0,41446.0,46.69797134399414,26.090999999999998,64.15,65.59,0.0,74.68,47.48,30725.0,17759.0,158244.50199999998,12377.001,
44430,2013,0,1,0,0,0,47798.0,103671.0,151469,0.3155629336833954,51.0,62.58793640136719,266.3314208984375,,,,,220.0,763.0,2135.0,42189.0,46.757694244384766,23.481899999999996,64.15,65.59,0.0,74.68,47.48,34871.20180798527,18619.0,209336.28499999997,25378.876,
44430,2014,0,1,0,0,0,48678.0,105665.0,154343,0.31538844108581543,51.0,62.58793640136719,266.3314208984375,,,,,222.0,553.0,1864.0,43638.0,45.485069274902344,22.74083415498738,57.12,57.12,0.0,67.13,52.84,34871.0,19558.0,198598.42799999999,11719.585000000001,
44430,2015,0,1,0,0,0,49500.0,107554.0,157054,0.3151782155036926,51.0,62.58793640136719,266.3314208984375,,,,,218.0,435.0,1936.0,34011.0,44.812808990478516,21.8060707,61.51,61.71,0.0,64.27,54.24,34871.0,20354.0,216535.578125,12259.7099609375,
44430,2016,0,1,0,0,0,50263.0,109412.0,159675,0.31478315591812134,51.0,62.58793640136719,266.3314208984375,,,,,229.0,318.0,2249.0,40599.0,45.232574462890625,,62.32,62.53,0.0,65.76,56.25,,20976.0,233579.41999999998,12214.848,
44430,2017,0,1,0,0,0,50968.0,111150.0,162118,0.3143882751464844,51.0,62.58793640136719,266.3314208984375,,,,,216.0,370.0,2217.0,40464.0,45.66429901123047,,,,,,,,,323678.03703316743,11359.634974956512,
44430,2018,0,1,0,0,0,67228.0,103354.0,170582,0.3941095769405365,51.0,62.58793640136719,266.3314208984375,58.97938785901522,60.0,52.6,53.4,221.0,319.0,2246.0,42510.0,44.96752166748047,,,,,,,,,289449.161622,13909.636197,
44430,2019,0,1,0,0,0,66744.0,112088.0,178832,0.3732217848300934,51.0,62.58793640136719,,,,,,221.0,522.0,2176.0,43520.0,44.845584869384766,,,,,,,,,294644.80011,16920.453709,
44430,2020,0,1,0,0,0,66183.0,118889.0,185072,0.35760676860809326,51.0,62.58793640136719,,,,,,222.0,495.0,2169.0,44790.0,47.13320541381836,,,,,,,,,346910.612573,23798.393706,
44430,2021,0,1,0,0,0,67031.0,122254.0,189285,0.3541273772716522,51.0,62.58793640136719,,,,,,222.0,569.0,2156.0,47117.0,47.01676559448242,,,,,,,,,378395.599699,30749.466486999998,
44430,2022,0,1,0,0,0,67662.0,124423.0,192085,0.3522503077983856,51.0,62.58793640136719,,,,,,227.0,635.0,2323.0,48143.0,45.80390930175781,,,,,,,,,309706.655318,37323.726756,
44430,2023,0,1,0,0,0,68249.0,126426.0,194675,0.350579172372818,51.0,62.58793640136719,,,,,,,,,,,,,,,,,,,548613.007482,49544.695347,
44560,1993,0,1,0,0,0,22306.0,4200.0,26506,0.8415452837944031,3.0,52.99669647216797,249.38653564453125,100.0,,,,,,,,,,,,,,,,,1508.5799560546875,1508.5799560546875,
44560,1994,0,1,0,0,0,23720.0,5023.0,28743,0.8252444267272949,3.0,52.99669647216797,249.38653564453125,,,,,,,,,,,,,,,,,,2004.5,2004.1600341796875,
44560,1995,0,1,0,0,0,25257.0,6114.0,31371,0.8051066398620605,3.0,52.99669647216797,249.38653564453125,,,,,,,,,,,,,,,,,,2394.570068359375,2394.169921875,
44560,1996,0,1,0,0,0,26984.0,7468.0,34452,0.7832346558570862,3.0,52.99669647216797,249.38653564453125,,,,,35.0,,219.0,4359.0,,,,,,,,,,0.0,0.0,
44560,1997,0,1,0,0,0,28764.0,9026.0,37790,0.7611537575721741,3.0,52.99669647216797,249.38653564453125,,,,,50.0,,264.0,5035.0,,,,,,,,,,4269.31005859375,299.1000061035156,
44560,1998,0,1,0,0,0,30548.0,10766.0,41314,0.7394103407859802,3.0,52.99669647216797,249.38653564453125,,,,,62.0,,248.0,5523.0,,,,,,,,,,0.0,0.0,
44560,1999,0,1,0,0,0,32284.0,12676.0,44960,0.7180604934692383,3.0,52.99669647216797,249.38653564453125,,,,,67.0,,258.0,6127.0,,,,,,,,,,8106.0,1105.4000244140625,
44560,2000,0,1,0,0,0,33920.0,14753.0,48673,0.6968955993652344,3.0,52.99669647216797,249.38653564453125,,,,,77.0,,269.0,6815.0,46.590572357177734,,,,,,,,,15204.593,1070.551,10491452.0
44560,2001,0,1,0,0,0,35543.0,17044.0,52587,0.6758894920349121,3.0,52.99669647216797,249.38653564453125,,,,,83.0,,302.0,7221.0,47.508148193359375,,,,,,,,,0.0,0.0,
44560,2002,0,1,0,0,0,37122.0,19394.0,56516,0.6568405628204346,3.0,52.99669647216797,249.38653564453125,,,,,83.0,,297.0,7278.0,46.2008171081543,,,,,,,,,25076.836,1291.818,25919698.0
44560,2003,0,1,0,0,0,38649.0,21735.0,60384,0.6400536298751831,3.0,52.99669647216797,249.38653564453125,,,,,36.0,,383.0,11828.0,46.914817810058594,,,,,,,,,0.0,0.0,
44560,2004,0,1,0,0,0,40117.0,23988.0,64105,0.6258014440536499,3.0,52.99669647216797,249.38653564453125,,,,,64.0,,257.0,6560.0,46.187679290771484,,,,,,,,,23790.738,1552.899,27156166.0
44560,2005,0,1,0,0,0,41518.0,26066.0,67584,0.614316999912262,3.0,52.99669647216797,249.38653564453125,79.74842529397225,94.59698,85.13549,85.95376999999999,15.0,,254.0,12416.0,46.60868453979492,54.38,13.461360051952873,25.07760532150776,5.104482373584304,,10.622506726041376,,,28832.43,2031.516,30306112.0
44560,2006,0,1,0,0,0,42768.0,27956.0,70724,0.604716956615448,3.0,52.99669647216797,249.38653564453125,,,,,16.0,,346.0,13277.0,46.51503372192383,54.38,,,,,,,702.0,32593.912724,2673.041724,24559740.0
44560,2007,0,1,0,0,0,44279.0,29843.0,74122,0.5973799824714661,3.0,52.99669647216797,249.38653564453125,,,,,12.0,94.0,187.0,11444.0,45.78662872314453,54.38,,,,,,,765.0,29124.577,2502.705,40156724.0
44560,2008,0,1,0,0,0,45867.0,31729.0,77596,0.5911000370979309,3.0,52.99669647216797,249.38653564453125,,,,,15.0,126.0,271.0,15203.0,45.98049545288086,54.38,97.23,100.0,0.0,97.23,97.23,,871.0,46205.226,2766.53,34764616.0
44560,2009,0,1,0,0,0,47527.0,33612.0,81139,0.5857478976249695,3.0,52.99669647216797,249.38653564453125,,,,,15.0,161.0,265.0,14331.0,45.03139877319336,54.38,100.0,100.0,100.0,100.0,100.0,,914.0,54816.108,3524.2690000000002,63751344.0
44560,2010,0,1,0,0,0,49251.0,35493.0,84744,0.5811738967895508,3.0,52.99669647216797,249.38653564453125,,,,,18.0,208.0,321.0,15599.0,46.370479583740234,54.38,97.61,97.23,99.18,97.61,94.7,,981.0,51670.448,4000.937,46673136.0
44560,2011,0,1,0,0,0,51073.0,37372.0,88445,0.5774549245834351,3.0,52.99669647216797,249.38653564453125,,,,,18.0,345.0,497.0,17550.0,43.95573043823242,54.25774612114933,92.31,100.0,36.9,100.0,91.0,2963.0,1049.0,53145.743,3305.278,
44560,2012,0,1,0,0,0,52983.0,39249.0,92232,0.5744535326957703,3.0,52.99669647216797,249.38653564453125,,,,,258.0,337.0,670.0,19040.0,45.64919662475586,48.831971509034396,88.06,100.0,2.14,99.25,87.8,3608.0,1130.0,55592.871,5052.382,
44560,2013,0,1,0,0,0,54956.0,41124.0,96080,0.57198166847229,3.0,52.99669647216797,249.38653564453125,,,,,251.0,468.0,876.0,21046.0,45.199737548828125,48.831971509034396,88.06,100.0,2.14,99.25,87.8,3883.612253346212,1186.0,57388.135764000006,6197.692,
44560,2014,0,1,0,0,0,56995.0,42997.0,99992,0.5699955821037292,3.0,52.99669647216797,249.38653564453125,,,,,252.0,269.0,871.0,18085.0,43.81524658203125,47.683031955234384,96.63,99.9,0.0,96.63,96.63,3884.0,1331.0,59104.145000000004,5430.682,
44560,2015,0,1,0,0,0,59093.0,44868.0,103961,0.568415105342865,3.0,52.99669647216797,249.38653564453125,,,,,301.0,270.0,1095.0,17479.0,43.43141174316406,49.60334072,96.49,99.9,0.0,96.49,96.49,3884.0,1372.0,83227.1875,5943.30322265625,
44560,2016,0,1,0,0,0,61270.0,46736.0,108006,0.5672832727432251,3.0,52.99669647216797,249.38653564453125,,,,,300.0,193.0,1193.0,16862.0,42.09869384765625,,100.0,100.0,100.0,100.0,100.0,,1442.0,63031.980234999995,5153.271,
44560,2017,0,1,0,0,0,63501.0,48602.0,112103,0.5664522647857666,3.0,52.99669647216797,249.38653564453125,,,,,300.0,336.0,1410.0,23255.0,41.625892639160156,,,,,,,,,84802.24723114124,6039.613373875618,
44560,2018,0,1,0,0,0,74447.0,8625.0,83072,0.896174430847168,3.0,52.99669647216797,249.38653564453125,80.77974628171478,86.7,65.2,89.6,297.0,261.0,1229.0,25517.0,40.718265533447266,,,,,,,,,97601.74331900002,6982.101183000001,
44560,2019,0,1,0,0,0,78946.0,9935.0,88881,0.8882213234901428,3.0,52.99669647216797,,,,,,299.0,310.0,1263.0,25807.0,40.79435729980469,,,,,,,,,96989.690233,8903.94922,
44560,2020,0,1,0,0,0,82147.0,11284.0,93431,0.8792263865470886,3.0,52.99669647216797,,,,,,302.0,340.0,1239.0,29102.0,40.79856491088867,,,,,,,,,101090.898463,7499.840382,
44560,2021,0,1,0,0,0,83216.0,12361.0,95577,0.8706697225570679,3.0,52.99669647216797,,,,,,283.0,345.0,1274.0,30631.0,41.683013916015625,,,,,,,,,179755.53864299998,6316.658951,
44560,2022,0,1,0,0,0,84000.0,12991.0,96991,0.8660597205162048,3.0,52.99669647216797,,,,,,276.0,445.0,1298.0,30209.0,39.196285247802734,,,,,,,,,215972.76142700002,11595.063759,
44560,2023,0,1,0,0,0,84729.0,13570.0,98299,0.8619518280029297,3.0,52.99669647216797,,,,,,,,,,,,,,,,,,,145471.49863,28861.513896,
47001,1993,0,1,0,0,0,49059.0,273726.0,322785,0.15198661386966705,2.0,0.0,102.49187469482422,34.76222610473633,,,,,,,,,,,,,,,,,6625.47998046875,6625.47998046875,
47001,1994,0,1,0,0,0,48828.0,284837.0,333665,0.14633838832378387,2.0,0.0,102.49187469482422,,,,,,,,,,,,,,,,,,10700.41015625,10700.41015625,
47001,1995,0,1,0,0,0,48206.0,296044.0,344250,0.14003194868564606,2.0,0.0,102.49187469482422,,,,,,,,,,,,,,,,,,16732.419921875,16687.30078125,
47001,1996,0,1,0,0,0,47228.0,307140.0,354368,0.1332738846540451,2.0,0.0,102.49187469482422,,,,,327.0,,4173.0,84337.0,,,,,,,,,,29087.759765625,12408.5,
47001,1997,0,1,0,0,0,45925.0,317902.0,363827,0.12622757256031036,2.0,0.0,102.49187469482422,,,,,338.0,,4242.0,85678.0,,,,,,,,,,34529.58984375,23836.779296875,
47001,1998,0,1,0,0,0,44327.0,328088.0,372415,0.119025819003582,2.0,0.0,102.49187469482422,,,,,392.0,,5372.0,100009.0,,,,,,,,,,41511.6796875,33646.16015625,
47001,1999,0,1,0,0,0,42481.0,337501.0,379982,0.11179739981889725,2.0,0.0,102.49187469482422,,,,,410.0,,4868.0,98247.0,,,,,,,,,,0.0,0.0,
47001,2000,0,1,0,0,0,40445.0,346121.0,386566,0.1046263799071312,2.0,0.0,102.49187469482422,,,,,428.0,,4976.0,102021.0,48.17497634887695,,,,,,,,,94010.16100000001,22202.827,76590928.0
47001,2001,0,1,0,0,0,38301.0,354067.0,392368,0.09761499613523483,2.0,0.0,102.49187469482422,,,,,433.0,,4622.0,99755.0,48.78542709350586,,,,,,,,,96467.099,17133.287,85297872.0
47001,2002,0,1,0,0,0,36163.0,361787.0,397950,0.09087322652339935,2.0,0.0,102.49187469482422,,,,,444.0,,5013.0,108167.0,48.64207077026367,,,,,,,,,0.0,0.0,
47001,2003,0,1,0,0,0,34089.0,369478.0,403567,0.08446924388408661,2.0,0.0,102.49187469482422,,,,,308.0,,4737.0,103092.0,48.425235748291016,,,,,,,,,113049.618,32007.785,85628800.0
47001,2004,0,1,0,0,0,32107.0,377267.0,409374,0.07842950522899628,2.0,0.0,102.49187469482422,,,,,374.0,,4540.0,100526.0,48.164756774902344,,,,,,,,,181604.353,75301.05,274454528.0
47001,2005,0,1,0,0,0,30218.0,385186.0,415404,0.07274363934993744,2.0,0.0,102.49187469482422,29.02846336383024,48.55775,23.230410000000003,21.32413,370.0,1665.0,4783.0,104906.0,48.034568786621094,16.07,78.1930695844217,81.92756470902167,32.61287934863064,,73.11016692637975,,,159324.008,33111.696,128891600.0
47001,2006,0,1,0,0,0,28435.0,393168.0,421603,0.06744496524333954,2.0,0.0,102.49187469482422,,,,,386.0,1634.0,4890.0,110034.0,47.85398483276367,15.71,,,,,,,70973.0,175263.92079,49208.93143999999,101129656.0
47001,2007,0,1,0,0,0,26754.0,401264.0,428018,0.06250672042369843,2.0,0.0,102.49187469482422,,,,,378.0,1521.0,4904.0,109495.0,47.6652717590332,15.36,,,,,,,0.0,196920.0,49045.0,206657696.0
47001,2008,0,1,0,0,0,25174.0,409365.0,434539,0.05793265998363495,2.0,0.0,102.49187469482422,,,,,408.0,1772.0,5013.0,111459.0,47.812232971191406,15.0,46.92,49.12,14.75,0.0,41.48,,,244431.444,59269.65,235542544.0
47001,2009,0,1,0,0,0,23707.0,417491.0,441198,0.05373324453830719,2.0,0.0,102.49187469482422,,,,,384.0,1708.0,5125.0,109047.0,47.854129791259766,14.64,45.43,47.94,19.5,0.0,39.33,,81575.0,311210.64099999995,93298.89700000001,186718240.0
47001,2010,0,1,0,0,0,22352.0,425611.0,447963,0.049896977841854095,2.0,0.0,102.49187469482422,,,,,409.0,1575.0,4930.0,108869.0,47.99147415161133,14.29,51.78,53.76,18.18,0.0,44.45,,86257.0,357594.06299999997,85829.83499999999,319538336.0
47001,2011,0,1,0,0,0,21120.0,433740.0,454860,0.04643186926841736,2.0,0.0,102.49187469482422,,,,,427.0,1922.0,5074.0,112036.0,47.81254577636719,14.29,50.75,52.5,22.42,0.0,43.6,148337.0,91768.0,375174.309026,105121.039021,
47001,2012,0,1,0,0,0,20017.0,441883.0,461900,0.04333622008562088,2.0,0.0,102.49187469482422,,,,,430.0,1798.0,5262.0,111691.0,47.838523864746094,12.860999999999999,42.9,44.46,18.57,0.0,36.68,138106.0,97455.0,429103.641,118539.52600000003,
47001,2013,0,1,0,0,0,19046.0,450020.0,469066,0.04060409590601921,2.0,0.0,102.49187469482422,,,,,400.0,1755.0,5117.0,111547.0,48.02268600463867,12.860999999999999,41.0,46.56,0.39,0.0,37.4,144914.60389934346,107497.0,502834.505,138359.58800000002,
47001,2014,0,1,0,0,0,18217.0,458168.0,476385,0.03824007883667946,2.0,0.0,102.49187469482422,,,,,405.0,1680.0,4635.0,106906.0,47.770591735839844,12.093452886775863,36.28,39.3,8.55,0.0,32.0,144915.0,113593.0,520399.765,164778.315,
47001,2015,0,1,0,0,0,17538.0,466327.0,483865,0.03624564781785011,2.0,0.0,102.49187469482422,,,,,402.0,1510.0,4709.0,101658.0,47.499267578125,11.68477478,35.9,41.87,5.12,0.0,32.07,144915.0,119489.0,570657.375,176656.578125,
47001,2016,0,1,0,0,0,17015.0,474520.0,491535,0.034616049379110336,2.0,0.0,102.49187469482422,,,,,415.0,1590.0,5594.0,106822.0,47.81959533691406,,28.19,31.5,6.91,0.0,23.32,,124071.0,685142.776993,228610.64614,
47001,2017,0,1,0,0,0,16658.0,482733.0,499391,0.03335662931203842,2.0,0.0,102.49187469482422,,,,,410.0,1678.0,5894.0,113162.0,47.97222900390625,,,,,,,,,747741.802326045,226335.15817260742,
47001,2018,0,1,0,0,0,43893.0,455299.0,499192,0.08792809396982193,2.0,0.0,102.49187469482422,14.226716423226899,24.4,18.4,13.9,422.0,1758.0,5967.0,113735.0,47.39066696166992,,,,,,,,,758691.0271162499,221734.71085631,
47001,2019,0,1,0,0,0,49764.0,471475.0,521239,0.09547252207994461,2.0,0.0,,,,,,427.0,1929.0,6142.0,117697.0,47.94425964355469,,,,,,,,,871897.01880025,285177.50977305,
47001,2020,0,1,0,0,0,54587.0,484025.0,538612,0.10134753584861755,2.0,0.0,,,,,,438.0,1915.0,5949.0,117464.0,48.795284271240234,,,,,,,,,856382.4674895699,225397.2356215,
47001,2021,0,1,0,0,0,56081.0,490898.0,546979,0.10252861678600311,2.0,0.0,,,,,,416.0,1835.0,5914.0,116092.0,48.48128890991211,,,,,,,,,934375.040241,279321.793916,
47001,2022,0,1,0,0,0,57319.0,495072.0,552391,0.10376526415348053,2.0,0.0,,,,,,414.0,2118.0,6245.0,117756.0,48.82140350341797,,,,,,,,,1079060.617455,347797.313882,
47001,2023,0,1,0,0,0,58508.0,498880.0,557388,0.10496817529201508,2.0,0.0,,,,,,,,,,,,,,,,,,,1229383.147669,378823.50233,
47058,1993,0,1,0,0,0,14528.0,16316.0,30844,0.47101542353630066,187.0,151.24932861328125,154.56484985351562,76.1838150024414,,,,,,,,,,,,,,,,,1210.1800537109375,1210.1800537109375,
47058,1994,0,1,0,0,0,14384.0,16484.0,30868,0.46598419547080994,187.0,151.24932861328125,154.56484985351562,,,,,,,,,,,,,,,,,,3144.989990234375,1051.8599853515625,
47058,1995,0,1,0,0,0,14197.0,16657.0,30854,0.4601348340511322,187.0,151.24932861328125,154.56484985351562,,,,,,,,,,,,,,,,,,1379.739990234375,205.0399932861328,
47058,1996,0,1,0,0,0,13958.0,16793.0,30751,0.4539039433002472,187.0,151.24932861328125,154.56484985351562,,,,,75.0,,388.0,8751.0,,,,,,,,,,0.0,0.0,
47058,1997,0,1,0,0,0,13720.0,16932.0,30652,0.4476053714752197,187.0,151.24932861328125,154.56484985351562,,,,,68.0,,432.0,8836.0,,,,,,,,,,0.0,0.0,
47058,1998,0,1,0,0,0,13484.0,17092.0,30576,0.44099947810173035,187.0,151.24932861328125,154.56484985351562,,,,,81.0,,532.0,9791.0,,,,,,,,,,0.0,0.0,
47058,1999,0,1,0,0,0,13427.0,17252.0,30679,0.43766093254089355,187.0,151.24932861328125,154.56484985351562,,,,,84.0,,544.0,9981.0,,,,,,,,,,0.0,0.0,
47058,2000,0,1,0,0,0,13275.0,17425.0,30700,0.43241041898727417,187.0,151.24932861328125,154.56484985351562,,,,,83.0,,498.0,9935.0,47.98826217651367,,,,,,,,,6195.42,1203.331,
47058,2001,0,1,0,0,0,13160.0,17590.0,30750,0.42796748876571655,187.0,151.24932861328125,154.56484985351562,,,,,68.0,,384.0,8164.0,46.60901641845703,,,,,,,,,5366.827,1290.512,2021653.0
47058,2002,0,1,0,0,0,13046.0,17761.0,30807,0.4234751760959625,187.0,151.24932861328125,154.56484985351562,,,,,79.0,,460.0,9949.0,45.998512268066406,,,,,,,,,7558.271000000001,618.5799999999999,4380928.0
47058,2003,0,1,0,0,0,12938.0,17937.0,30875,0.41904452443122864,187.0,151.24932861328125,154.56484985351562,,,,,44.0,,434.0,11301.0,46.74954605102539,,,,,,,,,7384.578,1440.307,5992965.0
47058,2004,0,1,0,0,0,12834.0,18122.0,30956,0.41458845138549805,187.0,151.24932861328125,154.56484985351562,,,,,50.0,,413.0,9461.0,46.50978088378906,,,,,,,,,5914.715,1497.716,4206354.0
47058,2005,0,1,0,0,0,12734.0,18313.0,31047,0.4101523458957672,187.0,151.24932861328125,154.56484985351562,59.21649251924993,87.70861,30.34303,80.42796,43.0,46.0,458.0,9142.0,45.40275573730469,20.28,70.91548219471191,91.16809116809117,41.75988068605518,,5.991135564725661,,,8091.847,1529.582,7367533.0
47058,2006,0,1,0,0,0,12638.0,18509.0,31147,0.40575337409973145,187.0,151.24932861328125,154.56484985351562,,,,,45.0,43.0,366.0,9655.0,46.38289260864258,19.83,,,,,,,,8659.793059,2100.793059,4994293.0
47058,2007,0,1,0,0,0,12550.0,18693.0,31243,0.40168997645378113,187.0,151.24932861328125,154.56484985351562,,,,,45.0,19.0,190.0,3020.0,47.04468536376953,19.38,,,,,,,,12084.124,1745.598,9112759.0
47058,2008,0,1,0,0,0,12474.0,18872.0,31346,0.3979455232620239,187.0,151.24932861328125,154.56484985351562,,,,,45.0,64.0,402.0,9378.0,46.55523681640625,18.93,100.0,100.0,100.0,100.0,0.0,,0.0,9711.208,1673.109,8053538.0
47058,2009,0,1,0,0,0,12408.0,19047.0,31455,0.3944682776927948,187.0,151.24932861328125,154.56484985351562,,,,,42.0,52.0,415.0,10725.0,46.021297454833984,18.48,,,,,,,0.0,15298.781,2450.438,14492118.0
47058,2010,0,1,0,0,0,12354.0,19218.0,31572,0.3912960886955261,187.0,151.24932861328125,154.56484985351562,,,,,79.0,57.0,397.0,10910.0,45.76100540161133,18.03,100.0,100.0,100.0,100.0,0.0,,0.0,13783.226999999999,2343.648,14131552.0
47058,2011,0,1,0,0,0,12307.0,19380.0,31687,0.38839271664619446,187.0,151.24932861328125,154.56484985351562,,,,,79.0,57.0,397.0,9450.0,44.45308303833008,16.986168638246987,,,,,,9217.0,0.0,7505.306000000001,1995.596,
47058,2012,0,1,0,0,0,12269.0,19537.0,31806,0.3857448399066925,187.0,151.24932861328125,154.56484985351562,,,,,79.0,47.0,376.0,8809.0,45.11096954345703,16.986168638246987,,,,,,6721.0,0.0,4787.976000000001,1753.065,
47058,2013,0,1,0,0,0,12240.0,19692.0,31932,0.3833145499229431,187.0,151.24932861328125,154.56484985351562,,,,,42.0,47.0,326.0,8524.0,45.320804595947266,16.590883170734116,82.55,100.0,0.0,82.55,0.0,7550.977670045541,0.0,19675.454,2057.484,
47058,2014,0,1,0,0,0,12212.0,19832.0,32044,0.38110098242759705,187.0,151.24932861328125,154.56484985351562,,,,,42.0,43.0,276.0,7550.0,45.34019088745117,17.03695049181408,82.55,100.0,0.0,82.55,0.0,7551.0,,11203.096,1982.5,
47058,2015,0,1,0,0,0,12194.0,19972.0,32166,0.3790959417819977,187.0,151.24932861328125,154.56484985351562,,,,,44.0,36.0,301.0,7204.0,45.494808197021484,16.75440004,42.77,62.93,0.0,22.25,0.0,7551.0,,14397.2109375,6372.96923828125,
47058,2016,0,1,0,0,0,12181.0,20107.0,32288,0.37726089358329773,187.0,151.24932861328125,154.56484985351562,,,,,42.0,33.0,375.0,7651.0,46.788475036621094,,45.04,66.6,0.0,45.04,0.0,,4458.0,24596.193000000003,2765.73,
47058,2017,0,1,0,0,0,12172.0,20237.0,32409,0.37557467818260193,187.0,151.24932861328125,154.56484985351562,,,,,41.0,35.0,410.0,7844.0,44.839637756347656,,,,,,,,,29657.725242483888,3729.7798385620117,
47058,2018,0,1,0,0,0,11143.0,19075.0,30218,0.36875373125076294,187.0,151.24932861328125,154.56484985351562,44.00367699052468,56.4,34.2,79.7,42.0,29.0,393.0,7915.0,44.118263244628906,,,,,,,,,32633.828221159998,4624.65650696,
47058,2019,0,1,0,0,0,11400.0,19677.0,31077,0.3668307662010193,187.0,151.24932861328125,,,,,,42.0,38.0,395.0,8248.0,44.418819427490234,,,,,,,,,33185.53464793,5754.29254183,
47058,2020,0,1,0,0,0,11646.0,20148.0,31794,0.3662955164909363,187.0,151.24932861328125,,,,,,41.0,37.0,396.0,7558.0,44.37015151977539,,,,,,,,,35623.35323945,6124.71195857,
47058,2021,0,1,0,0,0,11962.0,20319.0,32281,0.3705585300922394,187.0,151.24932861328125,,,,,,40.0,45.0,389.0,7692.0,44.7398681640625,,,,,,,,,47304.917598,6690.307911,
47058,2022,0,1,0,0,0,12226.0,20375.0,32601,0.3750191628932953,187.0,151.24932861328125,,,,,,40.0,48.0,387.0,7521.0,46.045074462890625,,,,,,,,,49514.599675000005,8338.613751,
47058,2023,0,1,0,0,0,12480.0,20416.0,32896,0.37937742471694946,187.0,151.24932861328125,,,,,,,,,,,,,,,,,,,58013.650455,10943.525658,
47555,1993,0,1,0,0,0,40619.0,29544.0,70163,0.5789233446121216,14.0,169.5707550048828,137.642822265625,70.70734405517578,,,,,,,,,,,,,,,,,2715.1298828125,2715.1298828125,
47555,1994,0,1,0,0,0,40688.0,29925.0,70613,0.576211154460907,14.0,169.5707550048828,137.642822265625,,,,,,,,,,,,,,,,,,2942.2099609375,2942.2099609375,
47555,1995,0,1,0,0,0,40852.0,30344.0,71196,0.573796272277832,14.0,169.5707550048828,137.642822265625,,,,,,,,,,,,,,,,,,4628.18994140625,4298.0,
47555,1996,0,1,0,0,0,41025.0,30715.0,71740,0.571856677532196,14.0,169.5707550048828,137.642822265625,,,,,77.0,,501.0,11577.0,,,,,,,,,,9514.0595703125,1297.1500244140625,
47555,1997,0,1,0,0,0,41303.0,31133.0,72436,0.5701999068260193,14.0,169.5707550048828,137.642822265625,,,,,102.0,,701.0,15649.0,,,,,,,,,,6459.56982421875,823.3699951171875,
47555,1998,0,1,0,0,0,41694.0,31595.0,73289,0.5688984990119934,14.0,169.5707550048828,137.642822265625,,,,,114.0,,747.0,16127.0,,,,,,,,,,0.0,0.0,
47555,1999,0,1,0,0,0,34948.0,32107.0,67055,0.5211840867996216,14.0,169.5707550048828,137.642822265625,,,,,120.0,,712.0,14883.0,,,,,,,,,,0.0,0.0,
47555,2000,0,1,0,0,0,12906.0,32652.0,45558,0.2832872271537781,14.0,169.5707550048828,137.642822265625,,,,,126.0,,744.0,16590.0,47.07799530029297,,,,,,,,,0.0,0.0,12862133.0
47555,2001,0,1,0,0,0,13030.0,33205.0,46235,0.2818211317062378,14.0,169.5707550048828,137.642822265625,,,,,91.0,,684.0,14678.0,46.26087951660156,,,,,,,,,10378.838,1590.976,7430616.0
47555,2002,0,1,0,0,0,13148.0,33793.0,46941,0.28009629249572754,14.0,169.5707550048828,137.642822265625,,,,,90.0,,721.0,15476.0,46.06716537475586,,,,,,,,,12611.609,1690.394,13010352.0
47555,2003,0,1,0,0,0,13258.0,34414.0,47672,0.27810874581336975,14.0,169.5707550048828,137.642822265625,,,,,40.0,,571.0,13235.0,46.03189468383789,,,,,,,,,10893.605,2394.036,10216211.0
47555,2004,0,1,0,0,0,13356.0,35070.0,48426,0.27580225467681885,14.0,169.5707550048828,137.642822265625,,,,,65.0,,613.0,15251.0,47.39427185058594,,,,,,,,,12500.212,2242.173,10818915.0
47555,2005,0,1,0,0,0,13435.0,35760.0,49195,0.27309685945510864,14.0,169.5707550048828,137.642822265625,63.60975155903866,77.31324000000001,32.85047,69.39319,65.0,116.0,762.0,16725.0,47.178218841552734,24.4,69.42148760330579,89.60732621062856,22.157244964262507,,21.77929022848809,,,12568.113,2223.212,13807973.0
47555,2006,0,1,0,0,0,13495.0,36477.0,49972,0.2700512409210205,14.0,169.5707550048828,137.642822265625,,,,,71.0,110.0,728.0,17881.0,46.88670349121094,24.13,,,,,,,,13704.799854,2347.636854,9783535.0
47555,2007,0,1,0,0,0,13537.0,37225.0,50762,0.2666758596897125,14.0,169.5707550048828,137.642822265625,,,,,72.0,47.0,297.0,7289.0,47.1236572265625,23.86,,,,,,,,13104.506,2309.151,10926926.0
47555,2008,0,1,0,0,0,13564.0,38003.0,51567,0.26303642988204956,14.0,169.5707550048828,137.642822265625,,,,,73.0,131.0,844.0,17354.0,46.15858459472656,23.59,100.0,100.0,0.0,74.58,74.58,,,16977.474,2364.835,15904096.0
47555,2009,0,1,0,0,0,13597.0,38812.0,52409,0.25944018363952637,14.0,169.5707550048828,137.642822265625,,,,,65.0,138.0,735.0,16556.0,45.881996154785156,23.31,100.0,100.0,0.0,74.8,74.8,,,20523.059,2311.1079999999997,19545694.0
47555,2010,0,1,0,0,0,13620.0,39651.0,53271,0.2556738257408142,14.0,169.5707550048828,137.642822265625,,,,,115.0,222.0,692.0,16684.0,46.21837615966797,23.04,100.0,100.0,100.0,74.64,74.64,,,20383.618999999995,2379.761,21677376.0
47555,2011,0,1,0,0,0,13622.0,40521.0,54143,0.2515929937362671,14.0,169.5707550048828,137.642822265625,,,,,115.0,104.0,698.0,15999.0,45.562591552734375,23.04,100.0,100.0,100.0,100.0,100.0,12324.0,2178.0,22015.824,2574.204,
47555,2012,0,1,0,0,0,13615.0,41422.0,55037,0.24737903475761414,14.0,169.5707550048828,137.642822265625,,,,,116.0,91.0,663.0,15356.0,45.718563079833984,23.04,100.0,100.0,100.0,100.0,100.0,9872.0,2893.0,35867.388723000004,3224.0036790000004,
47555,2013,0,1,0,0,0,13603.0,42353.0,55956,0.24310171604156494,14.0,169.5707550048828,137.642822265625,,,,,72.0,118.0,601.0,15929.0,44.98351287841797,20.736,100.0,100.0,100.0,100.0,100.0,11985.116179001721,3732.0,48560.063,4579.438,
47555,2014,0,1,0,0,0,13579.0,43315.0,56894,0.2386719137430191,14.0,169.5707550048828,137.642822265625,,,,,73.0,155.0,719.0,15675.0,45.07802963256836,20.71985675986149,100.0,100.0,100.0,100.0,100.0,11985.0,3885.0,51131.618,5794.893,
47555,2015,0,1,0,0,0,13541.0,44307.0,57848,0.23407895863056183,14.0,169.5707550048828,137.642822265625,,,,,78.0,90.0,615.0,13536.0,45.2536735534668,20.31175375,100.0,100.0,100.0,100.0,100.0,11985.0,4244.0,51258.10546875,6948.09814453125,
47555,2016,0,1,0,0,0,13492.0,45330.0,58822,0.22936996817588806,14.0,169.5707550048828,137.642822265625,,,,,74.0,83.0,705.0,13335.0,46.8481559753418,,84.83,99.99,2.39,84.83,84.83,,4639.0,51951.582,10579.426000000001,
47555,2017,0,1,0,0,0,13430.0,46384.0,59814,0.22452937066555023,14.0,169.5707550048828,137.642822265625,,,,,87.0,100.0,759.0,14024.0,45.19162368774414,,,,,,,,,58866.99846460962,7453.339817047119,
47555,2018,0,1,0,0,0,14625.0,47141.0,61766,0.23678074777126312,14.0,169.5707550048828,137.642822265625,37.10042206115435,52.7,18.4,64.5,87.0,91.0,748.0,13909.0,44.04998779296875,,,,,,,,,55886.98989633,7525.58704578,
47555,2019,0,1,0,0,0,14723.0,48303.0,63026,0.23360200226306915,14.0,169.5707550048828,,,,,,73.0,100.0,804.0,14720.0,44.98691940307617,,,,,,,,,58986.611868800006,7203.933888,
47555,2020,0,1,0,0,0,14989.0,49028.0,64017,0.23414093255996704,14.0,169.5707550048828,,,,,,78.0,93.0,762.0,14773.0,45.1436653137207,,,,,,,,,63546.11825246,7984.82286639,
47555,2021,0,1,0,0,0,15396.0,49602.0,64998,0.23686882853507996,14.0,169.5707550048828,,,,,,72.0,85.0,733.0,14369.0,45.78384780883789,,,,,,,,,79178.5899,11584.118879,
47555,2022,0,1,0,0,0,15736.0,49905.0,65641,0.23972821235656738,14.0,169.5707550048828,,,,,,69.0,93.0,769.0,14144.0,44.484710693359375,,,,,,,,,81146.10188900001,13514.791240999999,
47555,2023,0,1,0,0,0,16063.0,50172.0,66235,0.24251528084278107,14.0,169.5707550048828,,,,,,,,,,,,,,,,,,,94221.140327,17785.50086225,
47798,1993,0,1,0,0,0,14459.0,5492.0,19951,0.724725604057312,20.0,163.03250122070312,123.11119079589844,81.99775695800781,,,,,,,,,,,,,,,,,854.9500122070312,854.9500122070312,
47798,1994,0,1,0,0,0,14264.0,5497.0,19761,0.7218258380889893,20.0,163.03250122070312,123.11119079589844,,,,,,,,,,,,,,,,,,1043.780029296875,1043.780029296875,
47798,1995,0,1,0,0,0,14015.0,5507.0,19522,0.7179080247879028,20.0,163.03250122070312,123.11119079589844,,,,,,,,,,,,,,,,,,1100.9300537109375,1100.9300537109375,
47798,1996,0,1,0,0,0,13717.0,5498.0,19215,0.7138693928718567,20.0,163.03250122070312,123.11119079589844,,,,,31.0,,177.0,3649.0,,,,,,,,,,1287.8599853515625,399.8299865722656,
47798,1997,0,1,0,0,0,13420.0,5485.0,18905,0.7098650932312012,20.0,163.03250122070312,123.11119079589844,,,,,27.0,,187.0,3281.0,,,,,,,,,,2663.070068359375,437.6700134277344,
47798,1998,0,1,0,0,0,13129.0,5480.0,18609,0.7055188417434692,20.0,163.03250122070312,123.11119079589844,,,,,36.0,,201.0,4143.0,,,,,,,,,,3183.570068359375,487.9100036621094,
47798,1999,0,1,0,0,0,12858.0,5483.0,18341,0.7010523080825806,20.0,163.03250122070312,123.11119079589844,,,,,37.0,,204.0,4179.0,,,,,,,,,,3124.530029296875,543.7999877929688,
47798,2000,0,1,0,0,0,7641.0,5484.0,13125,0.5821714401245117,20.0,163.03250122070312,123.11119079589844,,,,,41.0,,226.0,4919.0,47.77927780151367,,,,,,,,,4360.573,1077.925,2723228.0
47798,2001,0,1,0,0,0,7480.0,5491.0,12971,0.5766710638999939,20.0,163.03250122070312,123.11119079589844,,,,,40.0,,204.0,4664.0,45.76274108886719,,,,,,,,,3932.078,756.613,3230887.0
47798,2002,0,1,0,0,0,7325.0,5505.0,12830,0.5709275007247925,20.0,163.03250122070312,123.11119079589844,,,,,42.0,,215.0,5590.0,45.85820770263672,,,,,,,,,7997.703,1088.78,7221819.0
47798,2003,0,1,0,0,0,7182.0,5529.0,12711,0.5650224089622498,20.0,163.03250122070312,123.11119079589844,,,,,16.0,,202.0,5252.0,45.72686767578125,,,,,,,,,4800.93,674.604,4137934.0
47798,2004,0,1,0,0,0,7051.0,5565.0,12616,0.5588934421539307,20.0,163.03250122070312,123.11119079589844,,,,,34.0,,204.0,4818.0,45.13974380493164,,,,,,,,,6327.299999999999,973.331,5364874.0
47798,2005,0,1,0,0,0,6936.0,5614.0,12550,0.55266934633255,20.0,163.03250122070312,123.11119079589844,68.1613774848785,80.28549000000001,25.315149999999996,59.61871,29.0,,184.0,4560.0,,39.04,71.1593609176567,92.33511586452762,53.14632297194844,,13.84678410487505,,,5182.201,724.5099999999999,3633301.0
47798,2006,0,1,0,0,0,6836.0,5675.0,12511,0.5463991761207581,20.0,163.03250122070312,123.11119079589844,,,,,30.0,,153.0,4420.0,45.70903015136719,39.04,,,,,,,,5309.985106,727.0881060000002,4381435.0
47798,2007,0,1,0,0,0,6739.0,5720.0,12459,0.5408941507339478,20.0,163.03250122070312,123.11119079589844,,,,,30.0,73.0,215.0,4112.0,46.26792526245117,39.04,,,,,,,,6553.378,869.9100000000001,4030581.0
47798,2008,0,1,0,0,0,6645.0,5784.0,12429,0.5346367359161377,20.0,163.03250122070312,123.11119079589844,,,,,31.0,120.0,220.0,4655.0,47.04931640625,39.04,100.0,100.0,100.0,100.0,100.0,,,6736.3,986.256,5763676.0
47798,2009,0,1,0,0,0,6555.0,5837.0,12392,0.5289703011512756,20.0,163.03250122070312,123.11119079589844,,,,,25.0,36.0,183.0,4661.0,47.113182067871094,39.04,100.0,100.0,100.0,100.0,100.0,,,10364.845,1277.847,9741044.0
47798,2010,0,1,0,0,0,6468.0,5890.0,12358,0.5233856439590454,20.0,163.03250122070312,123.11119079589844,,,,,40.0,38.0,157.0,4250.0,45.68893814086914,39.04,100.0,100.0,100.0,100.0,100.0,,,7916.476000000001,1152.232,6855823.0
47798,2011,0,1,0,0,0,6385.0,5948.0,12333,0.5177167057991028,20.0,163.03250122070312,123.11119079589844,,,,,40.0,36.0,183.0,4498.0,45.1456184387207,39.04,100.0,100.0,100.0,100.0,100.0,2616.0,,7090.562,1294.619,
47798,2012,0,1,0,0,0,6306.0,5994.0,12300,0.5126829147338867,20.0,163.03250122070312,123.11119079589844,,,,,40.0,28.0,194.0,4350.0,45.04479217529297,35.71914140643594,100.0,100.0,100.0,100.0,100.0,2866.0,,10427.657,1336.1299999999999,
47798,2013,0,1,0,0,0,6229.0,6049.0,12278,0.5073301792144775,20.0,163.03250122070312,123.11119079589844,,,,,27.0,29.0,182.0,4078.0,45.25284194946289,35.71914140643594,100.0,100.0,100.0,100.0,100.0,3099.9574816026166,876.0,11937.8,1858.6,
47798,2014,0,1,0,0,0,6157.0,6096.0,12253,0.5024892091751099,20.0,163.03250122070312,123.11119079589844,,,,,27.0,31.0,168.0,3030.0,44.607177734375,34.86617969072534,100.0,100.0,100.0,100.0,100.0,3100.0,1168.0,13759.258,2421.545,
47798,2015,0,1,0,0,0,6087.0,6156.0,12243,0.49718207120895386,20.0,163.03250122070312,123.11119079589844,,,,,30.0,34.0,169.0,3123.0,44.54402542114258,34.0084716703335,100.0,100.0,100.0,100.0,100.0,3100.0,1204.0,13817.07421875,1989.74694824218,
47798,2016,0,1,0,0,0,6022.0,6208.0,12230,0.4923957586288452,20.0,163.03250122070312,123.11119079589844,,,,,29.0,33.0,205.0,2942.0,43.45659637451172,,64.05,100.0,0.0,64.05,64.05,,1222.0,19659.369,2363.741,
47798,2017,0,1,0,0,0,5959.0,6265.0,12224,0.4874836504459381,20.0,163.03250122070312,123.11119079589844,,,,,26.0,26.0,203.0,2998.0,44.32762145996094,,,,,,,,,20024.617376327515,3073.3395442962646,
47798,2018,0,1,0,0,0,6725.0,6511.0,13236,0.5080839991569519,20.0,163.03250122070312,123.11119079589844,38.92753154318991,56.3,33.1,41.3,26.0,27.0,212.0,3136.0,43.09212875366211,,,,,,,,,15741.511643689999,2593.986331,
47798,2019,0,1,0,0,0,6797.0,6557.0,13354,0.5089860558509827,20.0,163.03250122070312,,,,,,26.0,26.0,235.0,3146.0,42.695613861083984,,,,,,,,,16040.251094259998,2556.93279,
47798,2020,0,1,0,0,0,6903.0,6600.0,13503,0.5112197399139404,20.0,163.03250122070312,,,,,,26.0,26.0,216.0,3171.0,44.37471389770508,,,,,,,,,29496.31021315,3721.1022655799998,
47798,2021,0,1,0,0,0,7090.0,6620.0,13710,0.5171407461166382,20.0,163.03250122070312,,,,,,24.0,28.0,225.0,3086.0,43.21059036254883,,,,,,,,,20382.53354,4083.634189,
47798,2022,0,1,0,0,0,7247.0,6599.0,13846,0.5234002470970154,20.0,163.03250122070312,,,,,,25.0,33.0,220.0,3168.0,43.120689392089844,,,,,,,,,23132.404047,4213.339207,
47798,2023,0,1,0,0,0,7398.0,6573.0,13971,0.5295254588127136,20.0,163.03250122070312,,,,,,,,,,,,,,,,,,,32359.516654,6756.872213,
50001,1993,0,0,0,1,0,33441.0,234855.0,268296,0.12464218586683273,467.0,0.0,0.0,25.312667846679688,,,,,,,,,,,,,,,,,7678.64013671875,7678.64013671875,
50001,1994,0,0,0,1,0,33045.0,243286.0,276331,0.11958484351634979,467.0,0.0,0.0,,,,,,,,,,,,,,,,,,13572.73046875,13572.73046875,
50001,1995,0,0,0,1,0,32243.0,252433.0,284676,0.11326209455728531,467.0,0.0,0.0,,,,,,,,,,,,,,,,,,22091.390625,20492.939453125,
50001,1996,0,0,0,1,0,31142.0,262172.0,293314,0.10617290437221527,467.0,0.0,0.0,,,,,277.0,,3098.0,75233.0,,,,,,,,,,26518.810546875,11629.6103515625,
50001,1997,0,0,0,1,0,29881.0,272374.0,302255,0.0988602340221405,467.0,0.0,0.0,,,,,281.0,,3298.0,78541.0,,,,,,,,,,31716.7890625,15725.6796875,
50001,1998,0,0,0,1,0,28595.0,282891.0,311486,0.09180188179016113,467.0,0.0,0.0,,,,,298.0,,3498.0,81363.0,,,,,,,,,,40396.1796875,27649.970703125,
50001,1999,0,0,0,1,0,27418.0,293573.0,320991,0.08541672676801682,467.0,0.0,0.0,,,,,313.0,,3633.0,81829.0,,,,,,,,,,52102.44921875,21695.19921875,
50001,2000,0,0,0,1,0,26433.0,304300.0,330733,0.07992247492074966,467.0,0.0,0.0,,,,,298.0,,3564.0,85307.0,50.70255661010742,,,,,,,,,82089.76400000001,23231.751,31989864.0
50001,2001,0,0,0,1,0,25654.0,314972.0,340626,0.07531427592039108,467.0,0.0,0.0,,,,,275.0,,3485.0,85767.0,50.6508674621582,,,,,,,,,77532.35399999999,33863.522,39545764.0
50001,2002,0,0,0,1,0,25028.0,325528.0,350556,0.0713951587677002,467.0,0.0,0.0,,,,,280.0,,3535.0,89039.0,50.635414123535156,,,,,,,,,80528.77100000001,36636.052,58333904.0
50001,2003,0,0,0,1,0,24532.0,335944.0,360476,0.06805445998907089,467.0,0.0,0.0,,,,,221.0,,3621.0,93863.0,50.672264099121094,,,,,,,,,135334.777,38264.41499999999,112572104.0
50001,2004,0,0,0,1,0,24146.0,346237.0,370383,0.06519197672605515,467.0,0.0,0.0,,,,,312.0,,3758.0,92740.0,50.487796783447266,,,,,,,,,155219.093,46469.259,123771944.0
50001,2005,0,0,0,1,0,23867.0,356461.0,380328,0.06275372952222824,467.0,0.0,0.0,17.071026274830228,40.88173,11.61075,5.332739999999999,303.0,1220.0,3960.0,89665.0,50.209266662597656,25.36,89.61418906564272,92.88394654951492,38.25696316262354,,90.41657255332193,,,190026.239,52490.281,188171952.0
50001,2006,0,0,0,1,0,23712.0,366672.0,390384,0.06074019521474838,467.0,0.0,0.0,,,,,314.0,1214.0,4136.0,88557.0,50.55012893676758,24.8,,,,,,,81634.0,193379.11,54430.632,157826736.0
50001,2007,0,0,0,1,0,23609.0,376928.0,400537,0.05894336849451065,467.0,0.0,0.0,,,,,286.0,1245.0,4095.0,88851.0,50.19155502319336,24.23,,,,,,,85714.0,204754.905,59469.673,157020384.0
50001,2008,0,0,0,1,0,23559.0,387232.0,410791,0.05735033005475998,467.0,0.0,0.0,,,,,309.0,1103.0,4050.0,88146.0,50.424903869628906,23.67,32.74,39.24,0.0,46.76,32.74,,325.0,251373.96146,68771.95946,191393984.0
50001,2009,0,0,0,1,0,23525.0,397600.0,421125,0.05586227402091026,467.0,0.0,0.0,,,,,318.0,1319.0,4152.0,91573.0,50.2753791809082,23.11,47.49,52.68,0.05,3.72,49.09,,94149.0,284519.75649000006,81741.46922,271173280.0
50001,2010,0,0,0,1,0,23511.0,408010.0,431521,0.05448402464389801,467.0,0.0,0.0,,,,,342.0,1359.0,4393.0,94683.0,50.60371398925781,22.54,46.71,53.04,1.59,40.67,48.27,,97099.0,304865.41983,100057.83596,308892736.0
50001,2011,0,0,0,1,0,23515.0,418481.0,441996,0.053201839327812195,467.0,0.0,0.0,,,,,358.0,1167.0,4649.0,98642.0,50.92042922973633,22.54,46.61,53.91,2.36,23.68,48.18,116801.0,104101.0,328492.435282,120689.409,
50001,2012,0,0,0,1,0,23542.0,428980.0,452522,0.0520239882171154,467.0,0.0,0.0,,,,,365.0,1417.0,5029.0,102773.0,50.50370407104492,21.504491180377876,63.78,69.91,14.0,37.55,64.94,129192.5,108470.0,384794.427,138942.777,
50001,2013,0,0,0,1,0,23588.0,439533.0,463121,0.05093269422650337,467.0,0.0,0.0,,,,,358.0,1480.0,5148.0,104448.0,50.52538299560547,19.6770754977197,39.29,50.48,10.43,39.87,40.95,133564.0,114515.0,432713.02951799997,152137.89132000002,
50001,2014,0,0,0,1,0,23653.0,450113.0,473766,0.04992549121379852,467.0,0.0,0.0,,,,,372.0,1651.0,4554.0,97555.0,51.12224197387695,18.688651295642256,43.79,49.75,22.5,52.3,47.16,160138.0,121287.0,494557.20031,178439.531073,
50001,2015,0,0,0,1,0,23739.0,460732.0,484471,0.0489998385310173,467.0,0.0,0.0,,,,,394.0,1418.0,5021.0,107135.0,51.28456497192383,18.688651295642256,47.88,50.96,30.07,54.71,50.91,169530.0,127359.0,542349.375,211309.171875,
50001,2016,0,0,0,1,0,23844.0,471383.0,495227,0.048147618770599365,467.0,0.0,0.0,,,,,386.0,1382.0,5318.0,102655.0,52.25984573364258,,57.67,64.58,28.67,71.22,57.67,,134117.0,609227.851168,168461.9224,
50001,2017,0,0,0,1,0,23964.0,482048.0,506012,0.04735856130719185,467.0,0.0,0.0,,,,,377.0,1395.0,5381.0,102799.0,51.80555725097656,,,,,,,,,618679.8006732657,203928.03759765625,
50001,2018,0,0,0,1,0,39223.0,492052.0,531275,0.07382805645465851,467.0,0.0,0.0,6.304740704577672,15.9,6.7,5.2,381.0,1382.0,5320.0,101908.0,51.32589340209961,,,,,,,,,617225.93102551,201877.41910110996,
50001,2019,0,0,0,1,0,41539.0,497285.0,538824,0.07709196209907532,467.0,0.0,,,,,,386.0,1604.0,5558.0,101437.0,51.325862884521484,,,,,,,,,680729.1883621999,232958.94952589998,
50001,2020,0,0,0,1,0,43255.0,502047.0,545302,0.07932301610708237,467.0,0.0,,,,,,381.0,1508.0,5297.0,100003.0,51.7201042175293,,,,,,,,,721952.24595203,211221.21873436,
50001,2021,0,0,0,1,0,43777.0,506145.0,549922,0.079605832695961,467.0,0.0,,,,,,385.0,1633.0,5311.0,97086.0,51.6595573425293,,,,,,,,,855087.30208926,273206.72208101006,
50001,2022,0,0,0,1,0,44263.0,509910.0,554173,0.07987216860055923,467.0,0.0,,,,,,377.0,1755.0,5647.0,97287.0,51.45119094848633,,,,,,,,,913158.4583650001,315464.2326874,
50001,2023,0,0,0,1,0,44710.0,513589.0,558299,0.08008253574371338,467.0,0.0,,,,,,,,,,,,,,,,,,,1090277.793006,389836.86196035,
50006,1993,0,0,0,1,0,8555.0,28374.0,36929,0.23166075348854065,523.0,25.1595401763916,25.1595401763916,34.06026077270508,,,,,,,,,,,,,,,,,1965.77001953125,1965.77001953125,
50006,1994,0,0,0,1,0,8517.0,29365.0,37882,0.22482973337173462,523.0,25.1595401763916,25.1595401763916,,,,,,,,,,,,,,,,,,2639.260009765625,2639.260009765625,
50006,1995,0,0,0,1,0,8505.0,30501.0,39006,0.21804337203502655,523.0,25.1595401763916,25.1595401763916,,,,,,,,,,,,,,,,,,3867.14990234375,3867.14990234375,
50006,1996,0,0,0,1,0,8571.0,32024.0,40595,0.21113437414169312,523.0,25.1595401763916,25.1595401763916,,,,,74.0,,514.0,12116.0,,,,,,,,,,5340.18017578125,991.489990234375,
50006,1997,0,0,0,1,0,8650.0,33606.0,42256,0.2047046571969986,523.0,25.1595401763916,25.1595401763916,,,,,77.0,,576.0,12757.0,,,,,,,,,,7104.08984375,1716.6300048828125,
50006,1998,0,0,0,1,0,8738.0,35193.0,43931,0.19890283048152924,523.0,25.1595401763916,25.1595401763916,,,,,79.0,,628.0,13122.0,,,,,,,,,,8293.400390625,1879.489990234375,
50006,1999,0,0,0,1,0,8832.0,36736.0,45568,0.19382022321224213,523.0,25.1595401763916,25.1595401763916,,,,,81.0,,651.0,14316.0,,,,,,,,,,10047.1796875,3217.780029296875,
50006,2000,0,0,0,1,0,8932.0,38181.0,47113,0.18958674371242523,523.0,25.1595401763916,25.1595401763916,,,,,68.0,,574.0,14507.0,50.02413558959961,,,,,,,,,29648.031,3944.881,15279043.0
50006,2001,0,0,0,1,0,9044.0,39571.0,48615,0.18603311479091644,523.0,25.1595401763916,25.1595401763916,,,,,62.0,,537.0,13753.0,49.583805084228516,,,,,,,,,14259.782,4364.444,10364750.0
50006,2002,0,0,0,1,0,9152.0,40929.0,50081,0.18274395167827606,523.0,25.1595401763916,25.1595401763916,,,,,68.0,,536.0,13482.0,50.102195739746094,,,,,,,,,17773.765,4392.424,10448641.0
50006,2003,0,0,0,1,0,9256.0,42249.0,51505,0.17971070110797882,523.0,25.1595401763916,25.1595401763916,,,,,36.0,,601.0,15659.0,50.66532516479492,,,,,,,,,20970.719,6393.774,18395540.0
50006,2004,0,0,0,1,0,9355.0,43533.0,52888,0.17688322067260742,523.0,25.1595401763916,25.1595401763916,,,,,68.0,,608.0,14513.0,50.204002380371094,,,,,,,,,27188.215,5888.136,15745179.0
50006,2005,0,0,0,1,0,9444.0,44786.0,54230,0.17414714395999908,523.0,25.1595401763916,25.1595401763916,22.679785504404908,48.472609999999996,9.09618,4.3326,64.0,116.0,589.0,15470.0,51.015235900878906,23.36,91.40569813986343,98.25230082736822,54.284274193548384,,85.07181539910526,,,35440.587,6222.992,34880628.0
50006,2006,0,0,0,1,0,9532.0,45992.0,55524,0.1716735064983368,523.0,25.1595401763916,25.1595401763916,,,,,68.0,129.0,617.0,15743.0,50.284767150878906,22.84,,,,,,,11070.0,46322.61373700001,7848.508737000001,43066964.0
50006,2007,0,0,0,1,0,9640.0,47292.0,56932,0.1693248152732849,523.0,25.1595401763916,25.1595401763916,,,,,63.0,142.0,577.0,13954.0,49.878700256347656,22.32,,,,,,,11932.0,51503.896,8369.199999999999,53331696.0
50006,2008,0,0,0,1,0,9755.0,48612.0,58367,0.16713210940361023,523.0,25.1595401763916,25.1595401763916,,,,,67.0,129.0,643.0,16446.0,49.960357666015625,21.81,81.9,94.83,7.29,81.96,80.98,,519.0,68663.351,10791.685,58884792.0
50006,2009,0,0,0,1,0,9876.0,49941.0,59817,0.16510356962680817,523.0,25.1595401763916,25.1595401763916,,,,,68.0,173.0,672.0,17043.0,50.0812873840332,21.29,81.9,94.83,7.29,81.96,80.98,,13541.0,57056.861999999994,16068.607,68288400.0
50006,2010,0,0,0,1,0,10004.0,51284.0,61288,0.1632293462753296,523.0,25.1595401763916,25.1595401763916,,,,,82.0,219.0,727.0,17216.0,50.17847442626953,20.77,99.96,99.95,100.0,95.71,96.84,,14264.0,69466.267,22808.911,62981256.0
50006,2011,0,0,0,1,0,10139.0,52637.0,62776,0.16151076555252075,523.0,25.1595401763916,25.1595401763916,,,,,82.0,189.0,773.0,18405.0,49.978363037109375,20.23039231255411,99.93,99.94,99.48,98.13,96.8,16986.0,15470.0,100149.343996,26128.154862,
50006,2012,0,0,0,1,0,10282.0,54005.0,64287,0.1599390208721161,523.0,25.1595401763916,25.1595401763916,,,,,81.0,141.0,683.0,17602.0,50.71773147583008,19.154520993733847,99.99,99.99,100.0,98.33,97.6,19357.5,17370.0,67785.493688,25975.871472,
50006,2013,0,0,0,1,0,10432.0,55368.0,65800,0.15854103863239288,523.0,25.1595401763916,25.1595401763916,,,,,73.0,149.0,717.0,17826.0,49.37775802612305,19.154520993733847,99.4,99.46,95.83,98.41,97.35,20203.0,19290.0,113310.552,27199.275,
50006,2014,0,0,0,1,0,10593.0,56754.0,67347,0.15728986263275146,523.0,25.1595401763916,25.1595401763916,,,,,75.0,198.0,753.0,17309.0,50.348060607910156,19.70557314850515,92.74,99.51,45.63,91.05,87.12,24921.0,19915.0,102728.91299999999,30259.238,
50006,2015,0,0,0,1,0,10760.0,58128.0,68888,0.15619556605815887,523.0,25.1595401763916,25.1595401763916,,,,,74.0,141.0,785.0,17479.0,50.3194465637207,17.9212795,92.27,99.54,45.62,90.3,85.95,26371.0,21373.0,173119.125,43012.20703125,
50006,2016,0,0,0,1,0,10941.0,59528.0,70469,0.15525975823402405,523.0,25.1595401763916,25.1595401763916,,,,,76.0,153.0,897.0,17358.0,51.27227020263672,,93.03,99.46,54.2,90.32,86.73,,22882.0,110024.875,43354.247,
50006,2017,0,0,0,1,0,11130.0,60918.0,72048,0.15448035299777985,523.0,25.1595401763916,25.1595401763916,,,,,73.0,151.0,881.0,16889.0,50.92005920410156,,,,,,,,,106431.11610382763,46782.49670791626,
50006,2018,0,0,0,1,0,20117.0,67906.0,88023,0.2285425364971161,523.0,25.1595401763916,25.1595401763916,6.185999323638823,19.2,4.4,1.5,75.0,139.0,897.0,16888.0,50.9847526550293,,,,,,,,,112110.05381704,50910.02756911,
50006,2019,0,0,0,1,0,21252.0,68872.0,90124,0.23580844700336456,523.0,25.1595401763916,,,,,,78.0,168.0,911.0,17249.0,51.430057525634766,,,,,,,,,122329.92632415,55914.572596340004,
50006,2020,0,0,0,1,0,22114.0,69715.0,91829,0.24081717431545258,523.0,25.1595401763916,,,,,,80.0,177.0,904.0,17494.0,51.34937286376953,,,,,,,,,136300.22168294998,62520.23559969,
50006,2021,0,0,0,1,0,22381.0,70226.0,92607,0.2416771948337555,523.0,25.1595401763916,,,,,,79.0,193.0,937.0,17466.0,50.864524841308594,,,,,,,,,176406.520908,62247.337767000005,
50006,2022,0,0,0,1,0,22629.0,70694.0,93323,0.24248041212558746,523.0,25.1595401763916,,,,,,76.0,207.0,930.0,17406.0,51.99279022216797,,,,,,,,,235647.64494499998,60883.090924,
50006,2023,0,0,0,1,0,22859.0,71158.0,94017,0.24313688278198242,523.0,25.1595401763916,,,,,,,,,,,,,,,,,,,206797.112105,92483.785112,
50110,1993,0,0,0,1,0,1567.0,927.0,2494,0.6283079385757446,225.0,73.48959350585938,73.48959350585938,55.2978630065918,,,,,,,,,,,,,,,,,144.02999877929688,144.02999877929688,
50110,1994,0,0,0,1,0,1541.0,990.0,2531,0.6088502407073975,225.0,73.48959350585938,73.48959350585938,,,,,,,,,,,,,,,,,,253.9199981689453,253.9199981689453,
50110,1995,0,0,0,1,0,1500.0,1071.0,2571,0.5834305882453918,225.0,73.48959350585938,73.48959350585938,,,,,,,,,,,,,,,,,,441.7900085449219,441.7900085449219,
50110,1996,0,0,0,1,0,1456.0,1173.0,2629,0.5538227558135986,225.0,73.48959350585938,73.48959350585938,,,,,7.0,,27.0,698.0,,,,,,,,,,334.3299865722656,126.12000274658203,
50110,1997,0,0,0,1,0,1402.0,1285.0,2687,0.5217714905738831,225.0,73.48959350585938,73.48959350585938,,,,,3.0,,5.0,88.0,,,,,,,,,,907.5700073242188,182.39999389648438,
50110,1998,0,0,0,1,0,1342.0,1405.0,2747,0.4885329306125641,225.0,73.48959350585938,73.48959350585938,,,,,5.0,,7.0,108.0,,,,,,,,,,879.4299926757812,294.70001220703125,
50110,1999,0,0,0,1,0,1280.0,1527.0,2807,0.4560028612613678,225.0,73.48959350585938,73.48959350585938,,,,,6.0,,17.0,422.0,,,,,,,,,,1493.4599609375,433.07000732421875,
50110,2000,0,0,0,1,0,1218.0,1648.0,2866,0.42498254776000977,225.0,73.48959350585938,73.48959350585938,,,,,9.0,,29.0,697.0,46.859092712402344,,,,,,,,,1773.825,412.434,1369807.0
50110,2001,0,0,0,1,0,1159.0,1765.0,2924,0.39637482166290283,225.0,73.48959350585938,73.48959350585938,,,,,8.0,,25.0,711.0,,,,,,,,,,1921.153,505.894,1249953.0
50110,2002,0,0,0,1,0,1106.0,1881.0,2987,0.3702711760997772,225.0,73.48959350585938,73.48959350585938,,,,,8.0,,27.0,742.0,46.05361557006836,,,,,,,,,2450.579,716.5360000000001,1766882.0
50110,2003,0,0,0,1,0,1061.0,1990.0,3051,0.3477548360824585,225.0,73.48959350585938,73.48959350585938,,,,,1.0,,28.0,758.0,48.75884246826172,,,,,,,,,2099.851,552.794,1411098.0
50110,2004,0,0,0,1,0,1028.0,2093.0,3121,0.3293816149234772,225.0,73.48959350585938,73.48959350585938,,,,,8.0,,31.0,820.0,46.64476013183594,,,,,,,,,2987.825,1118.441,2288233.0
50110,2005,0,0,0,1,0,1010.0,2187.0,3197,0.31592118740081787,225.0,73.48959350585938,73.48959350585938,40.21397105097545,59.314029999999995,23.3871,12.32719,8.0,,32.0,855.0,46.49686813354492,28.88,76.74698795180723,98.04270462633453,32.08955223880597,,67.71084337349397,,,2832.665,913.3489999999999,2626708.0
50110,2006,0,0,0,1,0,1006.0,2273.0,3279,0.30680084228515625,225.0,73.48959350585938,73.48959350585938,,,,,8.0,,35.0,1031.0,46.00477981567383,28.43,,,,,,,,5029.325548000001,2960.463548,3080528.0
50110,2007,0,0,0,1,0,1004.0,2342.0,3346,0.3000597655773163,225.0,73.48959350585938,73.48959350585938,,,,,,,,,47.143375396728516,27.98,,,,,,,,3797.172,1169.226,3258843.0
50110,2008,0,0,0,1,0,1004.0,2415.0,3419,0.29365310072898865,225.0,73.48959350585938,73.48959350585938,,,,,8.0,3.0,37.0,1184.0,46.81261444091797,27.53,17.52,0.0,17.52,16.74,15.51,,147.0,16813.946,2516.594,8151417.0
50110,2009,0,0,0,1,0,1007.0,2483.0,3490,0.28853869438171387,225.0,73.48959350585938,73.48959350585938,,,,,8.0,3.0,39.0,1258.0,44.11041259765625,27.09,46.24,62.59,8.52,43.39,42.6,,423.0,11158.258,2912.624,22515418.0
50110,2010,0,0,0,1,0,1012.0,2537.0,3549,0.2851507365703583,225.0,73.48959350585938,73.48959350585938,,,,,8.0,3.0,45.0,1349.0,47.118900299072266,26.64,48.11,66.6,8.16,45.73,42.03,,485.0,15517.143,3494.718,18627542.0
50110,2011,0,0,0,1,0,1019.0,2605.0,3624,0.2811810076236725,225.0,73.48959350585938,73.48959350585938,,,,,8.0,3.0,52.0,1545.0,46.348777770996094,23.976000000000003,45.86,63.43,8.03,42.99,42.23,923.0,557.0,15308.939,4481.950000000001,
50110,2012,0,0,0,1,0,1028.0,2675.0,3703,0.27761274576187134,225.0,73.48959350585938,73.48959350585938,,,,,8.0,3.0,30.0,992.0,47.02338790893555,23.976000000000003,45.48,63.43,7.83,42.64,41.88,1200.0,600.0,11629.964,4735.894,
50110,2013,0,0,0,1,0,1039.0,2732.0,3771,0.27552372217178345,225.0,73.48959350585938,73.48959350585938,,,,,9.0,7.0,63.0,1493.0,46.660614013671875,21.578400000000002,40.97,54.61,7.75,38.48,37.79,1257.0,774.0,8281.825,4582.746,
50110,2014,0,0,0,1,0,1052.0,2799.0,3851,0.27317580580711365,225.0,73.48959350585938,73.48959350585938,,,,,9.0,18.0,67.0,1377.0,48.299095153808594,20.450649754677425,,,,,,1310.0,824.0,20790.119000000002,5150.462,
50110,2015,0,0,0,1,0,1068.0,2858.0,3926,0.27203258872032166,225.0,73.48959350585938,73.48959350585938,,,,,9.0,10.0,60.0,1253.0,44.9714469909668,22.59408235546517,39.62,53.16,7.5,37.17,36.49,1398.0,1060.0,23685.44140625,7702.673828125,
50110,2016,0,0,0,1,0,1086.0,2921.0,4007,0.27102571725845337,225.0,73.48959350585938,73.48959350585938,,,,,9.0,7.0,71.0,1341.0,47.30042266845703,,39.54,53.12,7.47,37.09,36.41,,1088.0,9444.853000000001,5743.369000000001,
50110,2017,0,0,0,1,0,1106.0,2991.0,4097,0.2699536383152008,225.0,73.48959350585938,73.48959350585938,,,,,8.0,7.0,77.0,1345.0,44.87017822265625,,,,,,,,,15491.197573669922,9043.29672241211,
50110,2018,0,0,0,1,0,2015.0,4425.0,6440,0.3128882050514221,225.0,73.48959350585938,73.48959350585938,16.17823479005998,36.5,13.4,4.8,8.0,7.0,70.0,1503.0,43.94157409667969,,,,,,,,,16163.19991591,8294.92764556,
50110,2019,0,0,0,1,0,1926.0,4587.0,6513,0.295716255903244,225.0,73.48959350585938,,,,,,8.0,7.0,69.0,1400.0,43.77973556518555,,,,,,,,,28448.99885674,15865.7315288,
50110,2020,0,0,0,1,0,1870.0,4708.0,6578,0.284280925989151,225.0,73.48959350585938,,,,,,8.0,7.0,70.0,1367.0,44.46244430541992,,,,,,,,,22797.47048695,13574.983138520001,
50110,2021,0,0,0,1,0,1892.0,4740.0,6632,0.28528347611427307,225.0,73.48959350585938,,,,,,8.0,6.0,69.0,1411.0,44.83726501464844,,,,,,,,,22545.307073,13047.495511199999,
50110,2022,0,0,0,1,0,1913.0,4771.0,6684,0.28620585799217224,225.0,73.48959350585938,,,,,,8.0,7.0,66.0,1367.0,43.88632583618164,,,,,,,,,26258.585238,13426.4178954,
50110,2023,0,0,0,1,0,1933.0,4800.0,6733,0.2870934307575226,225.0,73.48959350585938,,,,,,,,,,,,,,,,,,,36973.075177,18732.3833465,
50226,1993,0,0,0,1,0,6257.0,8314.0,14571,0.4294146001338959,412.0,33.43449783325195,33.43449783325195,34.73847961425781,,,,,,,,,,,,,,,,,412.4200134277344,412.4200134277344,
50226,1994,0,0,0,1,0,6230.0,8471.0,14701,0.4237807095050812,412.0,33.43449783325195,33.43449783325195,,,,,,,,,,,,,,,,,,707.72998046875,707.72998046875,
50226,1995,0,0,0,1,0,6184.0,8643.0,14827,0.4170769453048706,412.0,33.43449783325195,33.43449783325195,,,,,,,,,,,,,,,,,,968.9600219726562,968.9600219726562,
50226,1996,0,0,0,1,0,6147.0,8897.0,15044,0.40860143303871155,412.0,33.43449783325195,33.43449783325195,,,,,28.0,,156.0,3572.0,,,,,,,,,,1720.3699951171875,668.9299926757812,
50226,1997,0,0,0,1,0,6101.0,9150.0,15251,0.40003934502601624,412.0,33.43449783325195,33.43449783325195,,,,,29.0,,191.0,2961.0,,,,,,,,,,2593.93994140625,1132.199951171875,
50226,1998,0,0,0,1,0,6053.0,9392.0,15445,0.3919067680835724,412.0,33.43449783325195,33.43449783325195,,,,,31.0,,196.0,4464.0,,,,,,,,,,2027.97998046875,829.8300170898438,
50226,1999,0,0,0,1,0,6009.0,9618.0,15627,0.384526789188385,412.0,33.43449783325195,33.43449783325195,,,,,30.0,,181.0,4228.0,,,,,,,,,,3247.8798828125,1478.260009765625,
50226,2000,0,0,0,1,0,5977.0,9820.0,15797,0.3783629834651947,412.0,33.43449783325195,33.43449783325195,,,,,22.0,,162.0,4307.0,50.32780075073242,,,,,,,,,3333.700000000001,1280.308,2131400.0
50226,2001,0,0,0,1,0,5962.0,10012.0,15974,0.3732315003871918,412.0,33.43449783325195,33.43449783325195,,,,,17.0,,145.0,4085.0,49.49320602416992,,,,,,,,,3008.993,1363.692,1899158.0
50226,2002,0,0,0,1,0,5947.0,10190.0,16137,0.3685319423675537,412.0,33.43449783325195,33.43449783325195,,,,,17.0,,142.0,4124.0,50.16620635986328,,,,,,,,,0.0,0.0,
50226,2003,0,0,0,1,0,5930.0,10358.0,16288,0.36407169699668884,412.0,33.43449783325195,33.43449783325195,,,,,6.0,,160.0,4369.0,49.36793899536133,,,,,,,,,3797.457,1881.97,2996341.0
50226,2004,0,0,0,1,0,5913.0,10520.0,16433,0.3598247468471527,412.0,33.43449783325195,33.43449783325195,,,,,19.0,,182.0,4446.0,49.841766357421875,,,,,,,,,4036.999,1770.486,2229837.0
50226,2005,0,0,0,1,0,5895.0,10680.0,16575,0.35565611720085144,412.0,33.43449783325195,33.43449783325195,23.30039532658297,48.48086,23.525750000000002,5.62229,19.0,49.0,179.0,4468.0,49.712100982666016,24.0,79.570516540917,97.57769652650823,48.251192368839426,,75.24666279744632,,,4649.426,2118.033,3421843.0
50226,2006,0,0,0,1,0,5879.0,10850.0,16729,0.3514256775379181,412.0,33.43449783325195,33.43449783325195,,,,,21.0,54.0,197.0,4513.0,49.028076171875,23.47,,,,,,,2234.0,7934.310184000001,2381.013184,5242937.0
50226,2007,0,0,0,1,0,5865.0,11023.0,16888,0.34728801250457764,412.0,33.43449783325195,33.43449783325195,,,,,19.0,48.0,191.0,4510.0,48.20363235473633,22.93,,,,,,,2362.0,11148.31,3615.133,12294440.0
50226,2008,0,0,0,1,0,5852.0,11182.0,17034,0.3435482084751129,412.0,33.43449783325195,33.43449783325195,,,,,20.0,48.0,195.0,4685.0,48.516822814941406,22.4,21.17,0.0,21.17,20.59,21.19,,945.0,6947.978,3257.543,6769085.0
50226,2009,0,0,0,1,0,5840.0,11340.0,17180,0.33993014693260193,412.0,33.43449783325195,33.43449783325195,,,,,20.0,53.0,196.0,4891.0,48.908447265625,21.87,91.85,86.25,99.01,50.83,46.19,,2604.0,9178.901,3451.8660000000004,9722757.0
50226,2010,0,0,0,1,0,5828.0,11504.0,17332,0.33625662326812744,412.0,33.43449783325195,33.43449783325195,,,,,20.0,53.0,203.0,4929.0,49.33493423461914,21.33,89.26,81.77,99.36,49.52,45.04,,2814.0,12234.592,3706.0420000000004,9975758.0
50226,2011,0,0,0,1,0,5819.0,11658.0,17477,0.3329518735408783,412.0,33.43449783325195,33.43449783325195,,,,,22.0,53.0,206.0,4909.0,48.971126556396484,21.33,39.8,47.64,26.81,37.26,35.07,5002.0,3059.0,14033.386,4237.758,
50226,2012,0,0,0,1,0,5810.0,11813.0,17623,0.3296827971935272,412.0,33.43449783325195,33.43449783325195,,,,,22.0,51.0,212.0,5085.0,49.844268798828125,21.216258467518074,36.91,47.63,22.2,34.56,32.53,4852.0,3472.0,11614.997,4285.626,
50226,2013,0,0,0,1,0,5802.0,11954.0,17756,0.3267627954483032,412.0,33.43449783325195,33.43449783325195,,,,,22.0,56.0,222.0,5062.0,49.9843864440918,21.216258467518074,46.98,97.54,11.63,46.98,46.98,5058.0,4011.0,17947.208,6500.081,
50226,2014,0,0,0,1,0,5796.0,12099.0,17895,0.3238893449306488,412.0,33.43449783325195,33.43449783325195,,,,,22.0,73.0,219.0,4728.0,49.64219665527344,20.818186874341457,45.47,92.87,11.41,45.47,45.47,6130.0,4159.0,20668.873,7828.745,
50226,2015,0,0,0,1,0,5790.0,12230.0,18020,0.3213096559047699,412.0,33.43449783325195,33.43449783325195,,,,,23.0,58.0,219.0,4674.0,50.05009460449219,23.42962023585885,84.37,79.67,90.43,44.64,44.64,6537.0,4414.0,23977.822265625,10804.572265625,
50226,2016,0,0,0,1,0,5786.0,12364.0,18150,0.3187878727912903,412.0,33.43449783325195,33.43449783325195,,,,,22.0,56.0,234.0,4698.0,49.84243392944336,,44.85,68.32,17.28,44.85,44.85,,4612.0,22302.921000000002,9034.862,
50226,2017,0,0,0,1,0,5783.0,12487.0,18270,0.3165298402309418,412.0,33.43449783325195,33.43449783325195,,,,,22.0,59.0,225.0,4760.0,50.56885528564453,,,,,,,,,25750.156169512695,13278.65754699707,
50226,2018,0,0,0,1,0,7825.0,15006.0,22831,0.34273576736450195,412.0,33.43449783325195,33.43449783325195,8.059179429003592,22.7,17.6,3.0,23.0,60.0,227.0,4630.0,49.98166275024414,,,,,,,,,25996.652412,12342.362049,
50226,2019,0,0,0,1,0,7895.0,15119.0,23014,0.34305205941200256,412.0,33.43449783325195,,,,,,24.0,70.0,224.0,4706.0,48.839420318603516,,,,,,,,,44157.42243664,22456.806700159996,
50226,2020,0,0,0,1,0,7962.0,15233.0,23195,0.3432636260986328,412.0,33.43449783325195,,,,,,25.0,78.0,237.0,4719.0,48.921871185302734,,,,,,,,,31775.131693950003,16415.12760409,
50226,2021,0,0,0,1,0,8056.0,15331.0,23387,0.34446486830711365,412.0,33.43449783325195,,,,,,24.0,84.0,236.0,4807.0,48.516788482666016,,,,,,,,,34649.575454,18591.914116,
50226,2022,0,0,0,1,0,8146.0,15422.0,23568,0.3456381559371948,412.0,33.43449783325195,,,,,,24.0,87.0,241.0,4824.0,50.24569320678711,,,,,,,,,37143.460495,19800.966365,
50226,2023,0,0,0,1,0,8228.0,15515.0,23743,0.3465442359447479,412.0,33.43449783325195,,,,,,,,,,,,,,,,,,,44602.030718,24029.871304,
50318,1993,0,0,0,1,0,3166.0,4769.0,7935,0.39899182319641113,521.0,50.003326416015625,50.003326416015625,29.442230224609375,,,,,,,,,,,,,,,,,342.9700012207031,342.9700012207031,
50318,1994,0,0,0,1,0,3064.0,4823.0,7887,0.38848739862442017,521.0,50.003326416015625,50.003326416015625,,,,,,,,,,,,,,,,,,550.0,550.0,
50318,1995,0,0,0,1,0,2991.0,4897.0,7888,0.3791835606098175,521.0,50.003326416015625,50.003326416015625,,,,,,,,,,,,,,,,,,645.1599731445312,645.1599731445312,
50318,1996,0,0,0,1,0,2950.0,5027.0,7977,0.3698132038116455,521.0,50.003326416015625,50.003326416015625,,,,,21.0,,115.0,2002.0,,,,,,,,,,981.27001953125,327.4100036621094,
50318,1997,0,0,0,1,0,2926.0,5165.0,8091,0.3616364002227783,521.0,50.003326416015625,50.003326416015625,,,,,21.0,,191.0,2158.0,,,,,,,,,,1199.97998046875,399.2300109863281,
50318,1998,0,0,0,1,0,2914.0,5301.0,8215,0.3547169864177704,521.0,50.003326416015625,50.003326416015625,,,,,22.0,,130.0,2175.0,,,,,,,,,,1752.260009765625,535.2999877929688,
50318,1999,0,0,0,1,0,2912.0,5431.0,8343,0.3490351140499115,521.0,50.003326416015625,50.003326416015625,,,,,21.0,,112.0,2212.0,,,,,,,,,,2494.830078125,1151.43994140625,
50318,2000,0,0,0,1,0,2915.0,5547.0,8462,0.3444811999797821,521.0,50.003326416015625,50.003326416015625,,,,,19.0,,89.0,2263.0,51.14820098876953,,,,,,,,,2617.59,1060.574,2487389.0
50318,2001,0,0,0,1,0,2918.0,5657.0,8575,0.3402915596961975,521.0,50.003326416015625,50.003326416015625,,,,,19.0,,93.0,2435.0,48.7762565612793,,,,,,,,,4297.372,1349.059,3035778.0
50318,2002,0,0,0,1,0,2918.0,5761.0,8679,0.3362138569355011,521.0,50.003326416015625,50.003326416015625,,,,,15.0,,94.0,2262.0,50.440940856933594,,,,,,,,,5022.285,1515.633,2762777.0
50318,2003,0,0,0,1,0,2909.0,5861.0,8770,0.3316989839076996,521.0,50.003326416015625,50.003326416015625,,,,,2.0,,90.0,2545.0,50.95798110961914,,,,,,,,,3703.286,1529.61,2642759.0
50318,2004,0,0,0,1,0,2888.0,5955.0,8843,0.3265860080718994,521.0,50.003326416015625,50.003326416015625,,,,,16.0,,117.0,2498.0,50.2846794128418,,,,,,,,,6831.244000000001,1799.586,5311149.0
50318,2005,0,0,0,1,0,2852.0,6045.0,8897,0.32055750489234924,521.0,50.003326416015625,50.003326416015625,19.42389598744676,45.88657,6.39488,5.9952,14.0,20.0,57.0,2640.0,50.950687408447266,23.3,95.24006622516556,98.73798076923077,87.5,,69.57781456953643,,,4795.394,2038.803,4509843.0
50318,2006,0,0,0,1,0,2800.0,6130.0,8930,0.31354984641075134,521.0,50.003326416015625,50.003326416015625,,,,,14.0,25.0,163.0,2551.0,49.37251281738281,22.78,,,,,,,,6668.772185999999,2368.489186,5131340.0
50318,2007,0,0,0,1,0,2757.0,6224.0,8981,0.3069814145565033,521.0,50.003326416015625,50.003326416015625,,,,,15.0,13.0,96.0,2625.0,49.7641716003418,22.26,,,,,,,,4347.913,2054.597,6724797.0
50318,2008,0,0,0,1,0,2718.0,6312.0,9030,0.30099669098854065,521.0,50.003326416015625,50.003326416015625,,,,,15.0,24.0,103.0,2545.0,48.71669387817383,21.75,48.93,68.31,26.77,37.53,37.5,,160762.0,5169.174000000001,2183.134,5805641.0
50318,2009,0,0,0,1,0,2683.0,6400.0,9083,0.29538699984550476,521.0,50.003326416015625,50.003326416015625,,,,,15.0,9.0,98.0,2533.0,49.11330795288086,21.23,46.09,65.42,25.13,34.8,34.8,,588.0,7569.130000000001,2692.2270000000003,10187413.0
50318,2010,0,0,0,1,0,2656.0,6491.0,9147,0.2903684377670288,521.0,50.003326416015625,50.003326416015625,,,,,17.0,19.0,97.0,2508.0,49.07444381713867,20.71,50.17,72.87,25.71,40.06,39.31,,936.0,9103.458999999999,3355.326,8421419.0
50318,2011,0,0,0,1,0,2628.0,6566.0,9194,0.28583860397338867,521.0,50.003326416015625,50.003326416015625,,,,,17.0,21.0,100.0,2523.0,48.570465087890625,20.71,52.3,75.16,25.27,42.75,42.06,2668.0,1132.0,18449.301,3049.951,
50318,2012,0,0,0,1,0,2604.0,6637.0,9241,0.2817876935005188,521.0,50.003326416015625,50.003326416015625,,,,,17.0,11.0,83.0,2312.0,49.596641540527344,20.71,61.08,81.72,37.84,43.69,45.18,3177.0,1414.0,15264.664999999999,4820.633,
50318,2013,0,0,0,1,0,2583.0,6699.0,9282,0.2782805562019348,521.0,50.003326416015625,50.003326416015625,,,,,17.0,44.0,124.0,2742.0,49.30901336669922,20.381161451645553,64.33,91.61,34.41,44.87,49.89,3225.0,1654.0,39119.92,6332.594,
50318,2014,0,0,0,1,0,2566.0,6756.0,9322,0.27526283264160156,521.0,50.003326416015625,50.003326416015625,,,,,17.0,34.0,118.0,2392.0,50.55175018310547,20.17491163859487,60.1,90.66,29.85,41.77,46.7,4075.0,1821.0,29957.568823,7045.965,
50318,2015,0,0,0,1,0,2554.0,6812.0,9366,0.27268844842910767,521.0,50.003326416015625,50.003326416015625,,,,,17.0,33.0,129.0,2495.0,50.064414978027344,22.19538391,64.4,91.04,38.39,56.91,46.9,4351.0,1980.0,26064.509765625,9336.763671875,
50318,2016,0,0,0,1,0,2545.0,6858.0,9403,0.27065831422805786,521.0,50.003326416015625,50.003326416015625,,,,,17.0,35.0,132.0,2495.0,51.12899398803711,,64.24,91.02,38.07,56.87,46.89,,2109.0,13744.089,7080.536999999999,
50318,2017,0,0,0,1,0,2543.0,6906.0,9449,0.2691290080547333,521.0,50.003326416015625,50.003326416015625,,,,,16.0,34.0,127.0,2344.0,49.43109130859375,,,,,,,,,17848.45945288574,7126.490524291992,
50318,2018,0,0,0,1,0,4510.0,9609.0,14119,0.3194277286529541,521.0,50.003326416015625,50.003326416015625,8.425464267649396,22.6,3.4,4.8,17.0,34.0,136.0,2542.0,48.51145553588867,,,,,,,,,20597.53001825,8669.590363,
50318,2019,0,0,0,1,0,4607.0,9691.0,14298,0.32221290469169617,521.0,50.003326416015625,,,,,,17.0,34.0,137.0,2810.0,50.71195602416992,,,,,,,,,23804.164326079997,8058.215437000001,
50318,2020,0,0,0,1,0,4701.0,9761.0,14462,0.32505878806114197,521.0,50.003326416015625,,,,,,17.0,36.0,140.0,2820.0,49.60670471191406,,,,,,,,,28755.24705357,9098.795737420001,
50318,2021,0,0,0,1,0,4758.0,9826.0,14584,0.3262479305267334,521.0,50.003326416015625,,,,,,17.0,35.0,140.0,2825.0,48.68376541137695,,,,,,,,,25376.771960000002,9374.702846,
50318,2022,0,0,0,1,0,4810.0,9887.0,14697,0.32727769017219543,521.0,50.003326416015625,,,,,,18.0,45.0,143.0,3011.0,49.622703552246094,,,,,,,,,37264.019474,12941.112301000001,
50318,2023,0,0,0,1,0,4859.0,9948.0,14807,0.32815560698509216,521.0,50.003326416015625,,,,,,,,,,,,,,,,,,,46664.965317,25615.7482035,
50606,1993,0,0,0,1,0,4947.0,5454.0,10401,0.4756273329257965,488.0,20.45256996154785,20.45256996154785,35.62542724609375,,,,,,,,,,,,,,,,,474.489990234375,474.489990234375,
50606,1994,0,0,0,1,0,4827.0,5530.0,10357,0.4660615921020508,488.0,20.45256996154785,20.45256996154785,,,,,,,,,,,,,,,,,,584.030029296875,584.030029296875,
50606,1995,0,0,0,1,0,4674.0,5616.0,10290,0.45422741770744324,488.0,20.45256996154785,20.45256996154785,,,,,,,,,,,,,,,,,,827.239990234375,827.010009765625,
50606,1996,0,0,0,1,0,4516.0,5754.0,10270,0.4397273659706116,488.0,20.45256996154785,20.45256996154785,,,,,24.0,,154.0,2886.0,,,,,,,,,,1660.68994140625,626.5399780273438,
50606,1997,0,0,0,1,0,4345.0,5892.0,10237,0.42444074153900146,488.0,20.45256996154785,20.45256996154785,,,,,26.0,,219.0,3136.0,,,,,,,,,,1664.6400146484375,1232.6400146484375,
50606,1998,0,0,0,1,0,4176.0,6021.0,10197,0.40953221917152405,488.0,20.45256996154785,20.45256996154785,,,,,26.0,,171.0,3178.0,,,,,,,,,,1882.2900390625,889.9000244140625,
50606,1999,0,0,0,1,0,4020.0,6136.0,10156,0.3958251178264618,488.0,20.45256996154785,20.45256996154785,,,,,25.0,,166.0,3023.0,,,,,,,,,,2640.8798828125,1341.3599853515625,
50606,2000,0,0,0,1,0,3888.0,6234.0,10122,0.3841138184070587,488.0,20.45256996154785,20.45256996154785,,,,,22.0,,178.0,3050.0,47.870609283447266,,,,,,,,,2533.917,2053.928,1697409.0
50606,2001,0,0,0,1,0,3790.0,6323.0,10113,0.37476515769958496,488.0,20.45256996154785,20.45256996154785,,,,,20.0,,159.0,2984.0,48.89410400390625,,,,,,,,,4334.039,1432.305,4213694.0
50606,2002,0,0,0,1,0,3702.0,6410.0,10112,0.36609968543052673,488.0,20.45256996154785,20.45256996154785,,,,,22.0,,159.0,3108.0,49.83485412597656,,,,,,,,,4794.118,1872.148,3170519.0
50606,2003,0,0,0,1,0,3624.0,6497.0,10121,0.3580673933029175,488.0,20.45256996154785,20.45256996154785,,,,,7.0,,158.0,3329.0,50.478309631347656,,,,,,,,,3858.28,1795.183,2025304.0
50606,2004,0,0,0,1,0,3556.0,6585.0,10141,0.35065576434135437,488.0,20.45256996154785,20.45256996154785,,,,,25.0,,151.0,3297.0,50.710853576660156,,,,,,,,,4141.942,1799.275,3144625.0
50606,2005,0,0,0,1,0,3500.0,6678.0,10178,0.34387895464897156,488.0,20.45256996154785,20.45256996154785,17.542279595717,46.74272,18.62635,4.44196,25.0,52.0,189.0,3533.0,49.336605072021484,22.84,82.87890938251805,98.4443061605476,54.67869222096956,,67.3616680032077,,,4211.491,1939.751,2684756.0
50606,2006,0,0,0,1,0,3467.0,6765.0,10232,0.33883893489837646,488.0,20.45256996154785,20.45256996154785,,,,,25.0,57.0,191.0,3741.0,51.37286376953125,22.59,,,,,,,1601.0,6118.215252,2152.764252,4029078.0
50606,2007,0,0,0,1,0,3435.0,6847.0,10282,0.33407896757125854,488.0,20.45256996154785,20.45256996154785,,,,,25.0,48.0,212.0,3804.0,50.33353805541992,22.33,,,,,,,1760.0,5905.764999999999,3556.019,4783898.0
50606,2008,0,0,0,1,0,3403.0,6930.0,10333,0.32933321595191956,488.0,20.45256996154785,20.45256996154785,,,,,25.0,45.0,197.0,3812.0,51.23405075073242,22.08,99.76,99.76,0.0,99.69,90.51,,152.0,6379.574000000001,3170.212,6257328.0
50606,2009,0,0,0,1,0,3372.0,7006.0,10378,0.32491809129714966,488.0,20.45256996154785,20.45256996154785,,,,,24.0,43.0,163.0,3594.0,50.57199478149414,21.83,100.0,100.0,100.0,100.0,100.0,,1947.0,8669.914,4211.535,7489969.0
50606,2010,0,0,0,1,0,3341.0,7089.0,10430,0.32032597064971924,488.0,20.45256996154785,20.45256996154785,,,,,25.0,50.0,172.0,3645.0,51.8344612121582,21.57,35.73,71.22,0.08,38.15,35.29,,2049.0,8756.027999999998,4373.2029999999995,10470030.0
50606,2011,0,0,0,1,0,3310.0,7159.0,10469,0.3161715567111969,488.0,20.45256996154785,20.45256996154785,,,,,27.0,59.0,183.0,3767.0,50.86362075805664,20.617586467439754,37.51,77.04,0.71,37.55,34.13,3310.0,2277.0,13503.924,4639.849,
50606,2012,0,0,0,1,0,3280.0,7231.0,10511,0.3120540380477905,488.0,20.45256996154785,20.45256996154785,,,,,27.0,45.0,173.0,3703.0,51.03987503051758,19.81481064753727,50.71,98.58,3.11,50.25,44.22,3923.0,2481.0,11331.417000000001,6092.863,
50606,2013,0,0,0,1,0,3250.0,7294.0,10544,0.3082321584224701,488.0,20.45256996154785,20.45256996154785,,,,,26.0,48.0,182.0,3896.0,51.631465911865234,19.81481064753727,50.77,93.02,4.96,50.36,45.21,4075.0,3534.0,14781.777,6588.671,
50606,2014,0,0,0,1,0,3221.0,7350.0,10571,0.3047015368938446,488.0,20.45256996154785,20.45256996154785,,,,,26.0,68.0,178.0,3511.0,52.2465705871582,19.24207748067213,51.19,95.6,2.53,50.81,46.15,5328.0,3266.0,17374.544,6830.572999999999,
50606,2015,0,0,0,1,0,3192.0,7407.0,10599,0.3011604845523834,488.0,20.45256996154785,20.45256996154785,,,,,27.0,32.0,173.0,3433.0,52.22019958496094,21.521109137482938,51.17,95.65,2.6,50.84,46.27,5663.0,3736.0,17181.46484375,8763.404296875,
50606,2016,0,0,0,1,0,3163.0,7465.0,10628,0.2976100742816925,488.0,20.45256996154785,20.45256996154785,,,,,26.0,36.0,193.0,3332.0,53.35725021362305,,43.78,95.77,1.87,43.45,39.55,,4606.0,16839.847,9461.821,
50606,2017,0,0,0,1,0,3135.0,7520.0,10655,0.29422804713249207,488.0,20.45256996154785,20.45256996154785,,,,,26.0,48.0,200.0,3611.0,52.6005859375,,,,,,,,,20972.273361206055,9228.549667358398,
50606,2018,0,0,0,1,0,6078.0,12190.0,18268,0.33271294832229614,488.0,20.45256996154785,20.45256996154785,5.923869026958232,15.3,6.3,2.7,26.0,64.0,224.0,3751.0,51.48603439331055,,,,,,,,,19246.743122,10991.146232000001,
50606,2019,0,0,0,1,0,6159.0,12315.0,18474,0.33338746428489685,488.0,20.45256996154785,,,,,,26.0,66.0,217.0,3953.0,50.686588287353516,,,,,,,,,20776.65237497,11672.92975968,
50606,2020,0,0,0,1,0,6229.0,12429.0,18658,0.3338514268398285,488.0,20.45256996154785,,,,,,26.0,66.0,216.0,3805.0,52.228816986083984,,,,,,,,,22228.500841869998,11572.340346189998,
50606,2021,0,0,0,1,0,6303.0,12509.0,18812,0.33505210280418396,488.0,20.45256996154785,,,,,,26.0,69.0,209.0,3692.0,52.04466247558594,,,,,,,,,27222.35181,13972.918163999999,
50606,2022,0,0,0,1,0,6373.0,12585.0,18958,0.3361641466617584,488.0,20.45256996154785,,,,,,25.0,85.0,210.0,3834.0,52.25387191772461,,,,,,,,,29541.598624,15745.723619999997,
50606,2023,0,0,0,1,0,6437.0,12662.0,19099,0.33703336119651794,488.0,20.45256996154785,,,,,,,,,,,,,,,,,,,32385.902066,17210.549169,
50689,1993,0,0,0,1,0,4272.0,13328.0,17600,0.24272727966308594,421.0,86.9791259765625,86.9791259765625,34.24394989013672,,,,,,,,,,,,,,,,,973.9500122070312,950.3499755859375,
50689,1994,0,0,0,1,0,4255.0,13490.0,17745,0.23978585004806519,421.0,86.9791259765625,86.9791259765625,,,,,,,,,,,,,,,,,,1126.5999755859375,1126.5999755859375,
50689,1995,0,0,0,1,0,4210.0,13741.0,17951,0.2345273196697235,421.0,86.9791259765625,86.9791259765625,,,,,,,,,,,,,,,,,,1249.0799560546875,1249.0799560546875,
50689,1996,0,0,0,1,0,4153.0,14174.0,18327,0.22660554945468903,421.0,86.9791259765625,86.9791259765625,,,,,37.0,,219.0,5134.0,,,,,,,,,,2189.489990234375,959.0,
50689,1997,0,0,0,1,0,4074.0,14650.0,18724,0.21758171916007996,421.0,86.9791259765625,86.9791259765625,,,,,38.0,,345.0,5726.0,,,,,,,,,,3609.5,2183.35009765625,
50689,1998,0,0,0,1,0,3977.0,15143.0,19120,0.20800209045410156,421.0,86.9791259765625,86.9791259765625,,,,,38.0,,234.0,4996.0,,,,,,,,,,3982.5,1775.2900390625,
50689,1999,0,0,0,1,0,3866.0,15631.0,19497,0.19828692078590393,421.0,86.9791259765625,86.9791259765625,,,,,39.0,,228.0,4908.0,,,,,,,,,,4845.47998046875,2220.989990234375,
50689,2000,0,0,0,1,0,3746.0,16092.0,19838,0.18882952630519867,421.0,86.9791259765625,86.9791259765625,,,,,36.0,,240.0,5220.0,48.390464782714844,,,,,,,,,6629.679999999999,2165.267,1846860.0
50689,2001,0,0,0,1,0,3624.0,16538.0,20162,0.17974407970905304,421.0,86.9791259765625,86.9791259765625,,,,,37.0,,222.0,5202.0,49.25861358642578,,,,,,,,,5546.265,2582.739000000001,3200359.0
50689,2002,0,0,0,1,0,3501.0,16973.0,20474,0.17099736630916595,421.0,86.9791259765625,86.9791259765625,,,,,37.0,,210.0,5242.0,49.880672454833984,,,,,,,,,6943.342000000001,3504.309,3337320.0
50689,2003,0,0,0,1,0,3383.0,17393.0,20776,0.162832111120224,421.0,86.9791259765625,86.9791259765625,,,,,11.0,,213.0,5501.0,50.70661926269531,,,,,,,,,7359.859,3624.966,3617553.0
50689,2004,0,0,0,1,0,3274.0,17794.0,21068,0.1554015576839447,421.0,86.9791259765625,86.9791259765625,,,,,37.0,,231.0,5256.0,49.54717254638672,,,,,,,,,9194.258,5149.061,4629177.0
50689,2005,0,0,0,1,0,3180.0,18170.0,21350,0.1489461362361908,421.0,86.9791259765625,86.9791259765625,26.98631014344074,59.999590000000005,13.544329999999999,4.8943,37.0,,202.0,5205.0,50.34541702270508,30.01,86.06023606023606,99.03096194753014,5.710102489019034,,85.6939356939357,,,9118.895,5108.231,6304983.0
50689,2006,0,0,0,1,0,3102.0,18525.0,21627,0.14343182742595673,421.0,86.9791259765625,86.9791259765625,,,,,41.0,56.0,236.0,5473.0,50.484642028808594,30.01,,,,,,,,11084.965041,5333.663041,0.0
50689,2007,0,0,0,1,0,3039.0,18938.0,21977,0.1382809281349182,421.0,86.9791259765625,86.9791259765625,,,,,39.0,73.0,254.0,5578.0,49.7765998840332,30.01,,,,,,,,18543.511,6111.178,15150051.0
50689,2008,0,0,0,1,0,2981.0,19348.0,22329,0.1335035115480423,421.0,86.9791259765625,86.9791259765625,,,,,43.0,48.0,245.0,5547.0,50.15822219848633,30.01,93.87,95.37,46.32,92.07,93.57,,8547.0,11613.539,6192.265,11184700.0
50689,2009,0,0,0,1,0,2926.0,19748.0,22674,0.1290464848279953,421.0,86.9791259765625,86.9791259765625,,,,,43.0,60.0,241.0,5706.0,50.7503662109375,30.01,93.7,95.38,43.84,91.87,93.39,,835.0,16081.968,6317.549,15423485.0
50689,2010,0,0,0,1,0,2877.0,20144.0,23021,0.12497285008430481,421.0,86.9791259765625,86.9791259765625,,,,,46.0,82.0,236.0,5682.0,50.40060806274414,30.01,94.42,95.49,46.73,93.13,93.6,,1381.0,13859.642000000002,7653.654,9583972.0
50689,2011,0,0,0,1,0,2833.0,20532.0,23365,0.1212497353553772,421.0,86.9791259765625,86.9791259765625,,,,,44.0,83.0,238.0,5688.0,50.17902374267578,27.009,93.7,95.41,43.33,91.88,93.39,5161.0,1804.0,17923.834,8912.093,
50689,2012,0,0,0,1,0,2793.0,20901.0,23694,0.11787794530391693,421.0,86.9791259765625,86.9791259765625,,,,,44.0,65.0,239.0,5742.0,50.05540084838867,27.009,94.45,95.48,53.33,92.88,93.64,6112.5,2163.0,18102.165,9484.039,
50689,2013,0,0,0,1,0,2759.0,21269.0,24028,0.11482436954975128,421.0,86.9791259765625,86.9791259765625,,,,,43.0,72.0,235.0,5674.0,48.630088806152344,24.3081,94.42,95.49,46.73,93.13,93.6,5648.0,2544.0,25480.230000000003,9775.197,
50689,2014,0,0,0,1,0,2732.0,21621.0,24353,0.11218330264091492,421.0,86.9791259765625,86.9791259765625,,,,,45.0,58.0,249.0,5755.0,49.198970794677734,21.87729,61.46,64.27,28.31,59.25,60.24,7040.0,2924.0,29837.812,10391.115000000002,
50689,2015,0,0,0,1,0,2710.0,21960.0,24670,0.10985001921653748,421.0,86.9791259765625,86.9791259765625,,,,,46.0,48.0,236.0,5052.0,49.99732208251953,21.99305642,100.0,100.0,100.0,96.4,98.02,7275.0,3294.0,29470.1796875,14145.4072265625,
50689,2016,0,0,0,1,0,2697.0,22295.0,24992,0.1079145297408104,421.0,86.9791259765625,86.9791259765625,,,,,45.0,48.0,252.0,4786.0,50.391151428222656,,100.0,100.0,100.0,96.4,98.01,,3531.0,21475.942000000003,8020.599,
50689,2017,0,0,0,1,0,2689.0,22609.0,25298,0.10629298537969589,421.0,86.9791259765625,86.9791259765625,,,,,41.0,34.0,238.0,4866.0,50.00517654418945,,,,,,,,,24001.814262808104,9137.159683227539,
50689,2018,0,0,0,1,0,7249.0,19458.0,26707,0.2714269757270813,421.0,86.9791259765625,86.9791259765625,16.193194898475987,25.5,6.2,2.7,42.0,39.0,241.0,4702.0,50.37117004394531,,,,,,,,,25241.4119807,9116.22223923,
50689,2019,0,0,0,1,0,7300.0,19271.0,26571,0.27473559975624084,421.0,86.9791259765625,,,,,,42.0,47.0,242.0,4678.0,50.161598205566406,,,,,,,,,29501.28765497,9514.551235,
50689,2020,0,0,0,1,0,7300.0,19199.0,26499,0.27548208832740784,421.0,86.9791259765625,,,,,,42.0,62.0,233.0,4838.0,48.60396194458008,,,,,,,,,30236.590969,10711.07371777,
50689,2021,0,0,0,1,0,7387.0,19331.0,26718,0.2764802873134613,421.0,86.9791259765625,,,,,,40.0,60.0,232.0,4636.0,48.54213333129883,,,,,,,,,29564.600043,10150.001393,
50689,2022,0,0,0,1,0,7468.0,19457.0,26925,0.27736303210258484,421.0,86.9791259765625,,,,,,40.0,65.0,237.0,4564.0,49.89342498779297,,,,,,,,,35207.8929,11451.787148999998,
50689,2023,0,0,0,1,0,7544.0,19581.0,27125,0.2781198024749756,421.0,86.9791259765625,,,,,,,,,,,,,,,,,,,40082.368254,13814.70510125,
52001,1993,0,0,1,0,0,51842.0,261212.0,313054,0.16560082137584686,2559.0,0.0,270.6582336425781,26.595752716064453,,,,,,,,,,,,,,,,,6643.14990234375,6485.52978515625,
52001,1994,0,0,1,0,0,51882.0,265357.0,317239,0.16354231536388397,2559.0,0.0,270.6582336425781,,,,,,,,,,,,,,,,,,8900.6796875,8846.8798828125,
52001,1995,0,0,1,0,0,52313.0,269338.0,321651,0.16263900697231293,2559.0,0.0,270.6582336425781,,,,,,,,,,,,,,,,,,12616.75,12616.75,
52001,1996,0,0,1,0,0,54570.0,273220.0,327790,0.16647854447364807,2559.0,0.0,270.6582336425781,,,,,271.0,,3883.0,77212.0,,,,,,,,,,18111.599609375,8965.3701171875,
52001,1997,0,0,1,0,0,57053.0,277073.0,334126,0.17075294256210327,2559.0,0.0,270.6582336425781,,,,,276.0,,3818.0,79474.0,,,,,,,,,,38018.390625,16230.349609375,
52001,1998,0,0,1,0,0,59102.0,280984.0,340086,0.17378544807434082,2559.0,0.0,270.6582336425781,,,,,302.0,,4037.0,86056.0,,,,,,,,,,35483.26171875,16158.3603515625,
52001,1999,0,0,1,0,0,61156.0,285018.0,346174,0.1766626089811325,2559.0,0.0,270.6582336425781,,,,,327.0,,4378.0,90125.0,,,,,,,,,,49250.3203125,25954.970703125,
52001,2000,0,0,1,0,0,61951.0,289222.0,351173,0.17641162872314453,2559.0,0.0,270.6582336425781,,,,,300.0,,4370.0,90404.0,52.025108337402344,,,,,,,,,55994.079,24913.353,45619084.0
52001,2001,0,0,1,0,0,63715.0,293599.0,357314,0.17831654846668243,2559.0,0.0,270.6582336425781,,,,,310.0,,4235.0,90906.0,51.94682693481445,,,,,,,,,64586.05800000001,28620.849,47237808.0
52001,2002,0,0,1,0,0,65265.0,298128.0,363393,0.17959894239902496,2559.0,0.0,270.6582336425781,,,,,307.0,,3963.0,86929.0,50.211212158203125,,,,,,,,,157104.492,39350.693,132167424.0
52001,2003,0,0,1,0,0,67112.0,302789.0,369901,0.1814323365688324,2559.0,0.0,270.6582336425781,,,,,158.0,,3732.0,90684.0,50.42454528808594,,,,,,,,,172643.786,42261.989,163408288.0
52001,2004,0,0,1,0,0,68668.0,307568.0,376236,0.18251310288906097,2559.0,0.0,270.6582336425781,,,,,293.0,,3717.0,86920.0,51.864768981933594,,,,,,,,,171991.745,45995.089,153121360.0
52001,2005,0,0,1,0,0,69942.0,312480.0,382422,0.18289220333099365,2559.0,0.0,270.6582336425781,16.195297183044673,42.01355,3.08297,5.20643,272.0,1347.0,5354.0,84751.0,52.2286376953125,16.22,97.0194513945739,99.37609562852843,85.06511693040191,,89.94684592235585,,,182956.425,55368.36500000001,175270784.0
52001,2006,0,0,1,0,0,70858.0,317496.0,388354,0.18245723843574524,2559.0,0.0,270.6582336425781,,,,,273.0,1323.0,4527.0,79186.0,51.06484603881836,15.86,,,,,,,,204313.522,58099.73,183103264.0
52001,2007,0,0,1,0,0,71597.0,322657.0,394254,0.18160119652748108,2559.0,0.0,270.6582336425781,,,,,264.0,1301.0,4167.0,84720.0,54.38798904418945,15.5,,,,,,,,226373.509,57123.082,208491040.0
52001,2008,0,0,1,0,0,72189.0,327866.0,400055,0.18044768273830414,2559.0,0.0,270.6582336425781,,,,,290.0,1624.0,4548.0,85340.0,53.651275634765625,15.14,61.39,70.71,7.95,60.36,60.3,,,228022.508,55995.02299999999,210963712.0
52001,2009,0,0,1,0,0,72711.0,333171.0,405882,0.17914320528507233,2559.0,0.0,270.6582336425781,,,,,263.0,1316.0,3994.0,80625.0,53.574951171875,14.78,70.13,82.54,7.07,56.67,69.46,,,262631.39047,59774.925729999995,222774752.0
52001,2010,0,0,1,0,0,73164.0,338533.0,411697,0.17771321535110474,2559.0,0.0,270.6582336425781,,,,,262.0,1396.0,3817.0,83605.0,52.19479751586914,14.42,61.22,72.45,6.29,66.58,60.5,,,275815.62092,69358.00156,250720992.0
52001,2011,0,0,1,0,0,73545.0,343939.0,417484,0.17616243660449982,2559.0,0.0,270.6582336425781,,,,,265.0,1244.0,3793.0,83193.0,52.63417053222656,14.184508507702452,59.75,72.44,6.54,64.94,59.05,91302.0,,316213.326997,111258.192339,
52001,2012,0,0,1,0,0,73847.0,349370.0,423217,0.17448967695236206,2559.0,0.0,270.6582336425781,,,,,268.0,1289.0,3660.0,79023.0,53.19456100463867,12.766057656932206,60.95,70.93,17.62,67.74,59.33,97478.0,,373702.40718,139071.833441,
52001,2013,0,0,1,0,0,74082.0,354808.0,428890,0.17272961139678955,2559.0,0.0,270.6582336425781,,,,,263.0,1292.0,3711.0,78440.0,52.5719108581543,11.568999508238326,58.48,62.79,19.74,67.92,57.2,100238.0,,497604.529797,155500.17088199998,
52001,2014,0,0,1,0,0,74248.0,360238.0,434486,0.17088697850704193,2559.0,0.0,270.6582336425781,,,,,267.0,1511.0,3566.0,75140.0,52.677345275878906,12.580577433254273,43.39,52.3,18.73,50.68,0.0,104161.0,11180.0,462886.24641100015,132768.20542600003,
52001,2015,0,0,1,0,0,74342.0,365651.0,439993,0.1689617782831192,2559.0,0.0,270.6582336425781,,,,,260.0,1454.0,3565.0,72514.0,53.233421325683594,12.17962867,60.45,64.97,16.76,71.98,59.41,107192.0,13801.0,493678.5,143150.890625,
52001,2016,0,0,1,0,0,74364.0,371045.0,445409,0.16695666313171387,2559.0,0.0,270.6582336425781,,,,,270.0,1353.0,3966.0,70673.0,54.59703826904297,,68.8,77.72,16.36,50.36,67.31,,16747.0,571072.375983,154347.05403300002,
52001,2017,0,0,1,0,0,74310.0,376335.0,450645,0.16489697992801666,2559.0,0.0,270.6582336425781,,,,,257.0,1326.0,4031.0,69378.0,53.78953552246094,,,,,,,,,597129.6028442383,153875.16680908203,
52001,2018,0,0,1,0,0,84835.0,308095.0,392930,0.21590359508991241,2559.0,0.0,270.6582336425781,8.105005839382628,16.3,1.5,2.8,261.0,1303.0,3925.0,68026.0,53.571128845214844,,,,,,,,,634669.28467297,175412.87930251003,
52001,2019,0,0,1,0,0,86221.0,306527.0,392748,0.21953262388706207,2559.0,0.0,,,,,,266.0,1423.0,4014.0,66461.0,53.806026458740234,,,,,,,,,668620.51332421,172034.63179524997,
52001,2020,0,0,1,0,0,87229.0,305360.0,392589,0.22218911349773407,2559.0,0.0,,,,,,269.0,1418.0,3941.0,64854.0,53.460243225097656,,,,,,,,,703298.21953718,174382.23803802,
52001,2021,0,0,1,0,0,87238.0,305329.0,392567,0.22222448885440826,2559.0,0.0,,,,,,270.0,1403.0,3784.0,63552.0,53.635990142822266,,,,,,,,,719730.6694759999,181946.178961,
52001,2022,0,0,1,0,0,87276.0,305733.0,393009,0.22207124531269073,2559.0,0.0,,,,,,273.0,1477.0,3841.0,62899.0,54.175193786621094,,,,,,,,,774630.4214669999,201905.73015500003,
52001,2023,0,0,1,0,0,87305.0,306171.0,393476,0.22188138961791992,2559.0,0.0,,,,,,,,,,,,,,,,,,,894980.85537,225371.659003,
52210,1993,0,0,1,0,0,5125.0,1264.0,6389,0.8021599650382996,2900.0,34.6754150390625,291.81756591796875,40.11927795410156,,,,,,,,,,,,,,,,,266.0199890136719,266.0199890136719,
52210,1994,0,0,1,0,0,5117.0,1312.0,6429,0.795924723148346,2900.0,34.6754150390625,291.81756591796875,,,,,,,,,,,,,,,,,,191.36000061035156,191.36000061035156,
52210,1995,0,0,1,0,0,5093.0,1364.0,6457,0.7887563705444336,2900.0,34.6754150390625,291.81756591796875,,,,,,,,,,,,,,,,,,269.0799865722656,269.0799865722656,
52210,1996,0,0,1,0,0,5057.0,1419.0,6476,0.780883252620697,2900.0,34.6754150390625,291.81756591796875,,,,,19.0,,83.0,1040.0,,,,,,,,,,557.530029296875,130.64999389648438,
52210,1997,0,0,1,0,0,5014.0,1477.0,6491,0.7724541425704956,2900.0,34.6754150390625,291.81756591796875,,,,,19.0,,87.0,1134.0,,,,,,,,,,643.4500122070312,168.50999450683594,
52210,1998,0,0,1,0,0,4967.0,1536.0,6503,0.7638013362884521,2900.0,34.6754150390625,291.81756591796875,,,,,20.0,,91.0,1160.0,,,,,,,,,,1041.52001953125,163.6699981689453,
52210,1999,0,0,1,0,0,4922.0,1593.0,6515,0.755487322807312,2900.0,34.6754150390625,291.81756591796875,,,,,21.0,,94.0,1155.0,,,,,,,,,,1784.6600341796875,503.4100036621094,
52210,2000,0,0,1,0,0,4883.0,1649.0,6532,0.7475505471229553,2900.0,34.6754150390625,291.81756591796875,,,,,21.0,,92.0,1386.0,51.8857421875,,,,,,,,,1111.141,187.17,776143.0
52210,2001,0,0,1,0,0,4851.0,1701.0,6552,0.7403846383094788,2900.0,34.6754150390625,291.81756591796875,,,,,21.0,,89.0,1346.0,50.516178131103516,,,,,,,,,3301.102,855.788,3747118.0
52210,2002,0,0,1,0,0,4821.0,1754.0,6575,0.7332319617271423,2900.0,34.6754150390625,291.81756591796875,,,,,21.0,,90.0,1428.0,49.88662338256836,,,,,,,,,2640.412,758.294,2056462.0
52210,2003,0,0,1,0,0,4797.0,1806.0,6603,0.726487934589386,2900.0,34.6754150390625,291.81756591796875,,,,,21.0,,85.0,1174.0,48.79493713378906,,,,,,,,,3101.034,848.906,3204048.0
52210,2004,0,0,1,0,0,4775.0,1858.0,6633,0.7198854088783264,2900.0,34.6754150390625,291.81756591796875,,,,,20.0,,115.0,1154.0,51.21080780029297,,,,,,,,,3033.115000000001,443.528,2273166.0
52210,2005,0,0,1,0,0,4757.0,1910.0,6667,0.7135143280029297,2900.0,34.6754150390625,291.81756591796875,65.44660340412712,67.91685,10.99366,40.31008,20.0,,87.0,1137.0,51.5164794921875,22.98,89.56386292834891,96.33699633699634,87.73491592482691,,23.83177570093458,,,2801.031,374.128,2974503.0
52210,2006,0,0,1,0,0,4735.0,1965.0,6700,0.7067164182662964,2900.0,34.6754150390625,291.81756591796875,,,,,20.0,,72.0,1145.0,49.83591842651367,22.47,,,,,,,,4299.275538,1305.624538,2908739.0
52210,2007,0,0,1,0,0,4715.0,2012.0,6727,0.7009068131446838,2900.0,34.6754150390625,291.81756591796875,,,,,,19.0,71.0,1169.0,51.68947219848633,21.96,,,,,,,,3597.053,473.117,3814199.0
52210,2008,0,0,1,0,0,4696.0,2052.0,6748,0.6959099173545837,2900.0,34.6754150390625,291.81756591796875,,,,,19.0,17.0,64.0,1053.0,49.752418518066406,21.45,100.0,100.0,100.0,27.35,27.35,,,4440.226000000001,834.424,4286846.0
52210,2009,0,0,1,0,0,4679.0,2106.0,6785,0.6896094083786011,2900.0,34.6754150390625,291.81756591796875,,,,,19.0,16.0,65.0,1081.0,52.35024642944336,20.94,99.93,100.0,99.9,25.2,25.2,,,5335.927000000001,1059.3890000000001,5110258.0
52210,2010,0,0,1,0,0,4663.0,2149.0,6812,0.6845272779464722,2900.0,34.6754150390625,291.81756591796875,,,,,19.0,17.0,64.0,1091.0,51.568946838378906,20.43,99.93,100.0,99.9,25.38,25.3,,,5352.595,1322.6609999999998,5566580.0
52210,2011,0,0,1,0,0,4649.0,2190.0,6839,0.6797777414321899,2900.0,34.6754150390625,291.81756591796875,,,,,19.0,42.0,61.0,1048.0,50.953277587890625,20.43,99.93,100.0,99.9,25.21,25.36,1628.0,,5473.308,1441.773,
52210,2012,0,0,1,0,0,4644.0,2231.0,6875,0.6754909157752991,2900.0,34.6754150390625,291.81756591796875,,,,,19.0,26.0,61.0,971.0,51.99675369262695,20.43,99.93,100.0,99.91,23.41,25.33,1685.0,,6417.072,1399.73,
52210,2013,0,0,1,0,0,4632.0,2264.0,6896,0.671693742275238,2900.0,34.6754150390625,291.81756591796875,,,,,19.0,27.0,62.0,960.0,50.31138229370117,19.25114629881408,99.93,100.0,99.91,23.36,25.28,1773.0,,9890.271,1936.904,
52210,2014,0,0,1,0,0,4626.0,2299.0,6925,0.6680144667625427,2900.0,34.6754150390625,291.81756591796875,,,,,19.0,16.0,57.0,867.0,51.850257873535156,19.25114629881408,99.93,100.0,99.91,23.34,25.25,1807.0,,9662.149,1718.2789999999998,
52210,2015,0,0,1,0,0,4623.0,2331.0,6954,0.6647972464561462,2900.0,34.6754150390625,291.81756591796875,,,,,20.0,12.0,59.0,695.0,50.68665313720703,20.29577162,99.94,100.0,99.92,24.46,26.31,1852.0,,14297.8154296875,2015.13403320312,
52210,2016,0,0,1,0,0,4615.0,2358.0,6973,0.6618385314941406,2900.0,34.6754150390625,291.81756591796875,,,,,19.0,3.0,54.0,645.0,53.861106872558594,,99.94,100.0,99.92,24.46,26.24,,,9716.641,1888.306,
52210,2017,0,0,1,0,0,4617.0,2386.0,7003,0.6592888832092285,2900.0,34.6754150390625,291.81756591796875,,,,,19.0,3.0,52.0,633.0,54.994327545166016,,,,,,,,,12584.202298164368,2306.5933046340942,
52210,2018,0,0,1,0,0,5960.0,1310.0,7270,0.8198074102401733,2900.0,34.6754150390625,291.81756591796875,16.33701915589472,44.0,10.1,35.3,19.0,3.0,52.0,642.0,51.32801055908203,,,,,,,,,12275.139046999999,2364.886347,
52210,2019,0,0,1,0,0,5944.0,1308.0,7252,0.8196359872817993,2900.0,34.6754150390625,,,,,,19.0,5.0,51.0,651.0,55.014339447021484,,,,,,,,,12755.222718,3387.00158,
52210,2020,0,0,1,0,0,5930.0,1306.0,7236,0.8195135593414307,2900.0,34.6754150390625,,,,,,19.0,13.0,53.0,635.0,49.458351135253906,,,,,,,,,12091.75095,2737.736789,
52210,2021,0,0,1,0,0,5930.0,1304.0,7234,0.8197401165962219,2900.0,34.6754150390625,,,,,,18.0,12.0,53.0,655.0,50.95359420776367,,,,,,,,,14511.348362,4298.187492,
52210,2022,0,0,1,0,0,5932.0,1310.0,7242,0.8191107511520386,2900.0,34.6754150390625,,,,,,18.0,15.0,53.0,609.0,51.108917236328125,,,,,,,,,19159.718064,5408.207144,
52210,2023,0,0,1,0,0,5934.0,1317.0,7251,0.8183698654174805,2900.0,34.6754150390625,,,,,,,,,,,,,,,,,,,19121.649822,5869.244657,
52287,1993,0,0,1,0,0,12326.0,1809.0,14135,0.8720198273658752,2350.0,17.709197998046875,284.8355712890625,72.02704620361328,,,,,,,,,,,,,,,,,276.30999755859375,269.1499938964844,
52287,1994,0,0,1,0,0,11905.0,1860.0,13765,0.8648746609687805,2350.0,17.709197998046875,284.8355712890625,,,,,,,,,,,,,,,,,,300.7099914550781,300.7099914550781,
52287,1995,0,0,1,0,0,11157.0,1926.0,13083,0.8527860641479492,2350.0,17.709197998046875,284.8355712890625,,,,,,,,,,,,,,,,,,348.3699951171875,348.3699951171875,
52287,1996,0,0,1,0,0,10185.0,2002.0,12187,0.8357266187667847,2350.0,17.709197998046875,284.8355712890625,,,,,19.0,,81.0,1131.0,,,,,,,,,,0.0,0.0,
52287,1997,0,0,1,0,0,9101.0,2080.0,11181,0.813970148563385,2350.0,17.709197998046875,284.8355712890625,,,,,21.0,,95.0,1182.0,,,,,,,,,,1007.780029296875,300.5799865722656,
52287,1998,0,0,1,0,0,8014.0,2157.0,10171,0.787926435470581,2350.0,17.709197998046875,284.8355712890625,,,,,21.0,,99.0,1184.0,,,,,,,,,,0.0,0.0,
52287,1999,0,0,1,0,0,7033.0,2225.0,9258,0.7596673369407654,2350.0,17.709197998046875,284.8355712890625,,,,,21.0,,101.0,1224.0,,,,,,,,,,1423.5400390625,198.14999389648438,
52287,2000,0,0,1,0,0,6265.0,2279.0,8544,0.7332631349563599,2350.0,17.709197998046875,284.8355712890625,,,,,21.0,,101.0,1224.0,49.0883674621582,,,,,,,,,0.0,0.0,
52287,2001,0,0,1,0,0,5749.0,2317.0,8066,0.7127448320388794,2350.0,17.709197998046875,284.8355712890625,,,,,21.0,,120.0,1264.0,49.518009185791016,,,,,,,,,2543.529,260.693,2155647.0
52287,2002,0,0,1,0,0,5324.0,2347.0,7671,0.6940425038337708,2350.0,17.709197998046875,284.8355712890625,,,,,21.0,,102.0,1247.0,47.605628967285156,,,,,,,,,4243.688,843.159,3531028.0
52287,2003,0,0,1,0,0,4989.0,2371.0,7360,0.6778532862663269,2350.0,17.709197998046875,284.8355712890625,,,,,20.0,,99.0,1414.0,46.22185516357422,,,,,,,,,2360.746,30.097,3261989.0
52287,2004,0,0,1,0,0,4746.0,2387.0,7133,0.6653581857681274,2350.0,17.709197998046875,284.8355712890625,,,,,20.0,,116.0,1140.0,49.36962127685547,,,,,,,,,2400.4178,306.55365,2908111104.0
52287,2005,0,0,1,0,0,4593.0,2398.0,6991,0.6569875478744507,2350.0,17.709197998046875,284.8355712890625,64.73140805027681,73.12584,21.174480000000003,46.527390000000004,20.0,,94.0,1250.0,47.89287185668945,27.75,80.06309148264984,96.00694444444444,70.9613478691774,,32.17665615141956,,,3441.557,943.2159999999999,2859183.0
52287,2006,0,0,1,0,0,4530.0,2401.0,6931,0.6535853147506714,2350.0,17.709197998046875,284.8355712890625,,,,,20.0,,88.0,1224.0,47.94856643676758,27.13,,,,,,,,3876.94507,1234.20607,1942684.0
52287,2007,0,0,1,0,0,4486.0,2398.0,6884,0.6516560316085815,2350.0,17.709197998046875,284.8355712890625,,,,,,26.0,75.0,1234.0,50.547088623046875,26.51,,,,,,,,4793.778,763.608,2224280.0
52287,2008,0,0,1,0,0,4452.0,2387.0,6839,0.6509723663330078,2350.0,17.709197998046875,284.8355712890625,,,,,20.0,26.0,69.0,1287.0,49.23240280151367,25.9,32.98,100.0,16.92,19.33,19.33,,,4542.327,592.53,2952864.0
52287,2009,0,0,1,0,0,4418.0,2370.0,6788,0.6508544683456421,2350.0,17.709197998046875,284.8355712890625,,,,,20.0,31.0,68.0,1297.0,50.50059127807617,25.28,33.31,100.0,16.91,19.73,19.73,,,5473.308,888.997,4425015.0
52287,2010,0,0,1,0,0,4389.0,2345.0,6734,0.6517671346664429,2350.0,17.709197998046875,284.8355712890625,,,,,21.0,28.0,67.0,1287.0,49.212276458740234,24.66,33.25,100.0,16.89,19.68,19.68,,,7556.69,1329.057,6715411.0
52287,2011,0,0,1,0,0,4371.0,2314.0,6685,0.6538519263267517,2350.0,17.709197998046875,284.8355712890625,,,,,21.0,24.0,61.0,1277.0,48.486328125,22.194,48.26,100.0,35.31,19.98,19.98,1300.0,,5030.472,1245.505,
52287,2012,0,0,1,0,0,4370.0,2275.0,6645,0.6576372981071472,2350.0,17.709197998046875,284.8355712890625,,,,,21.0,25.0,62.0,1258.0,50.9503059387207,22.0770775262267,47.93,100.0,35.16,19.64,19.64,1654.0,,6467.349,1392.946,
52287,2013,0,0,1,0,0,4363.0,2230.0,6593,0.6617624759674072,2350.0,17.709197998046875,284.8355712890625,,,,,20.0,31.0,85.0,1237.0,51.7811279296875,22.0770775262267,80.19,100.0,75.3,20.12,19.76,1707.0,,10619.664,1598.3029999999999,
52287,2014,0,0,1,0,0,4369.0,2177.0,6546,0.6674305200576782,2350.0,17.709197998046875,284.8355712890625,,,,,20.0,23.0,60.0,976.0,50.62997055053711,19.869369773604028,100.0,100.0,100.0,19.97,28.79,1743.0,,11921.871,1790.559,
52287,2015,0,0,1,0,0,4381.0,2117.0,6498,0.6742074489593506,2350.0,17.709197998046875,284.8355712890625,,,,,19.0,30.0,60.0,924.0,50.06682205200195,22.024799006644592,100.0,100.0,100.0,19.74,29.59,1833.0,,10670.953125,1551.41003417968,
52287,2016,0,0,1,0,0,4401.0,2051.0,6452,0.6821140646934509,2350.0,17.709197998046875,284.8355712890625,,,,,21.0,17.0,59.0,931.0,51.49139404296875,,100.0,100.0,100.0,19.76,29.56,,,11334.491,1741.2590000000002,
52287,2017,0,0,1,0,0,4425.0,1977.0,6402,0.691190242767334,2350.0,17.709197998046875,284.8355712890625,,,,,21.0,29.0,64.0,917.0,50.70976638793945,,,,,,,,,11972.195700356018,1954.7410898208618,
52287,2018,0,0,1,0,0,4131.0,3091.0,7222,0.5720022320747375,2350.0,17.709197998046875,284.8355712890625,21.99935296020705,41.1,10.7,18.8,21.0,28.0,61.0,923.0,50.951507568359375,,,,,,,,,12530.873944399998,2109.002583,
52287,2019,0,0,1,0,0,4082.0,3086.0,7168,0.5694754719734192,2350.0,17.709197998046875,,,,,,21.0,27.0,60.0,877.0,51.170833587646484,,,,,,,,,12830.02987,2509.243462,
52287,2020,0,0,1,0,0,4054.0,3081.0,7135,0.568185031414032,2350.0,17.709197998046875,,,,,,21.0,27.0,57.0,884.0,49.72142028808594,,,,,,,,,12856.341584,2792.377014,
52287,2021,0,0,1,0,0,4054.0,3079.0,7133,0.5683442950248718,2350.0,17.709197998046875,,,,,,17.0,25.0,57.0,821.0,49.493446350097656,,,,,,,,,17275.259962,2845.06434,
52287,2022,0,0,1,0,0,4055.0,3086.0,7141,0.5678476691246033,2350.0,17.709197998046875,,,,,,17.0,20.0,54.0,810.0,51.921627044677734,,,,,,,,,20620.996606,3510.703004,
52287,2023,0,0,1,0,0,4057.0,3093.0,7150,0.5674126148223877,2350.0,17.709197998046875,,,,,,,,,,,,,,,,,,,19243.689154,3828.500395,
52356,1993,0,0,1,0,0,15144.0,59351.0,74495,0.20328880846500397,2897.0,48.95099639892578,319.6085510253906,36.75397872924805,,,,,,,,,,,,,,,,,3061.010009765625,3060.31005859375,
52356,1994,0,0,1,0,0,15763.0,60385.0,76148,0.20700478553771973,2897.0,48.95099639892578,319.6085510253906,,,,,,,,,,,,,,,,,,3357.010009765625,3357.010009765625,
52356,1995,0,0,1,0,0,16865.0,61421.0,78286,0.21542803943157196,2897.0,48.95099639892578,319.6085510253906,,,,,,,,,,,,,,,,,,3659.1298828125,3659.1298828125,
52356,1996,0,0,1,0,0,18354.0,62423.0,80777,0.2272181510925293,2897.0,48.95099639892578,319.6085510253906,,,,,92.0,,988.0,19228.0,,,,,,,,,,7376.27001953125,2349.889892578125,
52356,1997,0,0,1,0,0,20147.0,63454.0,83601,0.24098993837833405,2897.0,48.95099639892578,319.6085510253906,,,,,97.0,,1042.0,22734.0,,,,,,,,,,8094.93994140625,2704.159912109375,
52356,1998,0,0,1,0,0,22155.0,64523.0,86678,0.2556011974811554,2897.0,48.95099639892578,319.6085510253906,,,,,99.0,,1018.0,22705.0,,,,,,,,,,15588.16015625,9039.509765625,
52356,1999,0,0,1,0,0,24285.0,65643.0,89928,0.2700493633747101,2897.0,48.95099639892578,319.6085510253906,,,,,103.0,,1105.0,24171.0,,,,,,,,,,16876.9609375,5512.18994140625,
52356,2000,0,0,1,0,0,26445.0,66821.0,93266,0.2835438549518585,2897.0,48.95099639892578,319.6085510253906,,,,,100.0,,1093.0,24283.0,50.87483596801758,,,,,,,,,15440.479,4529.656,12876580.0
52356,2001,0,0,1,0,0,28541.0,68067.0,96608,0.2954310178756714,2897.0,48.95099639892578,319.6085510253906,,,,,104.0,,1071.0,23730.0,51.0063362121582,,,,,,,,,9999.14,3431.543,5033712.0
52356,2002,0,0,1,0,0,30505.0,69418.0,99923,0.3052850663661957,2897.0,48.95099639892578,319.6085510253906,,,,,105.0,,1046.0,24091.0,49.22530746459961,,,,,,,,,10460.637,6439.825000000001,11806277.0
52356,2003,0,0,1,0,0,32253.0,70902.0,103155,0.3126654028892517,2897.0,48.95099639892578,319.6085510253906,,,,,63.0,,1031.0,24500.0,49.3819694519043,,,,,,,,,21538.552,10392.676,15334119.0
52356,2004,0,0,1,0,0,33697.0,72541.0,106238,0.31718406081199646,2897.0,48.95099639892578,319.6085510253906,,,,,107.0,,1033.0,24776.0,50.53534698486328,,,,,,,,,19302.4,9466.795,13514419.0
52356,2005,0,0,1,0,0,34754.0,74373.0,109127,0.3184729814529419,2897.0,48.95099639892578,319.6085510253906,30.660600942571882,60.68601,19.29687,20.38411,96.0,307.0,1107.0,24608.0,50.91439437866211,17.24,83.13290575449848,98.53192890059249,50.92261085100523,,71.90005344735435,,,32067.737,14891.851,21257492.0
52356,2006,0,0,1,0,0,35421.0,76341.0,111762,0.31693241000175476,2897.0,48.95099639892578,319.6085510253906,,,,,96.0,300.0,1102.0,25551.0,49.705955505371094,16.86,,,,,,,,32385.126519,15360.808519,18507004.0
52356,2007,0,0,1,0,0,36034.0,78575.0,114609,0.3144081234931946,2897.0,48.95099639892578,319.6085510253906,,,,,96.0,335.0,1123.0,25169.0,52.589378356933594,16.48,,,,,,,,32965.02,14954.075,23429304.0
52356,2008,0,0,1,0,0,36594.0,80888.0,117482,0.31148600578308105,2897.0,48.95099639892578,319.6085510253906,,,,,98.0,356.0,1234.0,26549.0,51.580955505371094,16.09,67.23,68.46,63.1,55.47,56.62,,,35261.842,12509.208,26974416.0
52356,2009,0,0,1,0,0,37099.0,83293.0,120392,0.3081516921520233,2897.0,48.95099639892578,319.6085510253906,,,,,98.0,326.0,1209.0,26906.0,52.31497573852539,15.71,52.6,71.1,28.09,44.1,44.97,,,40360.013,11315.658,43231836.0
52356,2010,0,0,1,0,0,37550.0,85791.0,123341,0.30444052815437317,2897.0,48.95099639892578,319.6085510253906,,,,,96.0,350.0,1150.0,25189.0,50.45637893676758,15.33,,,,,,,,70472.496,10965.663,77143256.0
52356,2011,0,0,1,0,0,37948.0,88387.0,126335,0.3003759980201721,2897.0,48.95099639892578,319.6085510253906,,,,,94.0,361.0,1242.0,25027.0,51.5131950378418,15.225970904968705,50.66,71.58,24.17,42.85,43.38,24364.0,,83198.705,13481.795,
52356,2012,0,0,1,0,0,38291.0,91071.0,129362,0.29599881172180176,2897.0,48.95099639892578,319.6085510253906,,,,,95.0,378.0,1225.0,24490.0,52.69050979614258,14.481582523181114,67.07,68.56,61.75,57.2,54.64,26850.0,,98635.495,15016.328,
52356,2013,0,0,1,0,0,38580.0,93858.0,132438,0.29130610823631287,2897.0,48.95099639892578,319.6085510253906,,,,,93.0,382.0,1251.0,25057.0,52.28593826293945,13.033424270863001,65.01,68.37,53.73,56.01,53.75,27923.0,,123815.88700000002,18350.229,
52356,2014,0,0,1,0,0,38816.0,96726.0,135542,0.2863761782646179,2897.0,48.95099639892578,319.6085510253906,,,,,95.0,321.0,1140.0,24741.0,52.12126159667969,11.7300818437767,65.99,69.46,54.0,57.2,55.01,29116.0,,137026.25100000002,21173.101,
52356,2015,0,0,1,0,0,38997.0,99682.0,138679,0.28120335936546326,2897.0,48.95099639892578,319.6085510253906,,,,,114.0,284.0,1126.0,24059.0,52.140838623046875,11.38947627,65.11,68.29,53.94,56.46,54.29,30307.0,,140539.65625,21532.33984375,
52356,2016,0,0,1,0,0,39124.0,102739.0,141863,0.27578720450401306,2897.0,48.95099639892578,319.6085510253906,,,,,116.0,256.0,1137.0,22902.0,52.58512496948242,,63.18,66.13,52.7,54.82,52.72,,,149858.04,26161.409,
52356,2017,0,0,1,0,0,39198.0,105875.0,145073,0.27019500732421875,2897.0,48.95099639892578,319.6085510253906,,,,,120.0,307.0,1308.0,23598.0,52.319297790527344,,,,,,,,,174652.43127441406,32031.60595703125,
52356,2018,0,0,1,0,0,38793.0,77343.0,116136,0.33403077721595764,2897.0,48.95099639892578,319.6085510253906,10.344167711193823,23.4,11.7,13.4,137.0,304.0,1330.0,23601.0,52.089271545410156,,,,,,,,,193246.202386,34082.194628,
52356,2019,0,0,1,0,0,38804.0,77188.0,115992,0.33454030752182007,2897.0,48.95099639892578,,,,,,125.0,344.0,1340.0,24311.0,51.71925354003906,,,,,,,,,200814.19815816,33439.17752835,
52356,2020,0,0,1,0,0,38794.0,77042.0,115836,0.3349045217037201,2897.0,48.95099639892578,,,,,,121.0,356.0,1340.0,23102.0,51.70750427246094,,,,,,,,,208895.64728079998,30753.664464770005,
52356,2021,0,0,1,0,0,38796.0,77014.0,115810,0.3349969685077667,2897.0,48.95099639892578,,,,,,118.0,325.0,1222.0,22894.0,51.594940185546875,,,,,,,,,245040.36168899998,33408.288306999995,
52356,2022,0,0,1,0,0,38813.0,77123.0,115936,0.3347795307636261,2897.0,48.95099639892578,,,,,,118.0,345.0,1377.0,22786.0,52.31768798828125,,,,,,,,,246662.82171500003,45393.60907,
52356,2023,0,0,1,0,0,38829.0,77245.0,116074,0.3345193564891815,2897.0,48.95099639892578,,,,,,,,,,,,,,,,,,,321730.123691,56526.46291,
52560,1993,0,0,1,0,0,11743.0,1700.0,13443,0.8735401034355164,2750.0,41.43165969848633,306.80615234375,64.00542449951172,,,,,,,,,,,,,,,,,486.8900146484375,486.8699951171875,
52560,1994,0,0,1,0,0,11811.0,1709.0,13520,0.8735947012901306,2750.0,41.43165969848633,306.80615234375,,,,,,,,,,,,,,,,,,467.510009765625,467.510009765625,
52560,1995,0,0,1,0,0,11865.0,1724.0,13589,0.8731327056884766,2750.0,41.43165969848633,306.80615234375,,,,,,,,,,,,,,,,,,470.5,470.5,
52560,1996,0,0,1,0,0,11894.0,1741.0,13635,0.872313916683197,2750.0,41.43165969848633,306.80615234375,,,,,25.0,,112.0,2116.0,,,,,,,,,,1156.8900146484375,277.7900085449219,
52560,1997,0,0,1,0,0,11901.0,1764.0,13665,0.8709110617637634,2750.0,41.43165969848633,306.80615234375,,,,,26.0,,130.0,2173.0,,,,,,,,,,0.0,0.0,
52560,1998,0,0,1,0,0,11882.0,1790.0,13672,0.8690754771232605,2750.0,41.43165969848633,306.80615234375,,,,,26.0,,136.0,2203.0,,,,,,,,,,1244.1700439453125,259.30999755859375,
52560,1999,0,0,1,0,0,11831.0,1820.0,13651,0.8666764497756958,2750.0,41.43165969848633,306.80615234375,,,,,27.0,,138.0,2165.0,,,,,,,,,,2406.110107421875,515.0,
52560,2000,0,0,1,0,0,11745.0,1852.0,13597,0.8637934923171997,2750.0,41.43165969848633,306.80615234375,,,,,27.0,,146.0,2214.0,51.81559371948242,,,,,,,,,3809.104,321.514,3806961.0
52560,2001,0,0,1,0,0,11626.0,1887.0,13513,0.8603566884994507,2750.0,41.43165969848633,306.80615234375,,,,,28.0,,148.0,2233.0,52.84917449951172,,,,,,,,,3836.005,363.006,3122065.0
52560,2002,0,0,1,0,0,11508.0,1918.0,13426,0.8571428656578064,2750.0,41.43165969848633,306.80615234375,,,,,28.0,,142.0,2405.0,48.7615852355957,,,,,,,,,6766.699,695.342,6009948.0
52560,2003,0,0,1,0,0,11388.0,1948.0,13336,0.8539292216300964,2750.0,41.43165969848633,306.80615234375,,,,,12.0,,127.0,2616.0,47.215694427490234,,,,,,,,,3927.406,695.3029999999999,3980587.0
52560,2004,0,0,1,0,0,11269.0,1976.0,13245,0.8508116006851196,2750.0,41.43165969848633,306.80615234375,,,,,28.0,,146.0,2415.0,49.355831146240234,,,,,,,,,4528.311,793.3240000000001,4674454.0
52560,2005,0,0,1,0,0,11150.0,2002.0,13152,0.8477798104286194,2750.0,41.43165969848633,306.80615234375,42.604958170235626,67.58769,8.49796,21.66823,28.0,,147.0,2193.0,48.67815399169922,22.27,92.35255994815294,98.0276134122288,91.23691353237689,,25.372650680492548,,,5260.302,908.944,5606366.0
52560,2006,0,0,1,0,0,11028.0,2026.0,13054,0.8447985053062439,2750.0,41.43165969848633,306.80615234375,,,,,28.0,,136.0,2251.0,47.511661529541016,21.77,,,,,,,,5652.156037999999,909.2210379999999,4681341.0
52560,2007,0,0,1,0,0,10904.0,2048.0,12952,0.8418776988983154,2750.0,41.43165969848633,306.80615234375,,,,,,37.0,118.0,2309.0,50.86397171020508,21.28,,,,,,,,6320.651,969.03,4634218.0
52560,2008,0,0,1,0,0,10777.0,2068.0,12845,0.8390035033226013,2750.0,41.43165969848633,306.80615234375,,,,,28.0,39.0,111.0,2326.0,48.90793228149414,20.78,30.03,100.0,25.31,6.33,6.64,,,5545.062,1057.355,6015036.0
52560,2009,0,0,1,0,0,10647.0,2086.0,12733,0.8361737132072449,2750.0,41.43165969848633,306.80615234375,,,,,27.0,34.0,114.0,2328.0,50.32750701904297,20.29,29.75,100.0,24.93,6.42,6.64,,,5915.528,848.2230000000001,6918356.0
52560,2010,0,0,1,0,0,10514.0,2102.0,12616,0.8333861827850342,2750.0,41.43165969848633,306.80615234375,,,,,28.0,46.0,115.0,2330.0,49.6876220703125,19.79,29.65,100.0,24.81,6.45,6.65,,,7327.701000000001,907.346,7454390.0
52560,2011,0,0,1,0,0,10412.0,2115.0,12527,0.8311646580696106,2750.0,41.43165969848633,306.80615234375,,,,,28.0,42.0,123.0,2257.0,50.53313446044922,18.371081247175304,29.44,100.0,24.56,6.49,6.57,2819.0,,6406.417,1037.625,
52560,2012,0,0,1,0,0,10298.0,2127.0,12425,0.8288128972053528,2750.0,41.43165969848633,306.80615234375,,,,,28.0,47.0,128.0,2220.0,50.94354248046875,18.348821933061476,29.19,100.0,24.27,6.49,6.49,3038.0,,9101.999797,982.6300000000001,
52560,2013,0,0,1,0,0,10196.0,2136.0,12332,0.8267920613288879,2750.0,41.43165969848633,306.80615234375,,,,,28.0,48.0,123.0,2281.0,51.693267822265625,16.918306014930423,29.9,100.0,24.92,6.65,6.65,3095.0,,10597.699,1248.495,
52560,2014,0,0,1,0,0,10094.0,2143.0,12237,0.8248753547668457,2750.0,41.43165969848633,306.80615234375,,,,,28.0,31.0,115.0,2416.0,52.91376495361328,17.357663125354286,30.74,100.0,25.25,7.36,7.73,3176.0,,13394.715999999999,1669.465,
52560,2015,0,0,1,0,0,9989.0,2148.0,12137,0.8230205178260803,2750.0,41.43165969848633,306.80615234375,,,,,28.0,32.0,129.0,2370.0,52.851863861083984,15.465677844690669,30.97,99.84,25.34,7.56,7.93,3229.0,,25867.578125,1730.40002441406,
52560,2016,0,0,1,0,0,9883.0,2151.0,12034,0.8212564587593079,2750.0,41.43165969848633,306.80615234375,,,,,29.0,24.0,113.0,1899.0,49.67681884765625,,99.83,100.0,99.81,13.82,13.82,,,12533.601999999999,1545.9360000000001,
52560,2017,0,0,1,0,0,9780.0,2152.0,11932,0.8196446299552917,2750.0,41.43165969848633,306.80615234375,,,,,29.0,28.0,116.0,1844.0,51.5644645690918,,,,,,,,,16320.833496014526,1734.2435894012451,
52560,2018,0,0,1,0,0,8317.0,2097.0,10414,0.7986364364624023,2750.0,41.43165969848633,306.80615234375,11.916691227036054,27.5,0.7,5.0,29.0,32.0,112.0,1856.0,49.14211654663086,,,,,,,,,15096.227262,1532.803656,
52560,2019,0,0,1,0,0,8104.0,2093.0,10197,0.794743537902832,2750.0,41.43165969848633,,,,,,29.0,29.0,111.0,1803.0,49.00685501098633,,,,,,,,,16136.314565,1915.023874,
52560,2020,0,0,1,0,0,7968.0,2090.0,10058,0.7922052145004272,2750.0,41.43165969848633,,,,,,29.0,27.0,111.0,1811.0,51.894798278808594,,,,,,,,,16792.789410999998,1900.265632,
52560,2021,0,0,1,0,0,7967.0,2089.0,10056,0.7922633290290833,2750.0,41.43165969848633,,,,,,28.0,28.0,109.0,1766.0,51.029266357421875,,,,,,,,,16343.335078999999,2158.36179775,
52560,2022,0,0,1,0,0,7970.0,2097.0,10067,0.7916956543922424,2750.0,41.43165969848633,,,,,,27.0,26.0,109.0,1679.0,52.58675765991211,,,,,,,,,18863.465931,2480.988423,
52560,2023,0,0,1,0,0,7973.0,2106.0,10079,0.7910506725311279,2750.0,41.43165969848633,,,,,,,,,,,,,,,,,,,22870.643443,2579.0136015,
52573,1993,0,0,1,0,0,7664.0,2440.0,10104,0.758511483669281,2800.0,28.387971878051758,296.9901123046875,52.491031646728516,,,,,,,,,,,,,,,,,355.8299865722656,355.8299865722656,
52573,1994,0,0,1,0,0,7633.0,2467.0,10100,0.7557425498962402,2800.0,28.387971878051758,296.9901123046875,,,,,,,,,,,,,,,,,,454.5,454.5,
52573,1995,0,0,1,0,0,7567.0,2497.0,10064,0.7518879175186157,2800.0,28.387971878051758,296.9901123046875,,,,,,,,,,,,,,,,,,551.469970703125,551.4400024414062,
52573,1996,0,0,1,0,0,7468.0,2527.0,9995,0.7471736073493958,2800.0,28.387971878051758,296.9901123046875,,,,,28.0,,121.0,1972.0,,,,,,,,,,0.0,0.0,
52573,1997,0,0,1,0,0,7345.0,2558.0,9903,0.741694450378418,2800.0,28.387971878051758,296.9901123046875,,,,,25.0,,120.0,1917.0,,,,,,,,,,1759.3800048828125,220.33999633789062,
52573,1998,0,0,1,0,0,7203.0,2591.0,9794,0.735450267791748,2800.0,28.387971878051758,296.9901123046875,,,,,28.0,,136.0,2039.0,,,,,,,,,,2593.800048828125,688.7999877929688,
52573,1999,0,0,1,0,0,7046.0,2623.0,9669,0.7287206649780273,2800.0,28.387971878051758,296.9901123046875,,,,,29.0,,153.0,2181.0,,,,,,,,,,2906.570068359375,547.6599731445312,
52573,2000,0,0,1,0,0,6880.0,2656.0,9536,0.7214764952659607,2800.0,28.387971878051758,296.9901123046875,,,,,28.0,,146.0,2103.0,51.0340576171875,,,,,,,,,2913.121,586.681,3161702.0
52573,2001,0,0,1,0,0,6710.0,2688.0,9398,0.7139816880226135,2800.0,28.387971878051758,296.9901123046875,,,,,28.0,,145.0,2127.0,48.77949142456055,,,,,,,,,3066.441,400.686,2145608.0
52573,2002,0,0,1,0,0,6548.0,2719.0,9267,0.7065932750701904,2800.0,28.387971878051758,296.9901123046875,,,,,28.0,,148.0,2170.0,47.77140426635742,,,,,,,,,4128.190000000001,506.518,3251335.0
52573,2003,0,0,1,0,0,6399.0,2750.0,9149,0.699420690536499,2800.0,28.387971878051758,296.9901123046875,,,,,5.0,,113.0,2179.0,47.45935821533203,,,,,,,,,2966.757,620.143,2819503.0
52573,2004,0,0,1,0,0,6271.0,2781.0,9052,0.6927750706672668,2800.0,28.387971878051758,296.9901123046875,,,,,29.0,,151.0,2038.0,48.41200637817383,,,,,,,,,3324.264,850.815,2906459.0
52573,2005,0,0,1,0,0,6167.0,2812.0,8979,0.6868247985839844,2800.0,28.387971878051758,296.9901123046875,46.14862572107228,67.56023,16.57072,31.78454,27.0,,118.0,1939.0,49.96780014038086,18.68,84.54190186712984,98.83720930232558,77.30542838456508,,46.93877551020408,,,4207.7,988.0930000000001,3943925.0
52573,2006,0,0,1,0,0,6087.0,2842.0,8929,0.6817112565040588,2800.0,28.387971878051758,296.9901123046875,,,,,27.0,,105.0,1937.0,49.37004089355469,18.47,,,,,,,,4808.817544,1045.115544,4779438.0
52573,2007,0,0,1,0,0,5999.0,2871.0,8870,0.6763246655464172,2800.0,28.387971878051758,296.9901123046875,,,,,,23.0,106.0,1875.0,51.060211181640625,18.27,,,,,,,,5158.424999999999,1040.881,4893667.0
52573,2008,0,0,1,0,0,5915.0,2898.0,8813,0.6711676120758057,2800.0,28.387971878051758,296.9901123046875,,,,,27.0,25.0,103.0,1958.0,50.9847412109375,18.06,33.11,100.0,0.0,33.11,33.11,,,4800.805,1220.543,5151038.0
52573,2009,0,0,1,0,0,5835.0,2923.0,8758,0.6662480235099792,2800.0,28.387971878051758,296.9901123046875,,,,,27.0,36.0,103.0,1900.0,52.90615463256836,17.85,25.81,100.0,0.0,25.81,25.81,,,6191.217000000001,1391.248,7430637.0
52573,2010,0,0,1,0,0,5748.0,2947.0,8695,0.6610695719718933,2800.0,28.387971878051758,296.9901123046875,,,,,29.0,34.0,106.0,1897.0,51.452903747558594,17.64,33.16,100.0,0.0,33.16,33.16,,,6134.781,1364.88,7657681.0
52573,2011,0,0,1,0,0,5666.0,2969.0,8635,0.6561667919158936,2800.0,28.387971878051758,296.9901123046875,,,,,29.0,31.0,108.0,1854.0,50.44310760498047,17.64,22.25,99.9,0.0,22.25,22.25,2376.0,,8349.998,1518.625,
52573,2012,0,0,1,0,0,5581.0,2989.0,8570,0.651225209236145,2800.0,28.387971878051758,296.9901123046875,,,,,29.0,29.0,108.0,1785.0,51.517303466796875,15.876000000000001,22.18,99.9,0.0,22.18,22.18,2651.0,,14184.487,2311.6240000000003,
52573,2013,0,0,1,0,0,5512.0,3008.0,8520,0.6469483375549316,2800.0,28.387971878051758,296.9901123046875,,,,,26.0,38.0,107.0,1848.0,53.07405090332031,15.669094346064693,21.17,89.23,0.0,21.17,21.17,2728.0,,10740.054999999998,1904.555,
52573,2014,0,0,1,0,0,5424.0,3025.0,8449,0.6419694423675537,2800.0,28.387971878051758,296.9901123046875,,,,,26.0,21.0,97.0,1484.0,53.41919708251953,14.911487076604601,16.99,57.61,0.0,16.99,16.99,2856.0,,17841.42,3389.4210000000003,
52573,2015,0,0,1,0,0,5344.0,3040.0,8384,0.6374045610427856,2800.0,28.387971878051758,296.9901123046875,,,,,26.0,22.0,98.0,1264.0,54.09673309326172,13.378586205129649,36.08,100.0,0.0,36.08,36.08,2913.0,,20966.76171875,3813.126953125,
52573,2016,0,0,1,0,0,5265.0,3054.0,8319,0.6328885555267334,2800.0,28.387971878051758,296.9901123046875,,,,,28.0,18.0,91.0,1330.0,54.722896575927734,,36.49,100.0,0.0,36.49,36.49,,,20091.755,2537.124,
52573,2017,0,0,1,0,0,5193.0,3066.0,8259,0.6287686228752136,2800.0,28.387971878051758,296.9901123046875,,,,,28.0,18.0,91.0,1353.0,55.8798713684082,,,,,,,,,15868.606956312256,3249.554828643799,
52573,2018,0,0,1,0,0,5130.0,3451.0,8581,0.597832441329956,2800.0,28.387971878051758,296.9901123046875,13.91624154703998,32.7,9.7,17.2,28.0,17.0,101.0,1264.0,54.092323303222656,,,,,,,,,13190.549513999998,2962.645732,
52573,2019,0,0,1,0,0,5005.0,3445.0,8450,0.5923076868057251,2800.0,28.387971878051758,,,,,,28.0,29.0,98.0,1233.0,54.5200309753418,,,,,,,,,13167.797330000001,2910.260546,
52573,2020,0,0,1,0,0,4925.0,3440.0,8365,0.5887627005577087,2800.0,28.387971878051758,,,,,,28.0,20.0,89.0,1187.0,53.58357620239258,,,,,,,,,16385.308708,2996.624836,
52573,2021,0,0,1,0,0,4925.0,3438.0,8363,0.5889034867286682,2800.0,28.387971878051758,,,,,,23.0,20.0,88.0,1185.0,52.28135299682617,,,,,,,,,15996.949777999998,3201.89082275,
52573,2022,0,0,1,0,0,4927.0,3445.0,8372,0.5885093212127686,2800.0,28.387971878051758,,,,,,23.0,18.0,87.0,1153.0,53.94428253173828,,,,,,,,,15729.664555,2869.763222,
52573,2023,0,0,1,0,0,4928.0,3454.0,8382,0.5879265069961548,2800.0,28.387971878051758,,,,,,,,,,,,,,,,,,,23264.694094,3527.851648,
52788,1993,0,0,1,0,0,12031.0,1791.0,13822,0.8704239726066589,2403.0,14.486093521118164,273.28253173828125,46.06920623779297,,,,,,,,,,,,,,,,,355.6099853515625,355.6099853515625,
52788,1994,0,0,1,0,0,11949.0,1800.0,13749,0.8690813779830933,2403.0,14.486093521118164,273.28253173828125,,,,,,,,,,,,,,,,,,424.2900085449219,424.2900085449219,
52788,1995,0,0,1,0,0,11727.0,1822.0,13549,0.8655251264572144,2403.0,14.486093521118164,273.28253173828125,,,,,,,,,,,,,,,,,,590.5900268554688,590.5900268554688,
52788,1996,0,0,1,0,0,11397.0,1854.0,13251,0.8600860238075256,2403.0,14.486093521118164,273.28253173828125,,,,,36.0,,171.0,2014.0,,,,,,,,,,1248.5400390625,379.1199951171875,
52788,1997,0,0,1,0,0,11008.0,1893.0,12901,0.8532671928405762,2403.0,14.486093521118164,273.28253173828125,,,,,37.0,,158.0,2037.0,,,,,,,,,,2171.72998046875,369.0299987792969,
52788,1998,0,0,1,0,0,10595.0,1934.0,12529,0.84563809633255,2403.0,14.486093521118164,273.28253173828125,,,,,37.0,,153.0,2058.0,,,,,,,,,,2461.0400390625,503.17999267578125,
52788,1999,0,0,1,0,0,10202.0,1974.0,12176,0.8378778100013733,2403.0,14.486093521118164,273.28253173828125,,,,,37.0,,166.0,2197.0,,,,,,,,,,0.0,0.0,
52788,2000,0,0,1,0,0,9867.0,2009.0,11876,0.8308352828025818,2403.0,14.486093521118164,273.28253173828125,,,,,37.0,,153.0,2049.0,49.91175842285156,,,,,,,,,3483.174,763.894,2191901.0
52788,2001,0,0,1,0,0,9606.0,2037.0,11643,0.825045108795166,2403.0,14.486093521118164,273.28253173828125,,,,,38.0,,155.0,2263.0,51.56947708129883,,,,,,,,,3289.339,845.8290000000002,3884140.0
52788,2002,0,0,1,0,0,9366.0,2063.0,11429,0.8194942474365234,2403.0,14.486093521118164,273.28253173828125,,,,,38.0,,157.0,2438.0,46.67367935180664,,,,,,,,,5412.527,1647.242,4841914.0
52788,2003,0,0,1,0,0,9142.0,2090.0,11232,0.8139244914054871,2403.0,14.486093521118164,273.28253173828125,,,,,7.0,,146.0,2308.0,49.25599670410156,,,,,,,,,5293.877,2072.741,5349430.0
52788,2004,0,0,1,0,0,8938.0,2115.0,11053,0.8086492419242859,2403.0,14.486093521118164,273.28253173828125,,,,,37.0,,180.0,2289.0,49.29994583129883,,,,,,,,,6295.565,2250.847,5358874.0
52788,2005,0,0,1,0,0,8751.0,2141.0,10892,0.8034337162971497,2403.0,14.486093521118164,273.28253173828125,54.378703790800486,72.58019,16.18047,33.02217,39.0,,178.0,2262.0,50.03127670288086,25.77,84.69217970049917,97.65625,81.18393234672304,,26.996672212978368,,,5438.914,1985.593,4934335.0
52788,2006,0,0,1,0,0,8578.0,2168.0,10746,0.7982504963874817,2403.0,14.486093521118164,273.28253173828125,,,,,39.0,,161.0,2301.0,49.9697380065918,25.6,,,,,,,,5787.141535,1901.928535,5111067.0
52788,2007,0,0,1,0,0,8426.0,2194.0,10620,0.7934086918830872,2403.0,14.486093521118164,273.28253173828125,,,,,,39.0,137.0,2233.0,50.19724655151367,25.43,,,,,,,,4675.597,1087.69,3768744.0
52788,2008,0,0,1,0,0,8285.0,2217.0,10502,0.7888973355293274,2403.0,14.486093521118164,273.28253173828125,,,,,38.0,46.0,146.0,2421.0,48.6206169128418,25.26,12.69,100.0,0.0,11.79,11.75,,,5765.842000000001,1365.728,4530104.0
52788,2009,0,0,1,0,0,8134.0,2239.0,10373,0.7841511368751526,2403.0,14.486093521118164,273.28253173828125,,,,,38.0,47.0,136.0,2207.0,49.576942443847656,25.09,13.05,97.37,0.0,11.54,11.5,,,6179.213000000001,1524.2540000000001,5987626.0
52788,2010,0,0,1,0,0,7992.0,2259.0,10251,0.7796312570571899,2403.0,14.486093521118164,273.28253173828125,,,,,39.0,48.0,127.0,2196.0,48.29230880737305,24.92,12.83,93.81,0.0,11.24,11.2,,,6111.977999999999,1500.81,6660656.0
52788,2011,0,0,1,0,0,7854.0,2276.0,10130,0.775320827960968,2403.0,14.486093521118164,273.28253173828125,,,,,39.0,48.0,124.0,2122.0,49.52710723876953,22.428,14.91,100.0,3.01,12.27,12.27,2412.0,,6246.971,1498.988,
52788,2012,0,0,1,0,0,7711.0,2292.0,10003,0.770868718624115,2403.0,14.486093521118164,273.28253173828125,,,,,39.0,37.0,123.0,1990.0,51.34408187866211,22.099788186733445,14.65,100.0,2.96,12.04,12.04,2592.0,,7898.704,1888.56,
52788,2013,0,0,1,0,0,7572.0,2306.0,9878,0.7665519118309021,2403.0,14.486093521118164,273.28253173828125,,,,,37.0,63.0,121.0,1923.0,48.35279083251953,21.199755307170008,14.63,99.86,2.96,12.03,12.03,2586.0,,14083.787000000002,1974.6380000000001,
52788,2014,0,0,1,0,0,7440.0,2318.0,9758,0.7624513506889343,2403.0,14.486093521118164,273.28253173828125,,,,,37.0,31.0,118.0,1976.0,48.36147689819336,20.898988953433943,13.8,100.0,0.0,13.8,13.8,2869.0,,14902.111,2439.553,
52788,2015,0,0,1,0,0,7301.0,2328.0,9629,0.7582303285598755,2403.0,14.486093521118164,273.28253173828125,,,,,37.0,30.0,121.0,1406.0,50.015235900878906,19.54800194,15.53,100.0,2.61,13.26,13.26,2936.0,,13346.5439453125,2116.51611328125,
52788,2016,0,0,1,0,0,7169.0,2337.0,9506,0.7541552782058716,2403.0,14.486093521118164,273.28253173828125,,,,,38.0,32.0,108.0,1365.0,48.87224197387695,,15.11,100.0,2.54,12.9,12.9,,,11033.298,2418.279,
52788,2017,0,0,1,0,0,7040.0,2343.0,9383,0.7502930760383606,2403.0,14.486093521118164,273.28253173828125,,,,,38.0,33.0,109.0,1317.0,50.803260803222656,,,,,,,,,14077.34878540039,3925.352783203125,
52788,2018,0,0,1,0,0,10744.0,2763.0,13507,0.7954394221305847,2403.0,14.486093521118164,273.28253173828125,21.450004839802535,46.0,8.0,14.7,38.0,30.0,113.0,1285.0,49.056114196777344,,,,,,,,,15731.074099000001,3406.897469,
52788,2019,0,0,1,0,0,10639.0,2758.0,13397,0.7941330075263977,2403.0,14.486093521118164,,,,,,38.0,29.0,110.0,1233.0,48.11621856689453,,,,,,,,,16434.886404,3425.2111990000003,
52788,2020,0,0,1,0,0,10567.0,2754.0,13321,0.793258786201477,2403.0,14.486093521118164,,,,,,38.0,30.0,114.0,1228.0,48.94547653198242,,,,,,,,,35364.161416,4266.951601000001,
52788,2021,0,0,1,0,0,10566.0,2752.0,13318,0.7933623790740967,2403.0,14.486093521118164,,,,,,37.0,30.0,111.0,1232.0,50.280635833740234,,,,,,,,,18819.203798000002,4950.444313,
52788,2022,0,0,1,0,0,10570.0,2763.0,13333,0.7927697896957397,2403.0,14.486093521118164,,,,,,36.0,26.0,107.0,1121.0,49.698699951171875,,,,,,,,,20260.83454,4881.62436,
52788,2023,0,0,1,0,0,10574.0,2774.0,13348,0.7921786308288574,2403.0,14.486093521118164,,,,,,,,,,,,,,,,,,,24958.556934,6139.096233,
54172,1993,1,0,0,0,0,6210.0,7681.0,13891,0.4470520615577698,1230.0,58.308231353759766,58.308231353759766,31.557308197021484,,,,,,,,,,,,,,,,,519.9600219726562,519.9600219726562,
54172,1994,1,0,0,0,0,6199.0,7874.0,14073,0.44048887491226196,1230.0,58.308231353759766,58.308231353759766,,,,,,,,,,,,,,,,,,650.280029296875,650.280029296875,
54172,1995,1,0,0,0,0,6146.0,8061.0,14207,0.432603657245636,1230.0,58.308231353759766,58.308231353759766,,,,,,,,,,,,,,,,,,1164.760009765625,1053.0699462890625,
54172,1996,1,0,0,0,0,6052.0,8202.0,14254,0.4245825707912445,1230.0,58.308231353759766,58.308231353759766,,,,,30.0,,214.0,3326.0,,,,,,,,,,1343.6800537109375,444.94000244140625,
54172,1997,1,0,0,0,0,5939.0,8342.0,14281,0.41586723923683167,1230.0,58.308231353759766,58.308231353759766,,,,,31.0,,202.0,3534.0,,,,,,,,,,1416.72998046875,542.0599975585938,
54172,1998,1,0,0,0,0,5816.0,8487.0,14303,0.40662798285484314,1230.0,58.308231353759766,58.308231353759766,,,,,31.0,,202.0,3569.0,,,,,,,,,,1887.5,699.7100219726562,
54172,1999,1,0,0,0,0,5693.0,8636.0,14329,0.3973061740398407,1230.0,58.308231353759766,58.308231353759766,,,,,32.0,,207.0,3421.0,,,,,,,,,,1700.5,590.8499755859375,
54172,2000,1,0,0,0,0,5579.0,8794.0,14373,0.3881583511829376,1230.0,58.308231353759766,58.308231353759766,,,,,32.0,,194.0,3532.0,52.655128479003906,,,,,,,,,2163.081,580.902,1488267.0
54172,2001,1,0,0,0,0,5477.0,8948.0,14425,0.3796880543231964,1230.0,58.308231353759766,58.308231353759766,,,,,32.0,,180.0,3229.0,51.282569885253906,,,,,,,,,1746.723,587.544,1534347.0
54172,2002,1,0,0,0,0,5385.0,9101.0,14486,0.3717382252216339,1230.0,58.308231353759766,58.308231353759766,,,,,31.0,,185.0,3409.0,52.02326202392578,,,,,,,,,4113.451,746.702,3834739.0
54172,2003,1,0,0,0,0,5309.0,9254.0,14563,0.3645540177822113,1230.0,58.308231353759766,58.308231353759766,,,,,28.0,,148.0,2444.0,51.506919860839844,,,,,,,,,2338.133,576.169,1944921.0
54172,2004,1,0,0,0,0,5254.0,9406.0,14660,0.3583901822566986,1230.0,58.308231353759766,58.308231353759766,,,,,31.0,,146.0,3030.0,50.735076904296875,,,,,,,,,3804.155,898.669,3206313.0
54172,2005,1,0,0,0,0,5227.0,9557.0,14784,0.35355791449546814,1230.0,58.308231353759766,58.308231353759766,22.92011024121702,61.269870000000004,24.61343,11.70432,31.0,51.0,136.0,2852.0,52.7630729675293,13.56,77.0851124395104,98.08861859252823,37.15937241948802,,64.61713635069741,,,3732.002,1054.871,3880773.0
54172,2006,1,0,0,0,0,5226.0,9704.0,14930,0.3500334918498993,1230.0,58.308231353759766,58.308231353759766,,,,,32.0,53.0,164.0,3260.0,52.03591537475586,13.41,,,,,,,,3442.432126,1259.595126,3163910.0
54172,2007,1,0,0,0,0,5225.0,9848.0,15073,0.3466463088989258,1230.0,58.308231353759766,58.308231353759766,,,,,31.0,47.0,159.0,3230.0,52.92452621459961,13.26,,,,,,,,5386.766,1238.178,5551495.0
54172,2008,1,0,0,0,0,5226.0,9991.0,15217,0.343431681394577,1230.0,58.308231353759766,58.308231353759766,,,,,32.0,49.0,169.0,3318.0,51.776275634765625,13.11,49.28,74.39,2.03,50.18,47.54,,,5355.81293,1319.66175,5494430.0
54172,2009,1,0,0,0,0,5228.0,10150.0,15378,0.33996617794036865,1230.0,58.308231353759766,58.308231353759766,,,,,32.0,48.0,167.0,3312.0,53.38066482543945,12.95,41.05,66.02,2.04,42.04,39.24,,,5666.039129999999,1511.37768,6030571.5
54172,2010,1,0,0,0,0,5231.0,10308.0,15539,0.33663684129714966,1230.0,58.308231353759766,58.308231353759766,,,,,33.0,56.0,166.0,3300.0,52.13337707519531,12.8,39.24,63.15,1.84,39.32,37.65,,,5640.282,1622.9650000000001,6539989.0
54172,2011,1,0,0,0,0,5235.0,10462.0,15697,0.33350321650505066,1230.0,58.308231353759766,58.308231353759766,,,,,33.0,49.0,156.0,3207.0,52.12400817871094,12.8,38.01,61.01,1.64,38.06,36.5,4747.0,,6294.871,1549.148,
54172,2012,1,0,0,0,0,5240.0,10618.0,15858,0.33043259382247925,1230.0,58.308231353759766,58.308231353759766,,,,,33.0,48.0,163.0,3415.0,51.06061553955078,12.8,39.27,63.15,3.26,39.27,37.6,5160.0,,7802.437,1924.394,
54172,2013,1,0,0,0,0,5247.0,10773.0,16020,0.32752808928489685,1230.0,58.308231353759766,58.308231353759766,,,,,32.0,48.0,150.0,3001.0,51.802677154541016,11.52,40.97,65.49,2.77,40.83,38.93,5415.0,,11173.224,2238.083,
54172,2014,1,0,0,0,0,5254.0,10926.0,16180,0.3247218728065491,1230.0,58.308231353759766,58.308231353759766,,,,,33.0,49.0,157.0,2842.0,52.44759750366211,12.33939759901262,39.57,64.05,4.24,39.49,37.68,5558.0,,10383.576000000001,2561.5379999999996,
54172,2015,1,0,0,0,0,5262.0,11086.0,16348,0.3218742311000824,1230.0,58.308231353759766,58.308231353759766,,,,,32.0,42.0,165.0,2781.0,51.53028869628906,12.33939759901262,39.96,64.18,4.94,39.89,38.01,5683.0,,11585.2939453125,2633.20092773437,
54172,2016,1,0,0,0,0,5272.0,11241.0,16513,0.31926360726356506,1230.0,58.308231353759766,58.308231353759766,,,,,32.0,42.0,182.0,2917.0,51.651214599609375,,41.84,66.49,5.6,41.75,39.48,,,12986.75,3445.838,
54172,2017,1,0,0,0,0,5283.0,11403.0,16686,0.31661272048950195,1230.0,58.308231353759766,58.308231353759766,,,,,32.0,40.0,171.0,2933.0,51.13957595825195,,,,,,,,,16713.461814305298,4220.023370742798,
54172,2018,1,0,0,0,0,6180.0,11083.0,17263,0.3579910695552826,1230.0,58.308231353759766,58.308231353759766,14.715467535723239,30.3,18.4,7.7,32.0,34.0,169.0,2860.0,53.02494812011719,,,,,,,,,16464.783555,4446.3491429999995,
54172,2019,1,0,0,0,0,6497.0,11679.0,18176,0.35744938254356384,1230.0,58.308231353759766,,,,,,32.0,42.0,160.0,2997.0,51.02863693237305,,,,,,,,,21050.97824585,4983.354738370001,
54172,2020,1,0,0,0,0,6725.0,12133.0,18858,0.35661259293556213,1230.0,58.308231353759766,,,,,,32.0,43.0,152.0,2906.0,52.10057067871094,,,,,,,,,18947.235277760003,5645.100561610001,
54172,2021,1,0,0,0,0,6752.0,12368.0,19120,0.3531380891799927,1230.0,58.308231353759766,,,,,,32.0,44.0,160.0,3168.0,50.99567794799805,,,,,,,,,23914.956328,6371.395693750001,
54172,2022,1,0,0,0,0,6758.0,12461.0,19219,0.35163119435310364,1230.0,58.308231353759766,,,,,,32.0,47.0,170.0,3142.0,52.450740814208984,,,,,,,,,29683.801413,10434.211134,
54172,2023,1,0,0,0,0,6771.0,12536.0,19307,0.35070180892944336,1230.0,58.308231353759766,,,,,,,,,,,,,,,,,,,34984.296978,12623.578699,
54405,1993,1,0,0,0,0,3207.0,46127.0,49334,0.06500587612390518,403.0,46.98020935058594,46.98020935058594,27.526416778564453,,,,,,,,,,,,,,,,,1988.1300048828125,1986.1600341796875,
54405,1994,1,0,0,0,0,3102.0,48323.0,51425,0.06032085418701172,403.0,46.98020935058594,46.98020935058594,,,,,,,,,,,,,,,,,,2095.409912109375,2094.429931640625,
54405,1995,1,0,0,0,0,2934.0,50478.0,53412,0.05493147671222687,403.0,46.98020935058594,46.98020935058594,,,,,,,,,,,,,,,,,,3393.010009765625,3194.639892578125,
54405,1996,1,0,0,0,0,2745.0,52576.0,55321,0.04961949214339256,403.0,46.98020935058594,46.98020935058594,,,,,39.0,,262.0,6187.0,,,,,,,,,,5452.5498046875,1496.52001953125,
54405,1997,1,0,0,0,0,2548.0,54560.0,57108,0.044617217034101486,403.0,46.98020935058594,46.98020935058594,,,,,56.0,,500.0,12089.0,,,,,,,,,,5441.72998046875,1520.8699951171875,
54405,1998,1,0,0,0,0,2380.0,56403.0,58783,0.04048789665102959,403.0,46.98020935058594,46.98020935058594,,,,,45.0,,275.0,6034.0,,,,,,,,,,5005.64013671875,1648.4200439453125,
54405,1999,1,0,0,0,0,2249.0,58058.0,60307,0.03729252144694328,403.0,46.98020935058594,46.98020935058594,,,,,48.0,,367.0,7977.0,,,,,,,,,,5643.0498046875,1737.9200439453125,
54405,2000,1,0,0,0,0,2172.0,59528.0,61700,0.035202592611312866,403.0,46.98020935058594,46.98020935058594,,,,,52.0,,507.0,12283.0,48.91242980957031,,,,,,,,,6281.798999999999,1619.708,4993395.0
54405,2001,1,0,0,0,0,2151.0,60825.0,62976,0.034155867993831635,403.0,46.98020935058594,46.98020935058594,,,,,42.0,,398.0,8420.0,48.3802604675293,,,,,,,,,7793.695,2277.239,6327797.0
54405,2002,1,0,0,0,0,2142.0,62008.0,64150,0.03339049220085144,403.0,46.98020935058594,46.98020935058594,,,,,50.0,,570.0,13813.0,48.455753326416016,,,,,,,,,13208.112,2953.648,10270438.0
54405,2003,1,0,0,0,0,2152.0,63100.0,65252,0.03297983109951019,403.0,46.98020935058594,46.98020935058594,,,,,39.0,,534.0,12212.0,48.954925537109375,,,,,,,,,9165.255000000001,3265.374,10361352.0
54405,2004,1,0,0,0,0,2155.0,64117.0,66272,0.03251750394701958,403.0,46.98020935058594,46.98020935058594,,,,,53.0,,591.0,13142.0,48.58307647705078,,,,,,,,,10916.527,3563.67,9393418.0
54405,2005,1,0,0,0,0,2162.0,65077.0,67239,0.03215395659208298,403.0,46.98020935058594,46.98020935058594,18.7347186957294,47.28505,3.95027,8.51152,45.0,114.0,539.0,13149.0,48.26032257080078,11.31,96.44760213143873,96.66757344940152,89.93963782696177,,89.99407933688573,,,12133.167,4177.275000000001,13291498.0
54405,2006,1,0,0,0,0,2165.0,65986.0,68151,0.03176769241690636,403.0,46.98020935058594,46.98020935058594,,,,,48.0,117.0,589.0,13073.0,49.370994567871094,11.26,,,,,,,5302.0,13497.302298,4342.789298,10711058.0
54405,2007,1,0,0,0,0,2171.0,66889.0,69060,0.031436432152986526,403.0,46.98020935058594,46.98020935058594,,,,,42.0,113.0,596.0,14148.0,48.79515838623047,11.21,,,,,,,5302.0,16498.027,5867.771000000001,17672772.0
54405,2008,1,0,0,0,0,2180.0,67796.0,69976,0.031153539195656776,403.0,46.98020935058594,46.98020935058594,,,,,45.0,78.0,605.0,14448.0,49.3687858581543,11.16,67.77,69.9,33.09,65.85,65.85,,46682.0,14753.529,5917.529000000001,14466648.0
54405,2009,1,0,0,0,0,2186.0,68710.0,70896,0.03083389811217785,403.0,46.98020935058594,46.98020935058594,,,,,46.0,151.0,630.0,13420.0,49.667972564697266,11.11,62.29,64.56,31.15,60.19,60.19,,5458.0,19523.48,5742.197,23349464.0
54405,2010,1,0,0,0,0,2191.0,69626.0,71817,0.030508097261190414,403.0,46.98020935058594,46.98020935058594,,,,,47.0,148.0,593.0,13841.0,50.15359115600586,11.06,57.08,60.2,23.05,55.15,55.15,,5860.0,19178.016000000003,6894.576000000001,19556246.0
54405,2011,1,0,0,0,0,2203.0,70553.0,72756,0.030279289931058884,403.0,46.98020935058594,46.98020935058594,,,,,46.0,138.0,595.0,13746.0,50.36001205444336,11.06,67.78,70.24,31.71,65.31,65.89,19097.0,6612.0,24376.604597,9195.162391,
54405,2012,1,0,0,0,0,2218.0,71483.0,73701,0.03009457141160965,403.0,46.98020935058594,46.98020935058594,,,,,48.0,115.0,609.0,14172.0,49.86914825439453,10.115120221330688,79.21,83.4,28.01,79.34,77.26,19976.0,7262.0,32342.073000000004,12118.412,
54405,2013,1,0,0,0,0,2225.0,72415.0,74640,0.029809754341840744,403.0,46.98020935058594,46.98020935058594,,,,,47.0,100.0,577.0,13974.0,49.576229095458984,10.115120221330688,79.22,82.54,27.33,76.65,77.6,20912.0,7686.0,44904.69371400001,17638.015800000005,
54405,2014,1,0,0,0,0,2237.0,73342.0,75579,0.029598169028759003,403.0,46.98020935058594,46.98020935058594,,,,,48.0,102.0,544.0,12770.0,50.308292388916016,9.10360819919763,78.29,81.47,27.42,75.21,76.68,21784.0,8521.0,43039.315260999996,16813.777035,
54405,2015,1,0,0,0,0,2252.0,74279.0,76531,0.029425984248518944,403.0,46.98020935058594,46.98020935058594,,,,,48.0,125.0,635.0,14401.0,50.61128234863281,8.993745419,78.3,81.46,27.42,74.68,76.72,22905.0,11407.0,53765.1015625,21583.984375,
54405,2016,1,0,0,0,0,2268.0,75206.0,77474,0.029274336993694305,403.0,46.98020935058594,46.98020935058594,,,,,48.0,116.0,641.0,14204.0,51.126094818115234,,88.75,94.95,1.41,94.88,88.93,,12504.0,65954.31692200001,25626.484826000004,
54405,2017,1,0,0,0,0,2281.0,76128.0,78409,0.02909104898571968,403.0,46.98020935058594,46.98020935058594,,,,,47.0,135.0,629.0,14339.0,50.3267936706543,,,,,,,,,56155.777400030274,24497.26853942871,
54405,2018,1,0,0,0,0,2825.0,86266.0,89091,0.03170914947986603,403.0,46.98020935058594,46.98020935058594,9.775372324686852,21.4,3.6,4.6,47.0,114.0,621.0,14562.0,51.53407287597656,,,,,,,,,66744.96482659,26668.39659655,
54405,2019,1,0,0,0,0,2617.0,91137.0,93754,0.027913475409150124,403.0,46.98020935058594,,,,,,47.0,133.0,653.0,14882.0,50.89786148071289,,,,,,,,,76647.06474817,31576.811188419997,
54405,2020,1,0,0,0,0,2373.0,94847.0,97220,0.024408558383584023,403.0,46.98020935058594,,,,,,47.0,132.0,615.0,15123.0,51.34052658081055,,,,,,,,,83331.65848896,32903.49969673,
54405,2021,1,0,0,0,0,2382.0,96187.0,98569,0.024165812879800797,403.0,46.98020935058594,,,,,,44.0,143.0,602.0,15078.0,50.922149658203125,,,,,,,,,95814.525916,40987.88503,
54405,2022,1,0,0,0,0,2384.0,96697.0,99081,0.02406112104654312,403.0,46.98020935058594,,,,,,46.0,163.0,640.0,15238.0,52.043975830078125,,,,,,,,,110611.32372599999,46040.897748999996,
54405,2023,1,0,0,0,0,2389.0,97146.0,99535,0.024001607671380043,403.0,46.98020935058594,,,,,,,,,,,,,,,,,,,136803.972952,53860.982794,
54518,1993,1,0,0,0,0,8432.0,38928.0,47360,0.1780405342578888,2288.0,89.84842681884766,52.1238899230957,30.706884384155273,,,,,,,,,,,,,,,,,1680.02001953125,1680.02001953125,
54518,1994,1,0,0,0,0,8418.0,39920.0,48338,0.17414870858192444,2288.0,89.84842681884766,52.1238899230957,,,,,,,,,,,,,,,,,,1957.760009765625,1957.760009765625,
54518,1995,1,0,0,0,0,8256.0,40896.0,49152,0.16796875,2288.0,89.84842681884766,52.1238899230957,,,,,,,,,,,,,,,,,,2704.860107421875,2704.06005859375,
54518,1996,1,0,0,0,0,7950.0,41623.0,49573,0.16036956012248993,2288.0,89.84842681884766,52.1238899230957,,,,,72.0,,837.0,11557.0,,,,,,,,,,4032.2900390625,1254.3199462890625,
54518,1997,1,0,0,0,0,7570.0,42360.0,49930,0.15161225199699402,2288.0,89.84842681884766,52.1238899230957,,,,,78.0,,807.0,11895.0,,,,,,,,,,3581.389892578125,1384.1099853515625,
54518,1998,1,0,0,0,0,7147.0,43122.0,50269,0.14217509329319,2288.0,89.84842681884766,52.1238899230957,,,,,78.0,,788.0,11363.0,,,,,,,,,,4500.47021484375,1605.3499755859375,
54518,1999,1,0,0,0,0,6712.0,43922.0,50634,0.1325591504573822,2288.0,89.84842681884766,52.1238899230957,,,,,78.0,,817.0,11679.0,,,,,,,,,,4942.81982421875,1474.3399658203125,
54518,2000,1,0,0,0,0,6290.0,44766.0,51056,0.12319805473089218,2288.0,89.84842681884766,52.1238899230957,,,,,80.0,,772.0,11832.0,52.29365921020508,,,,,,,,,6208.904000000001,1576.938,4749566.0
54518,2001,1,0,0,0,0,5887.0,45582.0,51469,0.11437953263521194,2288.0,89.84842681884766,52.1238899230957,,,,,74.0,,768.0,11829.0,50.856163024902344,,,,,,,,,5344.608,1867.811,3698868.0
54518,2002,1,0,0,0,0,5491.0,46380.0,51871,0.10585876554250717,2288.0,89.84842681884766,52.1238899230957,,,,,73.0,,729.0,12267.0,51.154903411865234,,,,,,,,,7656.454,2406.226,7040183.0
54518,2003,1,0,0,0,0,5117.0,47157.0,52274,0.0978880524635315,2288.0,89.84842681884766,52.1238899230957,,,,,52.0,,640.0,8819.0,50.57861328125,,,,,,,,,9089.126,2301.993,5179883.0
54518,2004,1,0,0,0,0,4785.0,47913.0,52698,0.09080041199922562,2288.0,89.84842681884766,52.1238899230957,,,,,69.0,,759.0,12125.0,51.638916015625,,,,,,,,,8251.864,2924.457,5646682.0
54518,2005,1,0,0,0,0,4508.0,48650.0,53158,0.08480378985404968,2288.0,89.84842681884766,52.1238899230957,15.04693966921416,37.76115,8.77559,4.02692,70.0,170.0,634.0,12092.0,51.588844299316406,11.86,90.9604057591623,98.36065573770492,7.9,,90.69044502617801,,,10116.917,3404.192,7804283.0
54518,2006,1,0,0,0,0,4289.0,49315.0,53604,0.08001268655061722,2288.0,89.84842681884766,52.1238899230957,,,,,71.0,170.0,777.0,12145.0,51.99843978881836,11.72,,,,,,,,11475.327013,3835.135013,7678543.0
54518,2007,1,0,0,0,0,4086.0,49945.0,54031,0.07562325149774551,2288.0,89.84842681884766,52.1238899230957,,,,,70.0,151.0,678.0,11740.0,51.68117141723633,11.59,,,,,,,,14987.521,4139.606,8152069.0
54518,2008,1,0,0,0,0,3899.0,50554.0,54453,0.07160303741693497,2288.0,89.84842681884766,52.1238899230957,,,,,69.0,139.0,669.0,11328.0,51.51215362548828,11.46,87.18,100.0,0.09,85.65,85.67,,5252.0,15588.105,4146.699000000001,6984306.0
54518,2009,1,0,0,0,0,3729.0,51153.0,54882,0.06794577091932297,2288.0,89.84842681884766,52.1238899230957,,,,,68.0,182.0,666.0,10627.0,52.279048919677734,11.33,54.71,62.83,0.21,54.49,54.53,,1207.0,20157.077999999998,5982.353999999999,13903960.0
54518,2010,1,0,0,0,0,3573.0,51727.0,55300,0.06461121141910553,2288.0,89.84842681884766,52.1238899230957,,,,,71.0,420.0,618.0,10244.0,53.401710510253906,11.2,28.74,34.25,0.0,28.76,28.75,,1230.0,13783.118999999999,6165.744999999999,16442141.0
54518,2011,1,0,0,0,0,3432.0,52295.0,55727,0.06158594414591789,2288.0,89.84842681884766,52.1238899230957,,,,,71.0,184.0,648.0,9950.0,52.829166412353516,11.2,27.57,32.74,0.0,27.59,27.57,12367.0,1275.0,15784.542,5761.293,
54518,2012,1,0,0,0,0,3305.0,52848.0,56153,0.05885704979300499,2288.0,89.84842681884766,52.1238899230957,,,,,71.0,173.0,577.0,9450.0,53.23286437988281,10.342341360744694,27.14,32.19,0.0,27.16,27.15,13418.0,1313.0,19540.296,5488.835999999999,
54518,2013,1,0,0,0,0,3189.0,53380.0,56569,0.056373633444309235,2288.0,89.84842681884766,52.1238899230957,,,,,71.0,193.0,575.0,10215.0,52.408775329589844,10.33814082104672,56.83,64.14,0.0,56.24,56.28,26229.0,1333.0,25371.769814000003,5925.497,
54518,2014,1,0,0,0,0,3086.0,53897.0,56983,0.054156504571437836,2288.0,89.84842681884766,52.1238899230957,,,,,71.0,126.0,453.0,8645.0,54.064178466796875,9.347525904630707,56.83,64.14,0.0,56.24,56.28,13927.0,5035.0,29092.686999999998,7427.782999999999,
54518,2015,1,0,0,0,0,2992.0,54401.0,57393,0.05213179439306259,2288.0,89.84842681884766,52.1238899230957,,,,,63.0,168.0,523.0,8483.0,53.13965606689453,9.169456154,100.0,100.0,100.0,98.83,98.83,14221.0,6489.0,30429.30859375,7279.6162109375,
54518,2016,1,0,0,0,0,2909.0,54894.0,57803,0.05032610893249512,2288.0,89.84842681884766,52.1238899230957,,,,,73.0,162.0,567.0,8552.0,54.25966262817383,,100.0,100.0,100.0,98.83,98.83,,7099.0,33874.8761,8780.649506,
54518,2017,1,0,0,0,0,2834.0,55366.0,58200,0.04869415983557701,2288.0,89.84842681884766,52.1238899230957,,,,,73.0,133.0,536.0,8603.0,56.061641693115234,,,,,,,,,32716.26854164453,8866.84555053711,
54518,2018,1,0,0,0,0,4012.0,46013.0,50025,0.08019989728927612,2288.0,89.84842681884766,52.1238899230957,8.568240151768777,20.5,7.0,2.9,73.0,149.0,538.0,8723.0,56.042274475097656,,,,,,,,,36099.38130832,8877.11087053,
54518,2019,1,0,0,0,0,3931.0,48309.0,52240,0.0752488523721695,2288.0,89.84842681884766,,,,,,72.0,161.0,561.0,8731.0,55.82310104370117,,,,,,,,,42013.79286862,11040.230859430001,
54518,2020,1,0,0,0,0,3864.0,50045.0,53909,0.0716763436794281,2288.0,89.84842681884766,,,,,,70.0,162.0,501.0,8641.0,55.726348876953125,,,,,,,,,42796.49628357,10657.15248977,
54518,2021,1,0,0,0,0,3879.0,50768.0,54647,0.07098285108804703,2288.0,89.84842681884766,,,,,,59.0,150.0,481.0,8384.0,55.13104248046875,,,,,,,,,47111.013375999995,12303.112656,
54518,2022,1,0,0,0,0,3882.0,51048.0,54930,0.07067176699638367,2288.0,89.84842681884766,,,,,,57.0,164.0,479.0,8410.0,56.792625427246094,,,,,,,,,53678.657023,12668.070952000002,
54518,2023,1,0,0,0,0,3890.0,51292.0,55182,0.07049400359392166,2288.0,89.84842681884766,,,,,,,,,,,,,,,,,,,61467.175005,14558.330796,
54520,1993,1,0,0,0,0,4271.0,721.0,4992,0.8555688858032227,1700.0,76.82720947265625,64.32184600830078,47.3746452331543,,,,,,,,,,,,,,,,,259.05999755859375,259.05999755859375,
54520,1994,1,0,0,0,0,4217.0,737.0,4954,0.8512313365936279,1700.0,76.82720947265625,64.32184600830078,,,,,,,,,,,,,,,,,,258.489990234375,258.489990234375,
54520,1995,1,0,0,0,0,4165.0,751.0,4916,0.8472335338592529,1700.0,76.82720947265625,64.32184600830078,,,,,,,,,,,,,,,,,,338.05999755859375,335.45001220703125,
54520,1996,1,0,0,0,0,4110.0,759.0,4869,0.8441158533096313,1700.0,76.82720947265625,64.32184600830078,,,,,24.0,,76.0,950.0,,,,,,,,,,579.0499877929688,147.9199981689453,
54520,1997,1,0,0,0,0,4060.0,766.0,4826,0.8412764072418213,1700.0,76.82720947265625,64.32184600830078,,,,,24.0,,78.0,1003.0,,,,,,,,,,1025.300048828125,193.41000366210938,
54520,1998,1,0,0,0,0,4019.0,771.0,4790,0.83903968334198,1700.0,76.82720947265625,64.32184600830078,,,,,25.0,,77.0,1019.0,,,,,,,,,,863.7899780273438,206.5800018310547,
54520,1999,1,0,0,0,0,3990.0,777.0,4767,0.8370044231414795,1700.0,76.82720947265625,64.32184600830078,,,,,25.0,,78.0,1049.0,,,,,,,,,,1373.22998046875,277.3599853515625,
54520,2000,1,0,0,0,0,3972.0,784.0,4756,0.8351556062698364,1700.0,76.82720947265625,64.32184600830078,,,,,24.0,,73.0,1112.0,51.0678596496582,,,,,,,,,1048.925,171.639,1046836.0
54520,2001,1,0,0,0,0,3965.0,791.0,4756,0.8336837887763977,1700.0,76.82720947265625,64.32184600830078,,,,,25.0,,73.0,1113.0,51.965641021728516,,,,,,,,,1189.058,202.019,1008293.0
54520,2002,1,0,0,0,0,3963.0,797.0,4760,0.832563042640686,1700.0,76.82720947265625,64.32184600830078,,,,,24.0,,73.0,1099.0,48.86771011352539,,,,,,,,,1683.857,310.512,1409873.0
54520,2003,1,0,0,0,0,3963.0,805.0,4768,0.8311660885810852,1700.0,76.82720947265625,64.32184600830078,,,,,24.0,,65.0,749.0,49.2203254699707,,,,,,,,,2129.424,487.104,2134721.0
54520,2004,1,0,0,0,0,3965.0,813.0,4778,0.829845130443573,1700.0,76.82720947265625,64.32184600830078,,,,,23.0,,64.0,1102.0,50.48379898071289,,,,,,,,,2142.584,508.915,1832721.0
54520,2005,1,0,0,0,0,3970.0,822.0,4792,0.8284640908241272,1700.0,76.82720947265625,64.32184600830078,44.80174392759416,68.61876,56.62305,28.53767,22.0,,58.0,1049.0,56.377262115478516,12.38,50.04549590536852,97.11538461538461,39.05723905723906,,27.115559599636036,,,2506.529,585.583,2272089.0
54520,2006,1,0,0,0,0,3975.0,832.0,4807,0.8269190788269043,1700.0,76.82720947265625,64.32184600830078,,,,,22.0,,59.0,1053.0,50.99602508544922,12.11,,,,,,,,2913.716097,652.1650970000001,1965464.0
54520,2007,1,0,0,0,0,3980.0,841.0,4821,0.8255548477172852,1700.0,76.82720947265625,64.32184600830078,,,,,,2.0,35.0,539.0,52.34465408325195,11.83,,,,,,,,2803.677,657.782,2685008.0
54520,2008,1,0,0,0,0,3986.0,850.0,4836,0.8242349028587341,1700.0,76.82720947265625,64.32184600830078,,,,,21.0,11.0,58.0,1050.0,51.05403518676758,11.56,19.39,100.0,0.0,19.39,19.39,,,3028.15,738.983,2809384.0
54520,2009,1,0,0,0,0,3991.0,859.0,4850,0.82288658618927,1700.0,76.82720947265625,64.32184600830078,,,,,21.0,9.0,59.0,1014.0,51.25285339355469,11.28,11.73,100.0,0.0,11.73,11.73,,,3531.019,907.6909999999999,3691823.0
54520,2010,1,0,0,0,0,3997.0,867.0,4864,0.8217516541481018,1700.0,76.82720947265625,64.32184600830078,,,,,22.0,11.0,57.0,1038.0,52.3372802734375,11.01,13.8,100.0,0.0,13.8,13.8,,,4057.3050000000003,1056.069,4503098.0
54520,2011,1,0,0,0,0,4004.0,874.0,4878,0.8208281993865967,1700.0,76.82720947265625,64.32184600830078,,,,,22.0,10.0,58.0,983.0,50.95421600341797,11.01,,,,,,1379.0,,4157.307,1188.404,
54520,2012,1,0,0,0,0,4010.0,882.0,4892,0.8197056651115417,1700.0,76.82720947265625,64.32184600830078,,,,,22.0,9.0,57.0,1037.0,50.275089263916016,11.01,13.63,100.0,0.0,13.63,13.63,1505.0,,4591.664,1255.157,
54520,2013,1,0,0,0,0,4018.0,887.0,4905,0.8191640973091125,1700.0,76.82720947265625,64.32184600830078,,,,,21.0,11.0,56.0,975.0,51.37800979614258,10.909000294516684,10.74,100.0,0.0,18.18,10.74,2028.0,,7095.387000000001,1464.2240000000002,
54520,2014,1,0,0,0,0,4024.0,895.0,4919,0.8180524706840515,1700.0,76.82720947265625,64.32184600830078,,,,,21.0,12.0,58.0,654.0,49.72284698486328,10.10844331973163,11.02,100.0,0.0,18.37,11.02,1546.0,,6900.869299,1711.552619,
54520,2015,1,0,0,0,0,4032.0,900.0,4932,0.8175182342529297,1700.0,76.82720947265625,64.32184600830078,,,,,22.0,12.0,61.0,659.0,50.5455207824707,9.563318853,10.4,76.53,0.0,17.48,10.4,1590.0,,11122.1796875,2361.28466796875,
54520,2016,1,0,0,0,0,4039.0,906.0,4945,0.8167846202850342,1700.0,76.82720947265625,64.32184600830078,,,,,23.0,11.0,65.0,680.0,51.361122131347656,,10.51,77.56,0.0,17.41,10.51,,,7246.727290000001,2054.320295,
54520,2017,1,0,0,0,0,4046.0,912.0,4958,0.8160548806190491,1700.0,76.82720947265625,64.32184600830078,,,,,23.0,11.0,64.0,734.0,51.778297424316406,,,,,,,,,9133.174340998701,2074.300776451826,
54520,2018,1,0,0,0,0,4311.0,1091.0,5402,0.7980377674102783,1700.0,76.82720947265625,64.32184600830078,15.905863258267397,41.7,50.9,13.4,23.0,10.0,63.0,732.0,50.761871337890625,,,,,,,,,8801.45229223,2129.84517083,
54520,2019,1,0,0,0,0,4478.0,1150.0,5628,0.7956645488739014,1700.0,76.82720947265625,,,,,,23.0,11.0,62.0,739.0,51.39688491821289,,,,,,,,,8778.51199586,2218.80178924,
54520,2020,1,0,0,0,0,4599.0,1194.0,5793,0.7938891649246216,1700.0,76.82720947265625,,,,,,23.0,11.0,57.0,774.0,48.83694839477539,,,,,,,,,9361.09444958,2230.9750933200003,
54520,2021,1,0,0,0,0,4617.0,1255.0,5872,0.7862738370895386,1700.0,76.82720947265625,,,,,,20.0,11.0,57.0,816.0,51.43251419067383,,,,,,,,,10996.558751,2745.880916,
54520,2022,1,0,0,0,0,4622.0,1281.0,5903,0.7829917073249817,1700.0,76.82720947265625,,,,,,20.0,11.0,60.0,770.0,49.5274658203125,,,,,,,,,12859.300365,3642.8501819999997,
54520,2023,1,0,0,0,0,4630.0,1300.0,5930,0.7807757258415222,1700.0,76.82720947265625,,,,,,,,,,,,,,,,,,,12971.95279,3922.484923,
54874,1993,1,0,0,0,0,2473.0,54044.0,56517,0.043756745755672455,435.0,43.836971282958984,43.836971282958984,39.06063461303711,,,,,,,,,,,,,,,,,874.5599975585938,871.0499877929688,
54874,1994,1,0,0,0,0,2514.0,54103.0,56617,0.044403623789548874,435.0,43.836971282958984,43.836971282958984,,,,,,,,,,,,,,,,,,1194.9200439453125,1191.530029296875,
54874,1995,1,0,0,0,0,2557.0,54388.0,56945,0.0449029766023159,435.0,43.836971282958984,43.836971282958984,,,,,,,,,,,,,,,,,,1788.469970703125,1734.280029296875,
54874,1996,1,0,0,0,0,2597.0,54910.0,57507,0.0451597198843956,435.0,43.836971282958984,43.836971282958984,,,,,59.0,,736.0,18721.0,,,,,,,,,,3611.860107421875,876.0399780273438,
54874,1997,1,0,0,0,0,2639.0,55645.0,58284,0.045278292149305344,435.0,43.836971282958984,43.836971282958984,,,,,53.0,,608.0,14912.0,,,,,,,,,,5519.68017578125,1279.0,
54874,1998,1,0,0,0,0,2685.0,56597.0,59282,0.04529199376702309,435.0,43.836971282958984,43.836971282958984,,,,,67.0,,809.0,20124.0,,,,,,,,,,5627.06005859375,1568.5899658203125,
54874,1999,1,0,0,0,0,2732.0,57760.0,60492,0.045162998139858246,435.0,43.836971282958984,43.836971282958984,,,,,66.0,,828.0,20694.0,,,,,,,,,,4928.27001953125,1738.3299560546875,
54874,2000,1,0,0,0,0,2784.0,59080.0,61864,0.04500193893909454,435.0,43.836971282958984,43.836971282958984,,,,,57.0,,628.0,16730.0,48.635528564453125,,,,,,,,,5566.863,1357.627,4366290.0
54874,2001,1,0,0,0,0,2840.0,60544.0,63384,0.044806260615587234,435.0,43.836971282958984,43.836971282958984,,,,,57.0,,771.0,20532.0,47.83937454223633,,,,,,,,,7143.183,2150.939,6340368.0
54874,2002,1,0,0,0,0,2898.0,62060.0,64958,0.044613443315029144,435.0,43.836971282958984,43.836971282958984,,,,,39.0,,529.0,14252.0,47.96189498901367,,,,,,,,,11493.858,2295.923,10161927.0
54874,2003,1,0,0,0,0,2961.0,63616.0,66577,0.04447481781244278,435.0,43.836971282958984,43.836971282958984,,,,,25.0,,630.0,13942.0,48.54972457885742,,,,,,,,,9881.666000000001,2858.674,8835657.0
54874,2004,1,0,0,0,0,3022.0,65178.0,68200,0.04431084915995598,435.0,43.836971282958984,43.836971282958984,,,,,39.0,,446.0,13376.0,48.49243927001953,,,,,,,,,10406.315,2946.012000000001,9505595.0
54874,2005,1,0,0,0,0,3080.0,66768.0,69848,0.04409575089812279,435.0,43.836971282958984,43.836971282958984,22.84954321183312,56.690529999999995,11.334959999999999,9.223099999999999,40.0,105.0,539.0,14998.0,48.535888671875,12.69,90.10542898691226,92.24874928756887,42.6367461430575,,86.98497333979641,,,13254.396,3389.10403,11406830.0
54874,2006,1,0,0,0,0,3147.0,68370.0,71517,0.044003523886203766,435.0,43.836971282958984,43.836971282958984,,,,,44.0,108.0,555.0,14538.0,48.96101760864258,12.55,,,,,,,1627.0,13333.178646,4179.603646,10817402.0
54874,2007,1,0,0,0,0,3215.0,70026.0,73241,0.043896179646253586,435.0,43.836971282958984,43.836971282958984,,,,,44.0,143.0,623.0,14378.0,48.37479782104492,12.4,,,,,,,1627.0,15097.901,4248.369000000001,15513593.0
54874,2008,1,0,0,0,0,3283.0,71719.0,75002,0.04377216473221779,435.0,43.836971282958984,43.836971282958984,,,,,45.0,75.0,717.0,16345.0,48.733978271484375,12.26,100.0,100.0,0.0,95.4,98.6,,5302.0,21097.428,4158.245,22234290.0
54874,2009,1,0,0,0,0,3357.0,73439.0,76796,0.04371321573853493,435.0,43.836971282958984,43.836971282958984,,,,,43.0,143.0,738.0,16985.0,48.99254608154297,12.12,100.0,100.0,0.0,94.09,97.25,,1987.0,24809.604,5416.221,26519254.0
54874,2010,1,0,0,0,0,3429.0,75216.0,78645,0.04360099136829376,435.0,43.836971282958984,43.836971282958984,,,,,45.0,135.0,692.0,17599.0,49.40764236450195,11.98,,,,,,,2538.0,27006.026999999995,5811.91,28676852.0
54874,2011,1,0,0,0,0,3505.0,77027.0,80532,0.04352307319641113,435.0,43.836971282958984,43.836971282958984,,,,,43.0,165.0,713.0,17042.0,48.73389434814453,11.98,,,,,,19643.0,3377.0,30694.468115,7613.138609,
54874,2012,1,0,0,0,0,3581.0,78869.0,82450,0.043432384729385376,435.0,43.836971282958984,43.836971282958984,,,,,43.0,220.0,689.0,16970.0,48.739898681640625,11.373338028757079,,,,,,20314.0,4076.0,39764.299147,7513.935934000001,
54874,2013,1,0,0,0,0,3662.0,80752.0,84414,0.043381430208683014,435.0,43.836971282958984,43.836971282958984,,,,,38.0,155.0,685.0,16664.0,48.804176330566406,11.058560027881384,,,,,,21963.0,5080.0,49030.42166599999,9156.709139,
54874,2014,1,0,0,0,0,3742.0,82678.0,86420,0.04330016300082207,435.0,43.836971282958984,43.836971282958984,,,,,38.0,166.0,694.0,16032.0,51.12679672241211,11.222266692424858,19.92,19.3,30.84,9.55,18.37,23511.0,6548.0,62008.555011,11888.394417000001,
54874,2015,1,0,0,0,0,3826.0,84636.0,88462,0.04325021058320999,435.0,43.836971282958984,43.836971282958984,,,,,41.0,209.0,734.0,16386.0,50.63169479370117,10.94664165,29.21,28.23,42.85,18.54,27.19,24441.0,10764.0,66932.9296875,14766.40234375,
54874,2016,1,0,0,0,0,3911.0,86633.0,90544,0.043194469064474106,435.0,43.836971282958984,43.836971282958984,,,,,41.0,188.0,781.0,15536.0,51.073001861572266,,32.5,31.74,44.37,22.97,29.84,,12417.0,81051.69278699999,14953.130060000001,
54874,2017,1,0,0,0,0,3997.0,88664.0,92661,0.04313573241233826,435.0,43.836971282958984,43.836971282958984,,,,,42.0,188.0,756.0,16594.0,50.68256759643555,,,,,,,,,85433.16325378418,18158.205368041992,
54874,2018,1,0,0,0,0,3315.0,98637.0,101952,0.032515302300453186,435.0,43.836971282958984,43.836971282958984,14.007482629609834,24.6,14.5,4.2,43.0,186.0,762.0,16975.0,51.42581558227539,,,,,,,,,99748.13625059,22002.916723980004,
54874,2019,1,0,0,0,0,3346.0,103942.0,107288,0.031187085434794426,435.0,43.836971282958984,,,,,,44.0,192.0,783.0,18460.0,50.91269302368164,,,,,,,,,120625.89086113,30293.06961733,
54874,2020,1,0,0,0,0,3263.0,107991.0,111254,0.02932928316295147,435.0,43.836971282958984,,,,,,43.0,192.0,753.0,19204.0,51.13410568237305,,,,,,,,,130673.75583999,27298.70671497,
54874,2021,1,0,0,0,0,3275.0,109523.0,112798,0.0290342029184103,435.0,43.836971282958984,,,,,,44.0,201.0,819.0,19256.0,50.705265045166016,,,,,,,,,150839.30554,36871.051488000005,
54874,2022,1,0,0,0,0,3278.0,110106.0,113384,0.028910605236887932,435.0,43.836971282958984,,,,,,44.0,222.0,807.0,19918.0,51.20329666137695,,,,,,,,,176106.627425,42417.686098,
54874,2023,1,0,0,0,0,3285.0,110618.0,113903,0.028840329498052597,435.0,43.836971282958984,,,,,,,,,,,,,,,,,,,227246.65141,56250.93288775,
63690,1993,1,0,0,0,0,4232.0,3042.0,7274,0.5817981958389282,1900.0,20.519420623779297,20.519420623779297,31.344388961791992,,,,,,,,,,,,,,,,,357.4599914550781,357.4599914550781,
63690,1994,1,0,0,0,0,4244.0,3124.0,7368,0.5760043263435364,1900.0,20.519420623779297,20.519420623779297,,,,,,,,,,,,,,,,,,415.07000732421875,415.07000732421875,
63690,1995,1,0,0,0,0,4220.0,3194.0,7414,0.569193422794342,1900.0,20.519420623779297,20.519420623779297,,,,,,,,,,,,,,,,,,579.6799926757812,579.6799926757812,
63690,1996,1,0,0,0,0,4179.0,3246.0,7425,0.5628283023834229,1900.0,20.519420623779297,20.519420623779297,,,,,19.0,,74.0,1507.0,,,,,,,,,,1104.449951171875,407.20001220703125,
63690,1997,1,0,0,0,0,4117.0,3292.0,7409,0.5556755065917969,1900.0,20.519420623779297,20.519420623779297,,,,,18.0,,77.0,1535.0,,,,,,,,,,1623.4100341796875,642.969970703125,
63690,1998,1,0,0,0,0,4049.0,3334.0,7383,0.5484220385551453,1900.0,20.519420623779297,20.519420623779297,,,,,18.0,,76.0,1629.0,,,,,,,,,,1468.3199462890625,659.8499755859375,
63690,1999,1,0,0,0,0,3980.0,3374.0,7354,0.5412020683288574,1900.0,20.519420623779297,20.519420623779297,,,,,19.0,,127.0,2093.0,,,,,,,,,,2800.330078125,879.77001953125,
63690,2000,1,0,0,0,0,3915.0,3413.0,7328,0.5342521667480469,1900.0,20.519420623779297,20.519420623779297,,,,,17.0,,74.0,1606.0,47.375492095947266,,,,,,,,,2155.905,707.28,2172782.0
63690,2001,1,0,0,0,0,3854.0,3455.0,7309,0.5272951126098633,1900.0,20.519420623779297,20.519420623779297,,,,,17.0,,75.0,1564.0,45.56010055541992,,,,,,,,,1885.432,794.7929999999999,1408462.0
63690,2002,1,0,0,0,0,3804.0,3491.0,7295,0.5214530229568481,1900.0,20.519420623779297,20.519420623779297,,,,,2.0,,82.0,1502.0,51.12348175048828,,,,,,,,,2922.03,859.859,3054835.0
63690,2003,1,0,0,0,0,3754.0,3530.0,7284,0.5153761506080627,1900.0,20.519420623779297,20.519420623779297,,,,,4.0,,132.0,2417.0,51.363887786865234,,,,,,,,,2760.169,889.984,2154742.0
63690,2004,1,0,0,0,0,3700.0,3561.0,7261,0.5095716714859009,1900.0,20.519420623779297,20.519420623779297,,,,,18.0,,131.0,2241.0,54.74604034423828,,,,,,,,,2839.686,919.4859999999999,1732045.0
63690,2005,1,0,0,0,0,3653.0,3593.0,7246,0.5041401982307434,1900.0,20.519420623779297,20.519420623779297,20.860413373179114,52.75997,24.04287,3.77471,18.0,58.0,133.0,2234.0,53.81311798095703,16.49,84.598580010923,98.99497487437185,67.46411483253588,,80.61168760240307,,,3031.226,1030.014,2102364.0
63690,2006,1,0,0,0,0,3606.0,3629.0,7235,0.49841049313545227,1900.0,20.519420623779297,20.519420623779297,,,,,19.0,57.0,142.0,2265.0,55.77921676635742,16.0,,,,,,,668.0,3856.592403,1313.367403,2773757.0
63690,2007,1,0,0,0,0,3557.0,3650.0,7207,0.4935479462146759,1900.0,20.519420623779297,20.519420623779297,,,,,20.0,46.0,91.0,1097.0,52.66558837890625,15.5,,,,,,,721.0,3873.198,1500.343,3489574.0
63690,2008,1,0,0,0,0,3514.0,3680.0,7194,0.4884625971317291,1900.0,20.519420623779297,20.519420623779297,,,,,20.0,58.0,149.0,2007.0,55.8640251159668,15.01,84.03,100.0,72.77,56.17,41.37,,5430.0,3841.595,1327.567,2843437.0
63690,2009,1,0,0,0,0,3474.0,3704.0,7178,0.48397883772850037,1900.0,20.519420623779297,20.519420623779297,,,,,20.0,90.0,154.0,2025.0,55.877437591552734,14.51,81.77,100.0,70.8,53.33,37.56,,867.0,4555.563,1627.903,3909147.0
63690,2010,1,0,0,0,0,3443.0,3724.0,7167,0.4803962707519531,1900.0,20.519420623779297,20.519420623779297,,,,,20.0,92.0,147.0,1996.0,50.713340759277344,14.02,100.0,100.0,100.0,51.39,39.58,,917.0,6606.462,1583.648,3251085.0
63690,2011,1,0,0,0,0,3415.0,3744.0,7159,0.4770219326019287,1900.0,20.519420623779297,20.519420623779297,,,,,21.0,108.0,170.0,2180.0,54.23081588745117,12.618,100.0,100.0,100.0,51.57,39.78,2005.0,968.0,5170.72832,1726.903479,
63690,2012,1,0,0,0,0,3384.0,3755.0,7139,0.4740159809589386,1900.0,20.519420623779297,20.519420623779297,,,,,21.0,117.0,173.0,2118.0,55.571956634521484,12.618,100.0,100.0,100.0,51.65,39.81,2076.0,1012.0,6102.285152,1935.8186339999997,
63690,2013,1,0,0,0,0,3361.0,3768.0,7129,0.4714546203613281,1900.0,20.519420623779297,20.519420623779297,,,,,21.0,134.0,174.0,2142.0,51.934940338134766,11.356200000000001,100.0,100.0,100.0,51.49,39.73,2155.0,1079.0,6401.173617,2548.555424,
63690,2014,1,0,0,0,0,3337.0,3779.0,7116,0.4689432382583618,1900.0,20.519420623779297,20.519420623779297,,,,,21.0,132.0,173.0,1848.0,52.72200393676758,11.356200000000001,100.0,100.0,100.0,51.81,40.27,2183.0,1115.0,7656.77,3045.144,
63690,2015,1,0,0,0,0,3324.0,3791.0,7115,0.4671820104122162,1900.0,20.519420623779297,20.519420623779297,,,,,23.0,144.0,201.0,1916.0,54.9075813293457,11.6202539,100.0,100.0,100.0,51.83,40.28,2202.0,1260.0,8500.525390625,3647.25805664062,
63690,2016,1,0,0,0,0,3306.0,3803.0,7109,0.4650443196296692,1900.0,20.519420623779297,20.519420623779297,,,,,23.0,148.0,211.0,1943.0,56.04265213012695,,100.0,100.0,100.0,56.9,40.17,,1327.0,8485.581,4094.9629999999997,
63690,2017,1,0,0,0,0,3292.0,3811.0,7103,0.4634661376476288,1900.0,20.519420623779297,20.519420623779297,,,,,23.0,140.0,230.0,1984.0,56.82361602783203,,,,,,,,,9764.768758633483,4051.135414123535,
63690,2018,1,0,0,0,0,5381.0,3879.0,9260,0.5811015367507935,1900.0,20.519420623779297,20.519420623779297,5.9279038718291055,19.7,14.5,2.3,23.0,129.0,251.0,2142.0,56.5993537902832,,,,,,,,,10264.841116,4345.366244,
63690,2019,1,0,0,0,0,5452.0,3947.0,9399,0.5800617337226868,1900.0,20.519420623779297,,,,,,23.0,134.0,249.0,2249.0,55.61412048339844,,,,,,,,,12352.512692,5777.431178999999,
63690,2020,1,0,0,0,0,5518.0,4011.0,9529,0.5790743827819824,1900.0,20.519420623779297,,,,,,23.0,97.0,220.0,2103.0,55.99999237060547,,,,,,,,,10277.739307,4993.206829000001,
63690,2021,1,0,0,0,0,5495.0,4149.0,9644,0.5697843432426453,1900.0,20.519420623779297,,,,,,22.0,135.0,243.0,2234.0,54.50734329223633,,,,,,,,,11574.074736999999,5917.904206,
63690,2022,1,0,0,0,0,5561.0,4211.0,9772,0.5690749287605286,1900.0,20.519420623779297,,,,,,22.0,131.0,241.0,2150.0,56.41907501220703,,,,,,,,,14615.092983999999,7153.52356525,
63690,2023,1,0,0,0,0,5658.0,4251.0,9909,0.5709960460662842,1900.0,20.519420623779297,,,,,,,,,,,,,,,,,,,14370.14841,6631.7072585,
66001,1993,1,0,0,0,0,53732.0,346814.0,400546,0.13414688408374786,1415.0,0.0,0.0,22.744043350219727,,,,,,,,,,,,,,,,,16722.3203125,16450.349609375,
66001,1994,1,0,0,0,0,54733.0,354306.0,409039,0.13380876183509827,1415.0,0.0,0.0,,,,,,,,,,,,,,,,,,19845.580078125,19749.41015625,
66001,1995,1,0,0,0,0,55925.0,359606.0,415531,0.13458682596683502,1415.0,0.0,0.0,,,,,,,,,,,,,,,,,,27564.5703125,27534.169921875,
66001,1996,1,0,0,0,0,57252.0,362692.0,419944,0.1363324671983719,1415.0,0.0,0.0,,,,,313.0,,4397.0,96420.0,,,,,,,,,,47042.87109375,26464.51953125,
66001,1997,1,0,0,0,0,58771.0,364348.0,423119,0.13889946043491364,1415.0,0.0,0.0,,,,,322.0,,4541.0,99931.0,,,,,,,,,,50932.21875,36085.96875,
66001,1998,1,0,0,0,0,60516.0,364956.0,425472,0.14223262667655945,1415.0,0.0,0.0,,,,,334.0,,4899.0,103205.0,,,,,,,,,,59353.16015625,39435.62109375,
66001,1999,1,0,0,0,0,62442.0,365175.0,427617,0.1460231989622116,1415.0,0.0,0.0,,,,,342.0,,4869.0,103473.0,,,,,,,,,,129199.046875,54757.4609375,
66001,2000,1,0,0,0,0,64550.0,365165.0,429715,0.15021583437919617,1415.0,0.0,0.0,,,,,302.0,,4359.0,96887.0,50.17036056518555,,,,,,,,,170047.467,38783.203,96016864.0
66001,2001,1,0,0,0,0,66547.0,365583.0,432130,0.15399764478206635,1415.0,0.0,0.0,,,,,317.0,,4559.0,97756.0,50.14176940917969,,,,,,,,,67380.42099999999,45641.36899999999,46663808.0
66001,2002,1,0,0,0,0,68369.0,366361.0,434730,0.1572677344083786,1415.0,0.0,0.0,,,,,295.0,,4379.0,99094.0,50.60899353027344,,,,,,,,,97933.106,68567.65,120400696.0
66001,2003,1,0,0,0,0,69903.0,367661.0,437564,0.1597549170255661,1415.0,0.0,0.0,,,,,256.0,,4295.0,101471.0,50.25514602661133,,,,,,,,,188415.58,64985.267,163426832.0
66001,2004,1,0,0,0,0,71100.0,369387.0,440487,0.16141225397586823,1415.0,0.0,0.0,,,,,294.0,,4361.0,99841.0,50.0693473815918,,,,,,,,,202511.279,73640.17300000001,158517024.0
66001,2005,1,0,0,0,0,72003.0,371439.0,443442,0.16237297654151917,1415.0,0.0,0.0,13.36563370366553,33.65509,3.0455200000000002,2.1158300000000003,299.0,1748.0,4631.0,102880.0,49.758426666259766,12.75,97.55043099221807,98.86957794788137,89.93053458169737,,94.74697592326822,,,218450.185,95066.438,190657504.0
66001,2006,1,0,0,0,0,72528.0,373762.0,446290,0.16251316666603088,1415.0,0.0,0.0,,,,,305.0,1961.0,4616.0,100987.0,49.907169342041016,12.6,,,,,,,41052.0,255757.327,117653.992,187965936.0
66001,2007,1,0,0,0,0,72895.0,376187.0,449082,0.16232001781463623,1415.0,0.0,0.0,,,,,290.0,2050.0,4925.0,99318.0,50.314308166503906,12.45,,,,,,,49000.0,282639.715,129191.193,237722800.0
66001,2008,1,0,0,0,0,73128.0,378663.0,451791,0.16186244785785675,1415.0,0.0,0.0,,,,,301.0,2176.0,4780.0,99142.0,50.24694061279297,12.29,83.2,94.12,19.41,88.15,80.18,,84197.0,278590.403,120407.972,242001600.0
66001,2009,1,0,0,0,0,73314.0,381150.0,454464,0.16131970286369324,1415.0,0.0,0.0,,,,,309.0,2164.0,4832.0,96670.0,50.18799591064453,12.14,80.65,91.79,16.89,87.46,77.96,,63842.0,340150.444,130979.265,293371008.0
66001,2010,1,0,0,0,0,73446.0,383632.0,457078,0.1606859266757965,1415.0,0.0,0.0,,,,,345.0,2123.0,4870.0,95475.0,50.845619201660156,11.99,80.54,91.5,18.23,87.21,77.77,,72912.0,373882.364,147248.75999999998,327104800.0
66001,2011,1,0,0,0,0,73541.0,386126.0,459667,0.15998755395412445,1415.0,0.0,0.0,,,,,349.0,2169.0,5021.0,97303.0,51.23601531982422,11.99,74.07,76.86,44.37,51.04,69.21,130902.0,81316.0,365479.363,150672.747,
66001,2012,1,0,0,0,0,73582.0,388627.0,462209,0.1591963768005371,1415.0,0.0,0.0,,,,,357.0,2364.0,4869.0,92856.0,50.681034088134766,11.505465874223713,74.07,76.86,44.37,51.04,69.21,147399.0,90637.0,384535.19800000003,152897.79400000002,
66001,2013,1,0,0,0,0,73579.0,391140.0,464719,0.15833008289337158,1415.0,0.0,0.0,,,,,335.0,2096.0,4993.0,90949.0,51.03627014160156,10.354919286801342,74.07,76.86,44.37,51.04,69.21,132437.0,98967.0,489620.468849,189037.218,
66001,2014,1,0,0,0,0,73525.0,393660.0,467185,0.15737876296043396,1415.0,0.0,0.0,,,,,340.0,1978.0,4295.0,86470.0,51.25104904174805,9.834827899790902,82.63,86.22,59.4,76.69,56.5,135884.0,106905.0,560337.108,225976.93500000003,
66001,2015,1,0,0,0,0,73427.0,396185.0,469612,0.15635673701763153,1415.0,0.0,0.0,,,,,337.0,1804.0,4322.0,85054.0,51.59417724609375,9.834827899790902,76.05,80.41,53.42,66.69,69.4,141773.0,114555.0,586100.125,272492.125,
66001,2016,1,0,0,0,0,73281.0,398719.0,472000,0.15525636076927185,1415.0,0.0,0.0,,,,,340.0,1869.0,4876.0,82733.0,52.101104736328125,,66.34,73.3,37.88,67.29,60.25,,121638.0,650373.3559999999,268060.197,
66001,2017,1,0,0,0,0,73086.0,401249.0,474335,0.15408097207546234,1415.0,0.0,0.0,,,,,346.0,1839.0,5246.0,82879.0,51.729679107666016,,,,,,,,,717223.8712109141,295815.52502441406,
66001,2018,1,0,0,0,0,81431.0,385838.0,467269,0.17427006363868713,1415.0,0.0,0.0,5.827075988021302,15.1,1.4,2.2,352.0,1863.0,5156.0,81070.0,51.46592712402344,,,,,,,,,736698.054704,314518.398058,
66001,2019,1,0,0,0,0,79765.0,392641.0,472406,0.1688484102487564,1415.0,0.0,,,,,,361.0,2127.0,5253.0,81145.0,51.37001419067383,,,,,,,,,805613.687688,329796.503331,
66001,2020,1,0,0,0,0,77744.0,399283.0,477027,0.16297610104084015,1415.0,0.0,,,,,,365.0,1734.0,5103.0,79108.0,51.935394287109375,,,,,,,,,822398.075832,328495.831457,
66001,2021,1,0,0,0,0,76533.0,404270.0,480803,0.15917745232582092,1415.0,0.0,,,,,,344.0,1956.0,4939.0,80180.0,51.85698699951172,,,,,,,,,912001.561888,378860.425669,
66001,2022,1,0,0,0,0,76303.0,409070.0,485373,0.15720486640930176,1415.0,0.0,,,,,,336.0,2203.0,5045.0,79718.0,51.76142501831055,,,,,,,,,1094825.212871,488701.533436,
66001,2023,1,0,0,0,0,76421.0,414043.0,490464,0.15581367909908295,1415.0,0.0,,,,,,,,,,,,,,,,,,,1298027.673953,567879.298741,
66682,1993,1,0,0,0,0,17964.0,46903.0,64867,0.276935875415802,1701.0,18.483463287353516,18.483463287353516,24.72357749938965,,,,,,,,,,,,,,,,,2339.010009765625,2339.010009765625,
66682,1994,1,0,0,0,0,17449.0,47966.0,65415,0.26674309372901917,1701.0,18.483463287353516,18.483463287353516,,,,,,,,,,,,,,,,,,2713.320068359375,2633.320068359375,
66682,1995,1,0,0,0,0,16948.0,48972.0,65920,0.2570995092391968,1701.0,18.483463287353516,18.483463287353516,,,,,,,,,,,,,,,,,,4023.4599609375,4023.4599609375,
66682,1996,1,0,0,0,0,16449.0,49878.0,66327,0.24799855053424835,1701.0,18.483463287353516,18.483463287353516,,,,,85.0,,738.0,14361.0,,,,,,,,,,5890.3701171875,2520.340087890625,
66682,1997,1,0,0,0,0,15976.0,50741.0,66717,0.23945920169353485,1701.0,18.483463287353516,18.483463287353516,,,,,85.0,,728.0,14292.0,,,,,,,,,,7442.31005859375,2969.77001953125,
66682,1998,1,0,0,0,0,15540.0,51629.0,67169,0.23135672509670258,1701.0,18.483463287353516,18.483463287353516,,,,,88.0,,724.0,14842.0,,,,,,,,,,9196.7802734375,3514.25,
66682,1999,1,0,0,0,0,15157.0,52483.0,67640,0.22408337891101837,1701.0,18.483463287353516,18.483463287353516,,,,,85.0,,718.0,14761.0,,,,,,,,,,10533.26953125,4501.0,
66682,2000,1,0,0,0,0,14815.0,53435.0,68250,0.2170695960521698,1701.0,18.483463287353516,18.483463287353516,,,,,80.0,,644.0,14590.0,50.091548919677734,,,,,,,,,8360.641,3893.09,3953987.0
66682,2001,1,0,0,0,0,14519.0,54151.0,68670,0.21143148839473724,1701.0,18.483463287353516,18.483463287353516,,,,,82.0,,658.0,14758.0,48.868614196777344,,,,,,,,,10397.897,4352.607,6406961.0
66682,2002,1,0,0,0,0,14263.0,54806.0,69069,0.20650364458560944,1701.0,18.483463287353516,18.483463287353516,,,,,80.0,,673.0,15187.0,49.71856689453125,,,,,,,,,12690.288,4972.42,7211318.0
66682,2003,1,0,0,0,0,14032.0,55343.0,69375,0.20226305723190308,1701.0,18.483463287353516,18.483463287353516,,,,,34.0,,615.0,15556.0,49.90590286254883,,,,,,,,,12887.142,5917.949000000001,7620574.0
66682,2004,1,0,0,0,0,13832.0,55838.0,69670,0.1985359489917755,1701.0,18.483463287353516,18.483463287353516,,,,,79.0,,522.0,14939.0,49.33335876464844,,,,,,,,,14355.782,6266.53,8704135.0
66682,2005,1,0,0,0,0,13646.0,56304.0,69950,0.19508220255374908,1701.0,18.483463287353516,18.483463287353516,19.246684087031486,45.54663,12.156939999999999,3.80217,80.0,156.0,619.0,14980.0,49.563297271728516,17.96,90.99093581577658,99.26564256275758,53.97251089507208,,88.69426751592357,,,14958.696,6680.561,9584471.0
66682,2006,1,0,0,0,0,13473.0,56730.0,70203,0.1919148713350296,1701.0,18.483463287353516,18.483463287353516,,,,,81.0,159.0,620.0,14945.0,49.97527313232422,17.24,,,,,,,5515.0,17811.048502,8393.894502,12014922.0
66682,2007,1,0,0,0,0,13310.0,57140.0,70450,0.18892832100391388,1701.0,18.483463287353516,18.483463287353516,,,,,78.0,157.0,572.0,14100.0,50.50429153442383,16.52,,,,,,,6342.0,21238.328,8290.006,12478721.0
66682,2008,1,0,0,0,0,13152.0,57543.0,70695,0.18603861331939697,1701.0,18.483463287353516,18.483463287353516,,,,,81.0,139.0,643.0,14761.0,50.330078125,15.81,74.48,89.85,29.79,68.78,69.41,,97.0,19357.262,8101.569,12799202.0
66682,2009,1,0,0,0,0,12994.0,57936.0,70930,0.18319469690322876,1701.0,18.483463287353516,18.483463287353516,,,,,80.0,148.0,589.0,14407.0,50.218223571777344,15.09,74.48,89.85,29.79,68.78,69.41,,8037.0,23490.779000000002,8775.36,15435281.0
66682,2010,1,0,0,0,0,12837.0,58328.0,71165,0.1803836226463318,1701.0,18.483463287353516,18.483463287353516,,,,,82.0,151.0,588.0,13832.0,49.52904510498047,14.37,74.48,89.85,29.79,68.78,69.41,,9055.0,23017.292,9296.774,15587338.0
66682,2011,1,0,0,0,0,12679.0,58703.0,71382,0.17762181162834167,1701.0,18.483463287353516,18.483463287353516,,,,,83.0,171.0,587.0,13190.0,51.239383697509766,14.37,74.48,89.85,29.79,68.78,69.41,18150.0,10143.0,25020.71,10622.209,
66682,2012,1,0,0,0,0,12515.0,59086.0,71601,0.17478805780410767,1701.0,18.483463287353516,18.483463287353516,,,,,83.0,168.0,583.0,13235.0,50.54267883300781,12.933,72.73,76.55,53.63,65.05,63.52,18669.0,11149.0,29971.955,9560.345000000001,
66682,2013,1,0,0,0,0,12354.0,59456.0,71810,0.17203731834888458,1701.0,18.483463287353516,18.483463287353516,,,,,81.0,147.0,602.0,13144.0,51.01323318481445,11.6397,63.14,74.35,32.21,55.48,54.59,19112.0,12104.0,39463.287581000004,11409.665,
66682,2014,1,0,0,0,0,12200.0,59825.0,72025,0.169385626912117,1701.0,18.483463287353516,18.483463287353516,,,,,81.0,166.0,564.0,11487.0,52.189998626708984,11.457905728296115,70.54,73.87,53.38,63.04,61.87,19824.0,13002.0,44205.708894999996,13176.169000999998,
66682,2015,1,0,0,0,0,12040.0,60190.0,72230,0.16668973863124847,1701.0,18.483463287353516,18.483463287353516,,,,,82.0,134.0,560.0,11576.0,51.995460510253906,11.9828334,71.76,74.67,56.16,64.14,62.94,20575.0,13906.0,48541.7109375,17731.98046875,
66682,2016,1,0,0,0,0,11876.0,60558.0,72434,0.1639561504125595,1701.0,18.483463287353516,18.483463287353516,,,,,85.0,135.0,613.0,11223.0,52.763458251953125,,49.33,54.12,35.42,40.51,39.71,,15091.0,53277.094652,18300.62614,
66682,2017,1,0,0,0,0,11716.0,60918.0,72634,0.1613018661737442,1701.0,18.483463287353516,18.483463287353516,,,,,83.0,151.0,635.0,11310.0,52.062416076660156,,,,,,,,,54985.22999677142,20255.600799560547,
66682,2018,1,0,0,0,0,13541.0,64297.0,77838,0.17396387457847595,1701.0,18.483463287353516,18.483463287353516,7.691326892018247,21.2,7.3,3.8,84.0,125.0,629.0,11172.0,51.471248626708984,,,,,,,,,58307.462144000005,19549.344044,
66682,2019,1,0,0,0,0,13184.0,65452.0,78636,0.16765858232975006,1701.0,18.483463287353516,,,,,,84.0,154.0,635.0,11208.0,51.98574447631836,,,,,,,,,65371.728057,22960.288484,
66682,2020,1,0,0,0,0,12801.0,66571.0,79372,0.16127853095531464,1701.0,18.483463287353516,,,,,,84.0,152.0,633.0,11115.0,50.91925811767578,,,,,,,,,65990.86657737,22146.5127692,
66682,2021,1,0,0,0,0,12602.0,67398.0,80000,0.15752500295639038,1701.0,18.483463287353516,,,,,,84.0,158.0,651.0,11237.0,50.926204681396484,,,,,,,,,78076.20623,26680.969618,
66682,2022,1,0,0,0,0,12564.0,68196.0,80760,0.1555720716714859,1701.0,18.483463287353516,,,,,,83.0,176.0,642.0,11212.0,50.88330841064453,,,,,,,,,97443.476469,35434.75628,
66682,2023,1,0,0,0,0,12583.0,69025.0,81608,0.15418832004070282,1701.0,18.483463287353516,,,,,,,,,,,,,,,,,,,109857.312881,45142.653569,
66687,1993,1,0,0,0,0,8735.0,6478.0,15213,0.574180006980896,1600.0,39.02190399169922,39.02190399169922,32.77700424194336,,,,,,,,,,,,,,,,,668.8900146484375,667.97998046875,
66687,1994,1,0,0,0,0,8711.0,6521.0,15232,0.5718881487846375,1600.0,39.02190399169922,39.02190399169922,,,,,,,,,,,,,,,,,,529.8499755859375,529.8499755859375,
66687,1995,1,0,0,0,0,8694.0,6557.0,15251,0.5700609683990479,1600.0,39.02190399169922,39.02190399169922,,,,,,,,,,,,,,,,,,1012.5900268554688,1012.5900268554688,
66687,1996,1,0,0,0,0,8675.0,6588.0,15263,0.5683679580688477,1600.0,39.02190399169922,39.02190399169922,,,,,42.0,,159.0,3150.0,,,,,,,,,,1308.1099853515625,275.2200012207031,
66687,1997,1,0,0,0,0,8659.0,6612.0,15271,0.567022442817688,1600.0,39.02190399169922,39.02190399169922,,,,,42.0,,154.0,3169.0,,,,,,,,,,1644.6400146484375,436.07000732421875,
66687,1998,1,0,0,0,0,8643.0,6646.0,15289,0.5653083920478821,1600.0,39.02190399169922,39.02190399169922,,,,,42.0,,161.0,3232.0,,,,,,,,,,1732.5,573.5800170898438,
66687,1999,1,0,0,0,0,8630.0,6681.0,15311,0.5636470317840576,1600.0,39.02190399169922,39.02190399169922,,,,,42.0,,159.0,3085.0,,,,,,,,,,2083.77001953125,694.97998046875,
66687,2000,1,0,0,0,0,8612.0,6732.0,15344,0.5612617135047913,1600.0,39.02190399169922,39.02190399169922,,,,,41.0,,149.0,3214.0,49.629127502441406,,,,,,,,,2404.052,615.9970000000001,1542954.0
66687,2001,1,0,0,0,0,8602.0,6755.0,15357,0.5601354241371155,1600.0,39.02190399169922,39.02190399169922,,,,,41.0,,144.0,3044.0,50.24800491333008,,,,,,,,,2614.895,786.062,1286124.0
66687,2002,1,0,0,0,0,8587.0,6785.0,15372,0.5586130619049072,1600.0,39.02190399169922,39.02190399169922,,,,,39.0,,160.0,3545.0,48.60958480834961,,,,,,,,,3100.124,914.194,1840543.0
66687,2003,1,0,0,0,0,8580.0,6806.0,15386,0.5576497912406921,1600.0,39.02190399169922,39.02190399169922,,,,,31.0,,129.0,3164.0,51.00716781616211,,,,,,,,,3565.29,928.1489999999999,2755369.0
66687,2004,1,0,0,0,0,8568.0,6836.0,15404,0.5562191605567932,1600.0,39.02190399169922,39.02190399169922,,,,,38.0,,141.0,3037.0,50.65685272216797,,,,,,,,,3651.208,1099.291,3228254.0
66687,2005,1,0,0,0,0,8556.0,6866.0,15422,0.5547918677330017,1600.0,39.02190399169922,39.02190399169922,23.59435698221223,62.7479,23.231009999999998,4.83871,40.0,,153.0,3284.0,50.95597457885742,19.14,85.73322726067356,99.42074776197998,71.8482905982906,,92.38928666136303,,,3948.321,1084.46,2796123.0
66687,2006,1,0,0,0,0,8542.0,6907.0,15449,0.5529160499572754,1600.0,39.02190399169922,39.02190399169922,,,,,40.0,30.0,161.0,3247.0,52.21969985961914,18.57,,,,,,,,3929.545529,1112.570529,3051794.0
66687,2007,1,0,0,0,0,8527.0,6942.0,15469,0.5512315034866333,1600.0,39.02190399169922,39.02190399169922,,,,,39.0,30.0,145.0,3180.0,52.44167709350586,17.99,,,,,,,,4614.312,1327.031,4233223.0
66687,2008,1,0,0,0,0,8514.0,6982.0,15496,0.549432098865509,1600.0,39.02190399169922,39.02190399169922,,,,,39.0,24.0,144.0,3109.0,52.6968994140625,17.42,62.88,99.29,38.12,39.54,40.13,,,5680.878000000001,1410.235,5036669.0
66687,2009,1,0,0,0,0,8508.0,7022.0,15530,0.5478428602218628,1600.0,39.02190399169922,39.02190399169922,,,,,39.0,39.0,138.0,2815.0,52.460777282714844,16.84,62.7,99.29,38.03,39.33,39.93,,,6513.1669999999995,1479.48,5599514.0
66687,2010,1,0,0,0,0,8496.0,7061.0,15557,0.5461207032203674,1600.0,39.02190399169922,39.02190399169922,,,,,40.0,32.0,140.0,3082.0,52.29020690917969,16.27,60.73,93.42,38.02,37.68,38.24,,,6089.865,1669.796,6014958.0
66687,2011,1,0,0,0,0,8487.0,7101.0,15588,0.5444572567939758,1600.0,39.02190399169922,39.02190399169922,,,,,40.0,33.0,131.0,2869.0,50.70308303833008,16.27,63.2,99.25,37.89,40.32,40.89,3523.0,,5996.637000000001,1739.556,
66687,2012,1,0,0,0,0,8473.0,7137.0,15610,0.5427930951118469,1600.0,39.02190399169922,39.02190399169922,,,,,40.0,32.0,140.0,2864.0,51.6042594909668,15.722595778873886,64.57,99.3,38.62,41.94,42.42,3359.0,,7673.9209999999985,1771.44,
66687,2013,1,0,0,0,0,8469.0,7182.0,15651,0.5411155819892883,1600.0,39.02190399169922,39.02190399169922,,,,,40.0,32.0,142.0,2696.0,50.5267219543457,15.722595778873886,64.57,99.3,38.62,41.94,42.42,3398.0,936.0,11400.726,1877.1190000000001,
66687,2014,1,0,0,0,0,8466.0,7218.0,15684,0.5397857427597046,1600.0,39.02190399169922,39.02190399169922,,,,,40.0,41.0,142.0,1868.0,53.134830474853516,14.572330933294806,32.55,100.0,0.0,32.55,32.55,3848.0,1030.0,11609.865,2391.5769999999998,
66687,2015,1,0,0,0,0,8459.0,7262.0,15721,0.5380700826644897,1600.0,39.02190399169922,39.02190399169922,,,,,40.0,34.0,140.0,1842.0,51.75602340698242,16.392852236791327,32.55,100.0,0.0,32.55,32.55,3862.0,1083.0,12424.802734375,2539.46704101562,
66687,2016,1,0,0,0,0,8453.0,7298.0,15751,0.5366643667221069,1600.0,39.02190399169922,39.02190399169922,,,,,40.0,28.0,146.0,1690.0,51.915218353271484,,57.84,99.93,15.68,100.0,55.58,,1178.0,11691.855,2939.8989999999994,
66687,2017,1,0,0,0,0,8452.0,7334.0,15786,0.5354111194610596,1600.0,39.02190399169922,39.02190399169922,,,,,39.0,28.0,138.0,1609.0,50.66584014892578,,,,,,,,,12715.543424687989,2889.3060989379883,
66687,2018,1,0,0,0,0,6336.0,6328.0,12664,0.5003158450126648,1600.0,39.02190399169922,39.02190399169922,10.277825123572525,39.9,25.9,17.8,39.0,36.0,138.0,1650.0,48.594112396240234,,,,,,,,,19167.292951,3545.848465,
66687,2019,1,0,0,0,0,6167.0,6339.0,12506,0.49312329292297363,1600.0,39.02190399169922,,,,,,39.0,35.0,135.0,1602.0,50.036476135253906,,,,,,,,,16217.281613,4028.4124189999993,
66687,2020,1,0,0,0,0,6059.0,6375.0,12434,0.48729291558265686,1600.0,39.02190399169922,,,,,,39.0,23.0,119.0,1520.0,50.365257263183594,,,,,,,,,16119.649635,4146.935631,
66687,2021,1,0,0,0,0,5949.0,6581.0,12530,0.47478052973747253,1600.0,39.02190399169922,,,,,,38.0,27.0,122.0,1566.0,49.26656723022461,,,,,,,,,19156.744623,5784.146336,
66687,2022,1,0,0,0,0,5925.0,6724.0,12649,0.4684164822101593,1600.0,39.02190399169922,,,,,,38.0,32.0,112.0,1352.0,48.42575454711914,,,,,,,,,19771.743894,5517.5581649999995,
66687,2023,1,0,0,0,0,5932.0,6850.0,12782,0.46409013867378235,1600.0,39.02190399169922,,,,,,,,,,,,,,,,,,,22135.203443,6241.134557,
68081,1993,1,0,0,0,0,18216.0,157288.0,175504,0.10379250347614288,81.0,80.69659423828125,80.69659423828125,29.47823143005371,,,,,,,,,,,,,,,,,11036.740234375,11033.419921875,
68081,1994,1,0,0,0,0,18468.0,159297.0,177765,0.10388996452093124,81.0,80.69659423828125,80.69659423828125,,,,,,,,,,,,,,,,,,14446.7900390625,14426.349609375,
68081,1995,1,0,0,0,0,18660.0,161029.0,179689,0.10384608805179596,81.0,80.69659423828125,80.69659423828125,,,,,,,,,,,,,,,,,,25110.130859375,24341.16015625,
68081,1996,1,0,0,0,0,18823.0,162482.0,181305,0.10381953418254852,81.0,80.69659423828125,80.69659423828125,,,,,197.0,,2302.0,52969.0,,,,,,,,,,33040.30078125,17466.990234375,
68081,1997,1,0,0,0,0,18952.0,163755.0,182707,0.10372892022132874,81.0,80.69659423828125,80.69659423828125,,,,,208.0,,2380.0,52486.0,,,,,,,,,,43335.69921875,21185.029296875,
68081,1998,1,0,0,0,0,19052.0,164917.0,183969,0.1035609245300293,81.0,80.69659423828125,80.69659423828125,,,,,214.0,,2457.0,52479.0,,,,,,,,,,47070.890625,28894.669921875,
68081,1999,1,0,0,0,0,19150.0,166020.0,185170,0.10341847687959671,81.0,80.69659423828125,80.69659423828125,,,,,220.0,,2506.0,52499.0,,,,,,,,,,63743.08984375,46643.98046875,
68081,2000,1,0,0,0,0,19248.0,167149.0,186397,0.10326346755027771,81.0,80.69659423828125,80.69659423828125,,,,,193.0,,2399.0,50721.0,49.4744758605957,,,,,,,,,97378.524,55986.306,53656256.0
68081,2001,1,0,0,0,0,19327.0,168066.0,187393,0.10313618928194046,81.0,80.69659423828125,80.69659423828125,,,,,175.0,,2252.0,47035.0,49.82441711425781,,,,,,,,,85258.05299999999,51544.43399999999,46211048.0
68081,2002,1,0,0,0,0,19381.0,168861.0,188242,0.10295789688825607,81.0,80.69659423828125,80.69659423828125,,,,,180.0,,2243.0,46866.0,49.22059631347656,,,,,,,,,102261.034,51893.103,67175696.0
68081,2003,1,0,0,0,0,19397.0,169558.0,188955,0.10265406966209412,81.0,80.69659423828125,80.69659423828125,,,,,141.0,,2164.0,46773.0,49.589866638183594,,,,,,,,,131569.448,63098.50399999999,95575656.0
68081,2004,1,0,0,0,0,19345.0,170202.0,189547,0.10205911844968796,81.0,80.69659423828125,80.69659423828125,,,,,170.0,,2066.0,47270.0,49.276119232177734,,,,,,,,,143801.903,67994.93000000001,99895480.0
68081,2005,1,0,0,0,0,19248.0,170821.0,190069,0.10126848518848419,81.0,80.69659423828125,80.69659423828125,22.326224195734426,43.304559999999995,6.37945,11.62623,152.0,586.0,1976.0,44691.0,49.906028747558594,16.69,93.20794814578684,97.55073313782991,51.42212189616253,,82.47582616087557,,,171536.011,92142.379,143015072.0
68081,2006,1,0,0,0,0,19130.0,171415.0,190545,0.10039623081684113,81.0,80.69659423828125,80.69659423828125,,,,,165.0,572.0,2129.0,46137.0,49.8218994140625,16.19,,,,,,,38019.0,203389.571,97600.219,123908640.0
68081,2007,1,0,0,0,0,19018.0,171846.0,190864,0.09964162856340408,81.0,80.69659423828125,80.69659423828125,,,,,163.0,745.0,2142.0,46265.0,49.13871383666992,15.69,,,,,,,38626.0,236903.712,128635.902,170371888.0
68081,2008,1,0,0,0,0,18913.0,172223.0,191136,0.09895048290491104,81.0,80.69659423828125,80.69659423828125,,,,,183.0,631.0,2327.0,49652.0,49.665733337402344,15.19,53.16,54.43,0.0,28.73,49.98,,39395.0,295187.755,159954.06,181852144.0
68081,2009,1,0,0,0,0,18813.0,172521.0,191334,0.09832543879747391,81.0,80.69659423828125,80.69659423828125,,,,,189.0,643.0,2509.0,50400.0,49.77706527709961,14.69,90.93,93.17,51.33,86.5,74.17,,39915.0,273803.05000000005,140541.931,282651168.0
68081,2010,1,0,0,0,0,18720.0,172778.0,191498,0.09775558859109879,81.0,80.69659423828125,80.69659423828125,,,,,195.0,699.0,2410.0,53035.0,50.68138122558594,14.19,83.31,85.02,51.33,79.26,68.4,,41371.0,319321.882,178092.082,257140864.0
68081,2011,1,0,0,0,0,18632.0,172993.0,191625,0.09723157435655594,81.0,80.69659423828125,80.69659423828125,,,,,194.0,715.0,2321.0,47587.0,50.20134735107422,14.19,86.95,88.84,51.33,78.57,71.21,61941.0,42707.0,388862.131,210987.45,
68081,2012,1,0,0,0,0,18551.0,173167.0,191718,0.09676191210746765,81.0,80.69659423828125,80.69659423828125,,,,,199.0,734.0,2493.0,53221.0,50.562889099121094,14.19,100.0,100.0,100.0,68.59,79.67,60223.0,43470.0,379902.303,221555.31100000002,
68081,2013,1,0,0,0,0,18476.0,173288.0,191764,0.09634759277105331,81.0,80.69659423828125,80.69659423828125,,,,,197.0,827.0,2495.0,51128.0,50.408451080322266,13.877918091570429,100.0,100.0,100.0,68.59,76.9,64655.0,44523.0,428029.32999999996,250118.16699999996,
68081,2014,1,0,0,0,0,18407.0,173377.0,191784,0.0959777683019638,81.0,80.69659423828125,80.69659423828125,,,,,202.0,797.0,2246.0,49152.0,51.00494384765625,13.280171572802614,100.0,100.0,100.0,67.77,76.74,79491.0,46259.0,468401.428839,273479.649896,
68081,2015,1,0,0,0,0,18344.0,173424.0,191768,0.09565725177526474,81.0,80.69659423828125,80.69659423828125,,,,,202.0,860.0,2487.0,52495.0,51.182456970214844,14.1579122,100.0,100.0,100.0,94.75,77.3,87059.0,47501.0,517213.46875,266382.375,
68081,2016,1,0,0,0,0,18287.0,173417.0,191704,0.09539185464382172,81.0,80.69659423828125,80.69659423828125,,,,,195.0,737.0,2646.0,48916.0,51.99965286254883,,99.36,99.49,97.05,93.4,76.57,,49002.0,430262.559,252340.308,
68081,2017,1,0,0,0,0,18236.0,173380.0,191616,0.09516950696706772,81.0,80.69659423828125,80.69659423828125,,,,,196.0,718.0,2571.0,49328.0,52.45136260986328,,,,,,,,,448076.21923828125,264195.08740234375,
68081,2018,1,0,0,0,0,26265.0,177272.0,203537,0.1290428787469864,81.0,80.69659423828125,80.69659423828125,11.607079717538667,26.4,3.7,13.7,198.0,695.0,2632.0,49414.0,51.395965576171875,,,,,,,,,552812.7202473399,298221.66655163997,
68081,2019,1,0,0,0,0,26899.0,180595.0,207494,0.1296374797821045,81.0,80.69659423828125,,,,,,200.0,850.0,2730.0,49786.0,51.75920486450195,,,,,,,,,565714.14450851,331224.84611045005,
68081,2020,1,0,0,0,0,26999.0,183730.0,210729,0.12812189757823944,81.0,80.69659423828125,,,,,,200.0,839.0,2622.0,48896.0,51.670745849609375,,,,,,,,,551930.24604273,280452.54683131,
68081,2021,1,0,0,0,0,26924.0,186137.0,213061,0.12636756896972656,81.0,80.69659423828125,,,,,,194.0,824.0,2501.0,48884.0,51.43333435058594,,,,,,,,,572076.139541,301018.4821584,
68081,2022,1,0,0,0,0,26759.0,187930.0,214689,0.12464076280593872,81.0,80.69659423828125,,,,,,195.0,936.0,2546.0,49511.0,52.00118637084961,,,,,,,,,680549.734008,366882.68978240003,
68081,2023,1,0,0,0,0,26581.0,189638.0,216219,0.12293554097414017,81.0,80.69659423828125,,,,,,,,,,,,,,,,,,,827658.728105,431016.9788116,
68307,1993,1,0,0,0,0,14650.0,74322.0,88972,0.1646585464477539,703.0,21.28215217590332,21.28215217590332,23.97128677368164,,,,,,,,,,,,,,,,,3409.0400390625,3409.0400390625,
68307,1994,1,0,0,0,0,15151.0,77736.0,92887,0.16311216354370117,703.0,21.28215217590332,21.28215217590332,,,,,,,,,,,,,,,,,,3438.43994140625,3387.52001953125,
68307,1995,1,0,0,0,0,15665.0,81139.0,96804,0.16182182729244232,703.0,21.28215217590332,21.28215217590332,,,,,,,,,,,,,,,,,,4667.56982421875,4378.759765625,
68307,1996,1,0,0,0,0,16171.0,84554.0,100725,0.16054603457450867,703.0,21.28215217590332,21.28215217590332,,,,,89.0,,769.0,19732.0,,,,,,,,,,6394.60986328125,3129.760009765625,
68307,1997,1,0,0,0,0,16639.0,88004.0,104643,0.15900729596614838,703.0,21.28215217590332,21.28215217590332,,,,,92.0,,796.0,19894.0,,,,,,,,,,9136.9404296875,4872.9501953125,
68307,1998,1,0,0,0,0,17047.0,91499.0,108546,0.15704862773418427,703.0,21.28215217590332,21.28215217590332,,,,,93.0,,820.0,20033.0,,,,,,,,,,11986.1396484375,6023.14990234375,
68307,1999,1,0,0,0,0,17368.0,95058.0,112426,0.1544838398694992,703.0,21.28215217590332,21.28215217590332,,,,,94.0,,818.0,20546.0,,,,,,,,,,13934.419921875,6101.740234375,
68307,2000,1,0,0,0,0,17589.0,98701.0,116290,0.1512511819601059,703.0,21.28215217590332,21.28215217590332,,,,,92.0,,808.0,20500.0,50.37255859375,,,,,,,,,14023.445,7246.198,10144708.0
68307,2001,1,0,0,0,0,17722.0,102420.0,120142,0.14750878512859344,703.0,21.28215217590332,21.28215217590332,,,,,86.0,,850.0,21386.0,49.82631301879883,,,,,,,,,16436.649,9189.529,13800388.0
68307,2002,1,0,0,0,0,17793.0,106213.0,124006,0.14348499476909637,703.0,21.28215217590332,21.28215217590332,,,,,84.0,,879.0,22137.0,50.40657043457031,,,,,,,,,19806.974,9779.812,12459647.0
68307,2003,1,0,0,0,0,17824.0,110074.0,127898,0.13936105370521545,703.0,21.28215217590332,21.28215217590332,,,,,76.0,,1063.0,20455.0,50.78310012817383,,,,,,,,,34783.864,10735.805,30397606.0
68307,2004,1,0,0,0,0,17848.0,113998.0,131846,0.13537004590034485,703.0,21.28215217590332,21.28215217590332,,,,,101.0,,995.0,25855.0,50.34848403930664,,,,,,,,,44159.814,13279.654,36566292.0
68307,2005,1,0,0,0,0,17874.0,117986.0,135860,0.13156190514564514,703.0,21.28215217590332,21.28215217590332,15.370610747204708,45.849180000000004,12.67779,8.049430000000001,103.0,231.0,1025.0,24877.0,50.319923400878906,13.75,86.40225630178037,95.6210866491618,23.185595567867036,,84.96738938833069,,,49078.796,13145.646,53343168.0
68307,2006,1,0,0,0,0,17928.0,122041.0,139969,0.12808550894260406,703.0,21.28215217590332,21.28215217590332,,,,,105.0,213.0,1123.0,23546.0,51.05002975463867,13.34,,,,,,,21648.0,62001.637,16398.634,36867340.0
68307,2007,1,0,0,0,0,17970.0,126160.0,144130,0.12467911094427109,703.0,21.28215217590332,21.28215217590332,,,,,92.0,242.0,1175.0,22439.0,50.437408447265625,12.93,,,,,,,22032.0,66240.12,18480.44,66311408.0
68307,2008,1,0,0,0,0,18023.0,130349.0,148372,0.12147170305252075,703.0,21.28215217590332,21.28215217590332,,,,,96.0,250.0,1185.0,24532.0,51.841552734375,12.51,60.89,76.72,1.64,60.77,60.75,,22424.0,74034.679,22221.687,64479380.0
68307,2009,1,0,0,0,0,18077.0,134592.0,152669,0.11840648949146271,703.0,21.28215217590332,21.28215217590332,,,,,98.0,232.0,1235.0,24238.0,51.41376495361328,12.1,59.65,75.5,1.58,59.53,59.51,,24364.0,86436.209,26161.781,92260112.0
68307,2010,1,0,0,0,0,18158.0,138909.0,157067,0.11560671776533127,703.0,21.28215217590332,21.28215217590332,,,,,101.0,386.0,1249.0,24565.0,51.559940338134766,11.69,57.65,73.82,1.43,57.53,57.55,,24452.0,94122.731,33843.39,88057568.0
68307,2011,1,0,0,0,0,18259.0,143286.0,161545,0.11302732676267624,703.0,21.28215217590332,21.28215217590332,,,,,105.0,302.0,1282.0,27654.0,50.86540222167969,11.577084022317251,54.81,69.89,2.79,54.64,54.69,35973.0,25477.0,100398.048,36719.98899999999,
68307,2012,1,0,0,0,0,18383.0,147732.0,166115,0.11066430062055588,703.0,21.28215217590332,21.28215217590332,,,,,104.0,322.0,1465.0,27090.0,50.33760452270508,10.74937067719854,68.46,80.65,13.77,67.88,65.8,36286.0,26868.0,107877.36499999999,39807.92999999999,
68307,2013,1,0,0,0,0,18533.0,152238.0,170771,0.10852545499801636,703.0,21.28215217590332,21.28215217590332,,,,,104.0,364.0,1288.0,28899.0,50.23582458496094,9.817005406291925,68.02,80.28,13.58,67.44,65.37,38397.0,28339.0,124439.75399999999,49346.011,
68307,2014,1,0,0,0,0,18715.0,156813.0,175528,0.1066211685538292,703.0,21.28215217590332,21.28215217590332,,,,,104.0,319.0,1122.0,28068.0,50.87122344970703,9.06472090707598,68.74,80.15,14.58,63.12,66.07,43841.0,30343.0,134753.70299999998,50772.201,
68307,2015,1,0,0,0,0,18926.0,161451.0,180377,0.10492468625307083,703.0,21.28215217590332,21.28215217590332,,,,,109.0,368.0,1163.0,28431.0,50.307220458984375,9.374523613,,,,,,46244.0,32062.0,157975.921875,53488.53125,
68307,2016,1,0,0,0,0,19165.0,166149.0,185314,0.10341905802488327,703.0,21.28215217590332,21.28215217590332,,,,,105.0,306.0,1355.0,28764.0,50.86164093017578,,73.72,85.97,14.06,68.31,67.26,,36168.0,167155.741,56505.456,
68307,2017,1,0,0,0,0,19433.0,170917.0,190350,0.10209088772535324,703.0,21.28215217590332,21.28215217590332,,,,,102.0,288.0,1342.0,29236.0,50.69354248046875,,,,,,,,,227656.61559521483,89037.73668896484,
68307,2018,1,0,0,0,0,19296.0,141107.0,160403,0.12029699981212616,703.0,21.28215217590332,21.28215217590332,6.575187742451644,16.5,12.5,6.0,102.0,259.0,1361.0,29527.0,50.98256301879883,,,,,,,,,229150.67753876,78821.59453868,
68307,2019,1,0,0,0,0,19479.0,147364.0,166843,0.11675047874450684,703.0,21.28215217590332,,,,,,102.0,326.0,1418.0,30139.0,51.3974723815918,,,,,,,,,252372.67215812998,81567.83862631001,
68307,2020,1,0,0,0,0,19322.0,152582.0,171904,0.11239994317293167,703.0,21.28215217590332,,,,,,102.0,364.0,1444.0,30288.0,51.598175048828125,,,,,,,,,251619.16107299004,79923.52493355,
68307,2021,1,0,0,0,0,19261.0,154580.0,173841,0.11079664528369904,703.0,21.28215217590332,,,,,,95.0,389.0,1408.0,30579.0,51.847774505615234,,,,,,,,,305390.17297699995,91559.33467199998,
68307,2022,1,0,0,0,0,19143.0,156027.0,175170,0.10928241163492203,703.0,21.28215217590332,,,,,,89.0,457.0,1443.0,31390.0,53.18989562988281,,,,,,,,,298687.263187,107654.783967,
68307,2023,1,0,0,0,0,19015.0,157403.0,176418,0.10778378695249557,703.0,21.28215217590332,,,,,,,,,,,,,,,,,,,350698.219084,122222.8453188,
68406,1993,1,0,0,0,0,17078.0,10036.0,27114,0.6298590898513794,1013.0,22.483993530273438,22.483993530273438,36.80748748779297,,,,,,,,,,,,,,,,,1083.0,1025.5899658203125,
68406,1994,1,0,0,0,0,17096.0,10322.0,27418,0.6235319972038269,1013.0,22.483993530273438,22.483993530273438,,,,,,,,,,,,,,,,,,1202.93994140625,1202.93994140625,
68406,1995,1,0,0,0,0,17077.0,10596.0,27673,0.6170997023582458,1013.0,22.483993530273438,22.483993530273438,,,,,,,,,,,,,,,,,,1462.0999755859375,1462.0999755859375,
68406,1996,1,0,0,0,0,17028.0,10857.0,27885,0.610650897026062,1013.0,22.483993530273438,22.483993530273438,,,,,66.0,,243.0,5634.0,,,,,,,,,,0.0,0.0,
68406,1997,1,0,0,0,0,16965.0,11119.0,28084,0.6040806174278259,1013.0,22.483993530273438,22.483993530273438,,,,,66.0,,253.0,5836.0,,,,,,,,,,5178.0400390625,1426.0899658203125,
68406,1998,1,0,0,0,0,16897.0,11388.0,28285,0.5973837971687317,1013.0,22.483993530273438,22.483993530273438,,,,,67.0,,257.0,5869.0,,,,,,,,,,1375.8499755859375,1292.449951171875,
68406,1999,1,0,0,0,0,16840.0,11671.0,28511,0.5906492471694946,1013.0,22.483993530273438,22.483993530273438,,,,,66.0,,255.0,6141.0,,,,,,,,,,4006.75,1885.27001953125,
68406,2000,1,0,0,0,0,16803.0,11980.0,28783,0.5837820768356323,1013.0,22.483993530273438,22.483993530273438,,,,,63.0,,261.0,6271.0,51.139259338378906,,,,,,,,,3513.361,1459.658,2399944.0
68406,2001,1,0,0,0,0,16793.0,12304.0,29097,0.5771385431289673,1013.0,22.483993530273438,22.483993530273438,,,,,61.0,,264.0,6399.0,49.00878143310547,,,,,,,,,4862.725,2093.214,2475853.0
68406,2002,1,0,0,0,0,16810.0,12650.0,29460,0.5706042051315308,1013.0,22.483993530273438,22.483993530273438,,,,,62.0,,285.0,6583.0,49.83577346801758,,,,,,,,,5663.25,2247.889,3753347.0
68406,2003,1,0,0,0,0,16859.0,13027.0,29886,0.564110279083252,1013.0,22.483993530273438,22.483993530273438,,,,,19.0,,249.0,4893.0,49.6316032409668,,,,,,,,,5990.085,2292.576,4781456.0
68406,2004,1,0,0,0,0,16947.0,13441.0,30388,0.5576872229576111,1013.0,22.483993530273438,22.483993530273438,,,,,62.0,,319.0,6940.0,49.841033935546875,,,,,,,,,6824.880000000001,2244.244,4707151.0
68406,2005,1,0,0,0,0,17082.0,13898.0,30980,0.5513879656791687,1013.0,22.483993530273438,22.483993530273438,25.99176497849671,60.61137,42.85606,17.94881,63.0,61.0,322.0,7004.0,49.08235168457031,14.5,61.86947848389855,93.30516737081574,37.32555189038315,,48.019378740381875,,,7171.34432,2731.27152,5809479.0
68406,2006,1,0,0,0,0,17269.0,14396.0,31665,0.545365571975708,1013.0,22.483993530273438,22.483993530273438,,,,,66.0,60.0,331.0,7112.0,49.79316329956055,14.07,,,,,,,2583.0,7609.832208,3487.521208,4591304.0
68406,2007,1,0,0,0,0,17481.0,14891.0,32372,0.5400037169456482,1013.0,22.483993530273438,22.483993530273438,,,,,63.0,39.0,192.0,2931.0,49.444942474365234,13.63,,,,,,,2667.0,8558.176,3307.111,5916471.0
68406,2008,1,0,0,0,0,17727.0,15383.0,33110,0.5353971719741821,1013.0,22.483993530273438,22.483993530273438,,,,,65.0,66.0,318.0,7176.0,49.560585021972656,13.2,100.0,100.0,100.0,100.0,100.0,,2737.0,9819.176,3281.6,7104318.0
68406,2009,1,0,0,0,0,17973.0,15871.0,33844,0.5310542583465576,1013.0,22.483993530273438,22.483993530273438,,,,,65.0,66.0,335.0,7497.0,48.88591003417969,12.76,100.0,100.0,100.0,100.0,100.0,,2837.0,12130.954,5064.362999999999,10507157.0
68406,2010,1,0,0,0,0,18233.0,16357.0,34590,0.5271176695823669,1013.0,22.483993530273438,22.483993530273438,,,,,66.0,66.0,355.0,7516.0,49.486671447753906,12.33,32.2,63.89,11.01,25.67,25.46,,2913.0,14090.406880000002,5342.760080000001,14990208.0
68406,2011,1,0,0,0,0,18516.0,16840.0,35356,0.5237017869949341,1013.0,22.483993530273438,22.483993530273438,,,,,67.0,74.0,374.0,7587.0,50.1702766418457,12.101246149327773,43.98,97.33,7.67,39.41,38.45,7842.0,2982.0,14502.212,6114.757,
68406,2012,1,0,0,0,0,18817.0,17321.0,36138,0.5206984281539917,1013.0,22.483993530273438,22.483993530273438,,,,,67.0,70.0,400.0,7573.0,50.26362609863281,12.004443986981975,30.49,59.99,10.71,24.02,24.04,8128.0,3322.0,17752.119,6423.941,
68406,2013,1,0,0,0,0,19127.0,17799.0,36926,0.5179818868637085,1013.0,22.483993530273438,22.483993530273438,,,,,66.0,218.0,399.0,7907.0,49.87123107910156,12.004443986981975,32.16,62.33,10.67,25.96,25.89,8471.0,3427.0,25540.922,8065.801,
68406,2014,1,0,0,0,0,19463.0,18276.0,37739,0.5157264471054077,1013.0,22.483993530273438,22.483993530273438,,,,,66.0,73.0,374.0,6356.0,50.339595794677734,11.03632257862294,35.92,66.22,0.35,35.92,35.92,10491.0,3564.0,27748.282,10183.35,
68406,2015,1,0,0,0,0,19813.0,18747.0,38560,0.513822615146637,1013.0,22.483993530273438,22.483993530273438,,,,,66.0,74.0,375.0,6177.0,50.309120178222656,10.24045551,35.92,66.22,0.35,35.92,35.92,11358.0,3927.0,21412.310546875,12416.2724609375,
68406,2016,1,0,0,0,0,20181.0,19217.0,39398,0.5122341513633728,1013.0,22.483993530273438,22.483993530273438,,,,,68.0,67.0,407.0,6129.0,51.97246170043945,,35.81,66.31,0.0,35.81,35.81,,4809.0,31588.714,13781.771,
68406,2017,1,0,0,0,0,20569.0,19683.0,40252,0.5110056400299072,1013.0,22.483993530273438,22.483993530273438,,,,,68.0,79.0,424.0,6314.0,51.08256912231445,,,,,,,,,43613.26254683496,18644.811950683594,
68406,2018,1,0,0,0,0,19103.0,22732.0,41835,0.45662721991539,1013.0,22.483993530273438,22.483993530273438,9.817056766209308,27.0,17.3,8.1,68.0,72.0,418.0,6357.0,50.556922912597656,,,,,,,,,43562.77353147001,16892.092029490002,
68406,2019,1,0,0,0,0,19320.0,23825.0,43145,0.44779232144355774,1013.0,22.483993530273438,,,,,,68.0,80.0,418.0,6055.0,51.23894500732422,,,,,,,,,47329.4233561,22125.58353283,
68406,2020,1,0,0,0,0,19468.0,24701.0,44169,0.44076162576675415,1013.0,22.483993530273438,,,,,,68.0,78.0,392.0,6721.0,50.7842903137207,,,,,,,,,51853.78707028,22866.70550226,
68406,2021,1,0,0,0,0,19410.0,25257.0,44667,0.4345490038394928,1013.0,22.483993530273438,,,,,,65.0,93.0,407.0,6413.0,50.63723373413086,,,,,,,,,55747.02574499999,25088.340257599997,
68406,2022,1,0,0,0,0,19291.0,25717.0,45008,0.42861267924308777,1013.0,22.483993530273438,,,,,,64.0,90.0,461.0,6395.0,50.46986770629883,,,,,,,,,63791.87147700001,29177.587476700002,
68406,2023,1,0,0,0,0,19163.0,26166.0,45329,0.42275363206863403,1013.0,22.483993530273438,,,,,,,,,,,,,,,,,,,79376.57181,35209.8703363,
68615,1993,1,0,0,0,0,31323.0,5562.0,36885,0.8492069840431213,655.0,52.882511138916016,52.882511138916016,52.88602828979492,,,,,,,,,,,,,,,,,1150.5899658203125,1150.5899658203125,
68615,1994,1,0,0,0,0,31174.0,5637.0,36811,0.8468664288520813,655.0,52.882511138916016,52.882511138916016,,,,,,,,,,,,,,,,,,1441.6400146484375,1441.6400146484375,
68615,1995,1,0,0,0,0,30754.0,5702.0,36456,0.8435922861099243,655.0,52.882511138916016,52.882511138916016,,,,,,,,,,,,,,,,,,2879.330078125,2879.330078125,
68615,1996,1,0,0,0,0,30116.0,5754.0,35870,0.839587390422821,655.0,52.882511138916016,52.882511138916016,,,,,101.0,,326.0,6526.0,,,,,,,,,,0.0,0.0,
68615,1997,1,0,0,0,0,29322.0,5800.0,35122,0.8348613381385803,655.0,52.882511138916016,52.882511138916016,,,,,106.0,,330.0,6849.0,,,,,,,,,,0.0,0.0,
68615,1998,1,0,0,0,0,28428.0,5844.0,34272,0.8294817805290222,655.0,52.882511138916016,52.882511138916016,,,,,106.0,,343.0,6985.0,,,,,,,,,,5974.97021484375,1354.97998046875,
68615,1999,1,0,0,0,0,27491.0,5887.0,33378,0.8236263394355774,655.0,52.882511138916016,52.882511138916016,,,,,105.0,,327.0,6883.0,,,,,,,,,,7286.56982421875,1612.719970703125,
68615,2000,1,0,0,0,0,26566.0,5935.0,32501,0.8173902630805969,655.0,52.882511138916016,52.882511138916016,,,,,109.0,,341.0,7327.0,48.23752975463867,,,,,,,,,8228.507000000001,1419.68,4432580.0
68615,2001,1,0,0,0,0,25681.0,5980.0,31661,0.8111240863800049,655.0,52.882511138916016,52.882511138916016,,,,,102.0,,322.0,6770.0,47.34392166137695,,,,,,,,,7665.232000000001,1584.457,6163285.0
68615,2002,1,0,0,0,0,24902.0,6024.0,30926,0.8052124381065369,655.0,52.882511138916016,52.882511138916016,,,,,101.0,,318.0,7198.0,48.13031005859375,,,,,,,,,9263.403,2008.154,7374892.0
68615,2003,1,0,0,0,0,24232.0,6066.0,30298,0.799788773059845,655.0,52.882511138916016,52.882511138916016,,,,,26.0,,309.0,6172.0,48.45153045654297,,,,,,,,,8763.963,1588.832,8519355.0
68615,2004,1,0,0,0,0,23674.0,6108.0,29782,0.794909656047821,655.0,52.882511138916016,52.882511138916016,,,,,96.0,,296.0,7304.0,48.85306930541992,,,,,,,,,9287.129,1840.866,7562285.0
68615,2005,1,0,0,0,0,23230.0,6152.0,29382,0.7906200885772705,655.0,52.882511138916016,52.882511138916016,39.30604712497657,71.60813999999999,56.43258,25.16495,98.0,54.0,318.0,8006.0,49.06780242919922,16.37,54.55875182837641,98.82537196554424,42.96554552912223,,40.46806435884934,,,10557.517,1997.016,7477137.0
68615,2006,1,0,0,0,0,22893.0,6229.0,29122,0.7861067056655884,655.0,52.882511138916016,52.882511138916016,,,,,99.0,35.0,351.0,7973.0,48.622676849365234,16.37,,,,,,,,10822.068693,2601.598693,7493151.0
68615,2007,1,0,0,0,0,22597.0,6303.0,28900,0.781903088092804,655.0,52.882511138916016,52.882511138916016,,,,,,35.0,356.0,7339.0,48.527034759521484,16.37,,,,,,,,16034.21,2636.574,14746151.0
68615,2008,1,0,0,0,0,22300.0,6373.0,28673,0.77773517370224,655.0,52.882511138916016,52.882511138916016,,,,,96.0,41.0,301.0,6543.0,49.4087028503418,16.37,33.61,100.0,0.17,47.33,33.61,,,16201.593,3027.128000000001,14909069.0
68615,2009,1,0,0,0,0,22005.0,6439.0,28444,0.773625373840332,655.0,52.882511138916016,52.882511138916016,,,,,98.0,37.0,309.0,6346.0,48.03594207763672,16.37,42.76,100.0,0.0,42.76,42.76,,,16453.318000000003,4070.094,16916936.0
68615,2010,1,0,0,0,0,21718.0,6501.0,28219,0.7696232795715332,655.0,52.882511138916016,52.882511138916016,,,,,99.0,35.0,302.0,6368.0,48.2722282409668,16.37,41.61,100.0,0.0,41.61,41.61,,,18980.701,4464.522999999999,17055464.0
68615,2011,1,0,0,0,0,21429.0,6560.0,27989,0.7656221985816956,655.0,52.882511138916016,52.882511138916016,,,,,100.0,34.0,307.0,5859.0,48.99954605102539,16.37,33.61,100.0,21.99,14.89,14.89,6193.0,,22187.677,4572.356,
68615,2012,1,0,0,0,0,21159.0,6616.0,27775,0.7618001699447632,655.0,52.882511138916016,52.882511138916016,,,,,100.0,35.0,288.0,5632.0,48.22174072265625,15.591706333180454,45.69,100.0,0.0,100.0,45.69,7655.0,957.0,19449.826,4476.651,
68615,2013,1,0,0,0,0,20883.0,6668.0,27551,0.7579761147499084,655.0,52.882511138916016,52.882511138916016,,,,,99.0,38.0,291.0,5920.0,47.75505828857422,15.591706333180454,47.63,100.0,6.9,96.12,43.75,8780.0,1094.0,29164.315000000002,4651.072,
68615,2014,1,0,0,0,0,20615.0,6715.0,27330,0.7542992830276489,655.0,52.882511138916016,52.882511138916016,,,,,99.0,40.0,285.0,3772.0,48.23335266113281,14.03253569986245,43.99,100.0,0.0,100.0,43.99,8258.0,1103.0,26280.75,5737.392,
68615,2015,1,0,0,0,0,20355.0,6759.0,27114,0.7507191896438599,655.0,52.882511138916016,52.882511138916016,,,,,99.0,39.0,281.0,3329.0,47.18106460571289,14.23338686,44.27,100.0,0.0,100.0,44.27,8614.0,1106.0,23951.177734375,6523.56591796875,
68615,2016,1,0,0,0,0,20096.0,6800.0,26896,0.7471743226051331,655.0,52.882511138916016,52.882511138916016,,,,,99.0,43.0,321.0,3820.0,48.62778854370117,,44.76,100.0,0.0,100.0,44.76,,1135.0,17638.922,5925.406999999999,
68615,2017,1,0,0,0,0,19844.0,6836.0,26680,0.7437781095504761,655.0,52.882511138916016,52.882511138916016,,,,,100.0,40.0,301.0,3868.0,48.16117858886719,,,,,,,,,22136.58589760474,6239.661396026611,
68615,2018,1,0,0,0,0,20100.0,6338.0,26438,0.760269284248352,655.0,52.882511138916016,52.882511138916016,16.244600324971266,37.8,31.0,18.0,100.0,42.0,306.0,3798.0,48.773094177246094,,,,,,,,,20772.798939930002,6074.06196191,
68615,2019,1,0,0,0,0,20260.0,6486.0,26746,0.7574964761734009,655.0,52.882511138916016,,,,,,100.0,45.0,332.0,3655.0,49.1610221862793,,,,,,,,,29072.15578234,8339.61575316,
68615,2020,1,0,0,0,0,20440.0,6622.0,27062,0.7553026676177979,655.0,52.882511138916016,,,,,,100.0,39.0,314.0,3624.0,48.75129318237305,,,,,,,,,30182.36598184,8000.809060309999,
68615,2021,1,0,0,0,0,20379.0,6982.0,27361,0.7448192834854126,655.0,52.882511138916016,,,,,,98.0,42.0,328.0,3548.0,48.45639419555664,,,,,,,,,35817.178202,8442.488607,
68615,2022,1,0,0,0,0,20254.0,7317.0,27571,0.7346124649047852,655.0,52.882511138916016,,,,,,99.0,48.0,319.0,4054.0,48.18931198120117,,,,,,,,,38586.648625,9982.36020805,
68615,2023,1,0,0,0,0,20120.0,7647.0,27767,0.724601149559021,655.0,52.882511138916016,,,,,,,,,,,,,,,,,,,49838.35005,9692.77216085,
68705,1993,1,0,0,0,0,2240.0,199.0,2439,0.9184091687202454,1900.0,29.50254249572754,29.50254249572754,62.93418502807617,,,,,,,,,,,,,,,,,103.22000122070312,103.22000122070312,
68705,1994,1,0,0,0,0,2228.0,208.0,2436,0.9146141409873962,1900.0,29.50254249572754,29.50254249572754,,,,,,,,,,,,,,,,,,132.74000549316406,132.74000549316406,
68705,1995,1,0,0,0,0,2213.0,219.0,2432,0.9099506735801697,1900.0,29.50254249572754,29.50254249572754,,,,,,,,,,,,,,,,,,174.2100067138672,174.2100067138672,
68705,1996,1,0,0,0,0,2192.0,232.0,2424,0.9042904376983643,1900.0,29.50254249572754,29.50254249572754,,,,,13.0,,36.0,427.0,,,,,,,,,,0.0,0.0,
68705,1997,1,0,0,0,0,2170.0,247.0,2417,0.8978071808815002,1900.0,29.50254249572754,29.50254249572754,,,,,13.0,,34.0,433.0,,,,,,,,,,0.0,0.0,
68705,1998,1,0,0,0,0,2144.0,262.0,2406,0.891105592250824,1900.0,29.50254249572754,29.50254249572754,,,,,13.0,,35.0,430.0,,,,,,,,,,764.9299926757812,146.64999389648438,
68705,1999,1,0,0,0,0,2119.0,279.0,2398,0.8836530447006226,1900.0,29.50254249572754,29.50254249572754,,,,,13.0,,34.0,443.0,,,,,,,,,,0.0,0.0,
68705,2000,1,0,0,0,0,2093.0,295.0,2388,0.8764656782150269,1900.0,29.50254249572754,29.50254249572754,,,,,13.0,,33.0,448.0,48.615081787109375,,,,,,,,,0.0,0.0,
68705,2001,1,0,0,0,0,2066.0,311.0,2377,0.8691627979278564,1900.0,29.50254249572754,29.50254249572754,,,,,13.0,,30.0,448.0,48.238521575927734,,,,,,,,,1062.081,172.981,668466.0
68705,2002,1,0,0,0,0,2038.0,326.0,2364,0.8620981574058533,1900.0,29.50254249572754,29.50254249572754,,,,,13.0,,28.0,462.0,51.6793212890625,,,,,,,,,1309.372,276.11,3276959.0
68705,2003,1,0,0,0,0,2010.0,339.0,2349,0.8556832671165466,1900.0,29.50254249572754,29.50254249572754,,,,,4.0,,28.0,436.0,50.61225891113281,,,,,,,,,1459.07,475.452,1316259.0
68705,2004,1,0,0,0,0,1980.0,351.0,2331,0.8494208455085754,1900.0,29.50254249572754,29.50254249572754,,,,,12.0,,26.0,482.0,50.90650177001953,,,,,,,,,1773.82,536.418,1337141.0
68705,2005,1,0,0,0,0,1951.0,360.0,2311,0.8442232608795166,1900.0,29.50254249572754,29.50254249572754,39.05109489051095,71.39599,51.94585000000001,33.502539999999996,13.0,7.0,22.0,497.0,51.32548141479492,23.09,51.57342657342657,98.96907216494846,41.89473684210526,,25.0,,,2079.74,687.3430000000001,1814876.0
68705,2006,1,0,0,0,0,1922.0,367.0,2289,0.8396679759025574,1900.0,29.50254249572754,29.50254249572754,,,,,13.0,8.0,25.0,470.0,50.33073043823242,22.4,,,,,,,,2278.978908,817.433908,1754750.0
68705,2007,1,0,0,0,0,1896.0,375.0,2271,0.8348745107650757,1900.0,29.50254249572754,29.50254249572754,,,,,,8.0,25.0,406.0,51.421016693115234,21.71,,,,,,,,1876.285,490.869,1453423.0
68705,2008,1,0,0,0,0,1872.0,381.0,2253,0.8308921456336975,1900.0,29.50254249572754,29.50254249572754,,,,,13.0,5.0,25.0,464.0,52.65724182128906,21.01,11.34,83.33,0.59,10.83,10.06,,,2139.74019,548.56819,1451027.0
68705,2009,1,0,0,0,0,1844.0,385.0,2229,0.8272768259048462,1900.0,29.50254249572754,29.50254249572754,,,,,13.0,7.0,31.0,487.0,50.99631118774414,20.32,11.34,83.33,0.59,10.83,10.06,,,2877.4449999999997,818.1399999999999,2398047.0
68705,2010,1,0,0,0,0,1826.0,391.0,2217,0.8236355185508728,1900.0,29.50254249572754,29.50254249572754,,,,,13.0,5.0,27.0,463.0,52.00191879272461,19.63,11.38,83.5,0.58,10.87,10.11,,,2534.68,873.6419999999999,2062660.0
68705,2011,1,0,0,0,0,1805.0,394.0,2199,0.8208276629447937,1900.0,29.50254249572754,29.50254249572754,,,,,13.0,5.0,28.0,430.0,48.13792037963867,18.15137212290286,11.74,81.9,1.02,11.36,10.35,587.0,,2827.467,997.7309999999999,
68705,2012,1,0,0,0,0,1788.0,398.0,2186,0.8179323077201843,1900.0,29.50254249572754,29.50254249572754,,,,,13.0,3.0,28.0,476.0,47.54536056518555,18.15137212290286,11.4,83.81,0.43,11.4,11.4,590.0,,3231.318,1235.765,
68705,2013,1,0,0,0,0,1763.0,400.0,2163,0.8150716423988342,1900.0,29.50254249572754,29.50254249572754,,,,,13.0,3.0,30.0,484.0,47.85221481323242,16.336234910612575,13.22,100.0,0.43,13.22,13.22,729.0,,4255.309,1262.411,
68705,2014,1,0,0,0,0,1745.0,401.0,2146,0.8131407499313354,1900.0,29.50254249572754,29.50254249572754,,,,,13.0,3.0,30.0,204.0,47.024879455566406,14.702611419551317,12.55,100.0,0.0,12.55,12.55,749.0,,6017.33,1474.7580000000003,
68705,2015,1,0,0,0,0,1733.0,404.0,2137,0.8109499216079712,1900.0,29.50254249572754,29.50254249572754,,,,,13.0,4.0,31.0,210.0,48.53131866455078,13.44082748,12.5,100.0,0.0,12.5,12.5,793.0,,6241.796875,1636.58898925781,
68705,2016,1,0,0,0,0,1717.0,405.0,2122,0.8091422915458679,1900.0,29.50254249572754,29.50254249572754,,,,,13.0,4.0,34.0,195.0,47.852874755859375,,10.33,87.0,0.0,10.33,10.33,,,4260.3460000000005,1389.053,
68705,2017,1,0,0,0,0,1695.0,405.0,2100,0.8071428537368774,1900.0,29.50254249572754,29.50254249572754,,,,,13.0,4.0,33.0,178.0,45.81843566894531,,,,,,,,,6689.714911782593,1577.2154293060303,
68705,2018,1,0,0,0,0,2136.0,265.0,2401,0.8896293044090271,1900.0,29.50254249572754,29.50254249572754,16.39124609200536,53.8,71.3,22.4,13.0,4.0,30.0,179.0,47.98802185058594,,,,,,,,,5471.35463455,1613.32832375,
68705,2019,1,0,0,0,0,2152.0,273.0,2425,0.8874226808547974,1900.0,29.50254249572754,,,,,,13.0,4.0,30.0,175.0,51.35887145996094,,,,,,,,,5401.0598057199995,1687.8622199899999,
68705,2020,1,0,0,0,0,2168.0,280.0,2448,0.8856208920478821,1900.0,29.50254249572754,,,,,,13.0,4.0,31.0,212.0,48.53791809082031,,,,,,,,,4930.57002961,1464.1792642599999,
68705,2021,1,0,0,0,0,2162.0,313.0,2475,0.8735353350639343,1900.0,29.50254249572754,,,,,,13.0,4.0,30.0,203.0,47.68986892700195,,,,,,,,,7506.700513,2011.6260319500002,
68705,2022,1,0,0,0,0,2148.0,346.0,2494,0.8612670302391052,1900.0,29.50254249572754,,,,,,13.0,3.0,30.0,184.0,52.809776306152344,,,,,,,,,7504.97544,1936.9147065,
68705,2023,1,0,0,0,0,2134.0,378.0,2512,0.8495222926139832,1900.0,29.50254249572754,,,,,,,,,,,,,,,,,,,12210.809597,2913.2059116,
70001,1993,0,1,0,0,0,16096.0,168403.0,184499,0.08724166452884674,213.0,0.0,197.7003173828125,45.83842468261719,,,,,,,,,,,,,,,,,4499.740234375,4499.740234375,
70001,1994,0,1,0,0,0,16428.0,173566.0,189994,0.08646588772535324,213.0,0.0,197.7003173828125,,,,,,,,,,,,,,,,,,4724.72021484375,3914.93994140625,
70001,1995,0,1,0,0,0,16807.0,178655.0,195462,0.08598602563142776,213.0,0.0,197.7003173828125,,,,,,,,,,,,,,,,,,8310.8896484375,5602.89013671875,
70001,1996,0,1,0,0,0,17196.0,183627.0,200823,0.08562764525413513,213.0,0.0,197.7003173828125,,,,,193.0,,2458.0,60177.0,,,,,,,,,,13905.8896484375,3516.72998046875,
70001,1997,0,1,0,0,0,17555.0,188410.0,205965,0.0852329283952713,213.0,0.0,197.7003173828125,,,,,201.0,,2601.0,64821.0,,,,,,,,,,13541.6103515625,3423.02001953125,
70001,1998,0,1,0,0,0,17851.0,192950.0,210801,0.08468176424503326,213.0,0.0,197.7003173828125,,,,,207.0,,2845.0,68715.0,,,,,,,,,,0.0,0.0,
70001,1999,0,1,0,0,0,18057.0,197193.0,215250,0.08388850092887878,213.0,0.0,197.7003173828125,,,,,196.0,,2824.0,65648.0,,,,,,,,,,16806.140625,5030.8798828125,
70001,2000,0,1,0,0,0,18155.0,201150.0,219305,0.0827842503786087,213.0,0.0,197.7003173828125,,,,,197.0,,2797.0,65362.0,49.70846176147461,,,,,,,,,25041.418,5308.218,23461846.0
70001,2001,0,1,0,0,0,18160.0,204876.0,223036,0.08142182976007462,213.0,0.0,197.7003173828125,,,,,195.0,,2784.0,63707.0,50.541690826416016,,,,,,,,,33372.537,5934.450000000001,20319316.0
70001,2002,0,1,0,0,0,18125.0,208532.0,226657,0.07996664196252823,213.0,0.0,197.7003173828125,,,,,194.0,,2829.0,66974.0,50.07573318481445,,,,,,,,,45401.24800000001,9416.914,34087648.0
70001,2003,0,1,0,0,0,18076.0,212182.0,230258,0.07850324362516403,213.0,0.0,197.7003173828125,,,,,155.0,,2934.0,80647.0,50.19309997558594,,,,,,,,,69456.225,11154.45,62661724.0
70001,2004,0,1,0,0,0,18030.0,215898.0,233928,0.07707499712705612,213.0,0.0,197.7003173828125,,,,,176.0,,2709.0,70136.0,49.804229736328125,,,,,,,,,95767.721,17233.311,89857016.0
70001,2005,0,1,0,0,0,17984.0,219655.0,237639,0.07567781209945679,213.0,0.0,197.7003173828125,42.01980660304136,54.52506,21.8665,14.08172,173.0,1009.0,2899.0,68945.0,50.174407958984375,19.69,79.87733762316509,84.40020930536781,26.190476190476193,,83.97345666599638,,,110532.109,20118.972,105468624.0
70001,2006,0,1,0,0,0,17932.0,223431.0,241363,0.07429473102092743,213.0,0.0,197.7003173828125,,,,,176.0,1043.0,3005.0,67269.0,50.21678924560547,19.47,,,,,,,45930.0,130089.536281,25311.830281,111310224.0
70001,2007,0,1,0,0,0,17888.0,227202.0,245090,0.07298543304204941,213.0,0.0,197.7003173828125,,,,,166.0,1213.0,2752.0,65500.0,49.43534469604492,19.25,,,,,,,48550.0,143089.939,25378.825,128307616.0
70001,2008,0,1,0,0,0,17841.0,230953.0,248794,0.07170993089675903,213.0,0.0,197.7003173828125,,,,,171.0,1149.0,2821.0,66669.0,49.36711883544922,19.03,0.0,0.0,0.0,0.0,0.0,,4464.0,173700.715,30038.231,174062816.0
70001,2009,0,1,0,0,0,17798.0,234727.0,252525,0.07048015296459198,213.0,0.0,197.7003173828125,,,,,170.0,1087.0,2826.0,63609.0,50.06712341308594,18.81,50.83,54.55,15.93,19.76,50.31,,52286.0,230555.72499999998,35194.009,240468752.0
70001,2010,0,1,0,0,0,17756.0,238499.0,256255,0.06929035484790802,213.0,0.0,197.7003173828125,,,,,171.0,1113.0,2876.0,62509.0,50.36331558227539,18.59,47.23,50.76,14.35,11.86,45.19,,54313.0,261993.527,41116.07,248177776.0
70001,2011,0,1,0,0,0,17715.0,242295.0,260010,0.06813199818134308,213.0,0.0,197.7003173828125,,,,,167.0,1033.0,2830.0,62046.0,49.957515716552734,18.59,46.4,50.12,13.38,11.84,44.84,62099.0,56488.0,266849.772,46191.917,
70001,2012,0,1,0,0,0,17673.0,246103.0,263776,0.06700003147125244,213.0,0.0,197.7003173828125,,,,,164.0,1074.0,2878.0,67194.0,50.790889739990234,17.136321726595035,32.59,34.81,13.11,11.73,31.54,61315.0,59099.0,297904.531855,48113.48443999999,
70001,2013,0,1,0,0,0,17633.0,249938.0,267571,0.06590026617050171,213.0,0.0,197.7003173828125,,,,,169.0,1055.0,2860.0,66234.0,50.31196594238281,16.071968291951052,42.88,44.25,31.24,18.19,40.13,63181.0,61458.0,356205.217162,53206.115822,
70001,2014,0,1,0,0,0,17594.0,253781.0,271375,0.06483279913663864,213.0,0.0,197.7003173828125,,,,,171.0,776.0,2595.0,61078.0,50.533084869384766,14.93510436390968,42.7,44.01,31.36,22.63,39.61,63181.0,61334.0,411729.28614400007,61973.58999200001,
70001,2015,0,1,0,0,0,17555.0,257652.0,275207,0.06378834694623947,213.0,0.0,197.7003173828125,,,,,175.0,829.0,2926.0,64154.0,50.09519958496094,14.46830409,,,,,,63181.0,63631.0,412852.21875,69971.0703125,
70001,2016,0,1,0,0,0,17521.0,261510.0,279031,0.06279230862855911,213.0,0.0,197.7003173828125,,,,,179.0,790.0,3150.0,64587.0,51.60114288330078,,67.24,74.41,16.73,35.5,62.68,,67885.0,498407.82743999996,83568.1387,
70001,2017,0,1,0,0,0,17484.0,265384.0,282868,0.06180974841117859,213.0,0.0,197.7003173828125,,,,,169.0,802.0,3228.0,64261.0,51.79756546020508,,,,,,,,,492871.54048189695,92783.44193267822,
70001,2018,0,1,0,0,0,28450.0,249323.0,277773,0.10242176055908203,213.0,0.0,197.7003173828125,18.84417604538384,30.4,8.4,7.8,170.0,784.0,3066.0,65246.0,50.60116195678711,,,,,,,,,522112.60722696,107833.30900563,
70001,2019,0,1,0,0,0,31678.0,254957.0,286635,0.11051686108112335,213.0,0.0,,,,,,170.0,850.0,3162.0,66265.0,50.871551513671875,,,,,,,,,576021.98166374,123546.0504961,
70001,2020,0,1,0,0,0,34516.0,259435.0,293951,0.11742093414068222,213.0,0.0,,,,,,169.0,842.0,3121.0,65357.0,50.80615997314453,,,,,,,,,558918.43125372,104411.82471483,
70001,2021,0,1,0,0,0,35287.0,262775.0,298062,0.11838812381029129,213.0,0.0,,,,,,165.0,824.0,2980.0,64450.0,49.948848724365234,,,,,,,,,606179.523929,115023.992822,
70001,2022,0,1,0,0,0,35936.0,265190.0,301126,0.1193387508392334,213.0,0.0,,,,,,163.0,896.0,3115.0,65465.0,50.37615203857422,,,,,,,,,661103.170962,140317.181716,
70001,2023,0,1,0,0,0,36558.0,267468.0,304026,0.1202462911605835,213.0,0.0,,,,,,,,,,,,,,,,,,,780256.802035,161933.583013,
70215,1993,0,1,0,0,0,15660.0,34594.0,50254,0.311616986989975,150.0,24.153392791748047,204.5939483642578,51.12727355957031,,,,,,,,,,,,,,,,,1875.77001953125,1740.31005859375,
70215,1994,0,1,0,0,0,15869.0,35135.0,51004,0.3111324608325958,150.0,24.153392791748047,204.5939483642578,,,,,,,,,,,,,,,,,,1453.18994140625,1453.18994140625,
70215,1995,0,1,0,0,0,16171.0,35625.0,51796,0.31220558285713196,150.0,24.153392791748047,204.5939483642578,,,,,,,,,,,,,,,,,,1735.989990234375,1735.989990234375,
70215,1996,0,1,0,0,0,16532.0,36032.0,52564,0.31451183557510376,150.0,24.153392791748047,204.5939483642578,,,,,65.0,,731.0,17294.0,,,,,,,,,,878.0999755859375,816.9099731445312,
70215,1997,0,1,0,0,0,16929.0,36515.0,53444,0.31676146388053894,150.0,24.153392791748047,204.5939483642578,,,,,68.0,,820.0,19402.0,,,,,,,,,,7618.14013671875,1175.4200439453125,
70215,1998,0,1,0,0,0,11400.0,37136.0,48536,0.23487719893455505,150.0,24.153392791748047,204.5939483642578,,,,,69.0,,846.0,20096.0,,,,,,,,,,6332.5,1114.0699462890625,
70215,1999,0,1,0,0,0,11683.0,37983.0,49666,0.23523133993148804,150.0,24.153392791748047,204.5939483642578,,,,,71.0,,863.0,19919.0,,,,,,,,,,7796.39990234375,2083.89990234375,
70215,2000,0,1,0,0,0,11938.0,39144.0,51082,0.2337026745080948,150.0,24.153392791748047,204.5939483642578,,,,,71.0,,839.0,19690.0,50.86133575439453,,,,,,,,,7089.702,1552.902,4428876.0
70215,2001,0,1,0,0,0,12146.0,40584.0,52730,0.23034325242042542,150.0,24.153392791748047,204.5939483642578,,,,,61.0,,794.0,16846.0,51.36137008666992,,,,,,,,,9175.613,2076.395,7905458.0
70215,2002,0,1,0,0,0,12306.0,41995.0,54301,0.22662566602230072,150.0,24.153392791748047,204.5939483642578,,,,,61.0,,804.0,17647.0,50.02431106567383,,,,,,,,,11692.359,2362.093,10773676.0
70215,2003,0,1,0,0,0,12405.0,43314.0,55719,0.22263500094413757,150.0,24.153392791748047,204.5939483642578,,,,,28.0,,768.0,17437.0,50.762271881103516,,,,,,,,,11584.301,2691.375,9122601.0
70215,2004,0,1,0,0,0,12427.0,44471.0,56898,0.21840837597846985,150.0,24.153392791748047,204.5939483642578,,,,,55.0,,716.0,17267.0,49.75595474243164,,,,,,,,,11224.621,2291.108,6269507.0
70215,2005,0,1,0,0,0,12354.0,45413.0,57767,0.21385912597179413,150.0,24.153392791748047,204.5939483642578,44.844692830533155,63.50417,10.05871,24.6168,53.0,197.0,685.0,17782.0,49.58860778808594,18.61,90.08949287371561,93.02300464413004,80.42007831968672,,69.56413655949619,,,10018.77,2341.623,10015365.0
70215,2006,0,1,0,0,0,12185.0,46146.0,58331,0.20889407396316528,150.0,24.153392791748047,204.5939483642578,,,,,53.0,181.0,722.0,17305.0,49.288082122802734,18.2,,,,,,,8157.0,12799.089856,2616.095856,6208973.0
70215,2007,0,1,0,0,0,12013.0,46785.0,58798,0.20430967211723328,150.0,24.153392791748047,204.5939483642578,,,,,50.0,161.0,739.0,16849.0,48.867408752441406,17.78,,,,,,,8603.0,14547.723,3044.871,9867823.0
70215,2008,0,1,0,0,0,11864.0,47411.0,59275,0.20015183091163635,150.0,24.153392791748047,204.5939483642578,,,,,50.0,194.0,672.0,16998.0,48.39207077026367,17.37,93.99,100.0,0.0,93.99,93.99,,4268.0,18158.824,3212.605,16198981.0
70215,2009,0,1,0,0,0,11733.0,48021.0,59754,0.19635505974292755,150.0,24.153392791748047,204.5939483642578,,,,,49.0,192.0,666.0,17235.0,48.24571228027344,16.96,93.99,100.0,0.0,93.99,93.99,,9057.0,20544.341,3372.051,19590740.0
70215,2010,0,1,0,0,0,11619.0,48601.0,60220,0.1929425448179245,150.0,24.153392791748047,204.5939483642578,,,,,64.0,191.0,675.0,17357.0,48.93782043457031,16.54,81.38,99.99,0.0,81.38,81.38,,9286.0,22119.107,3136.533,17053892.0
70215,2011,0,1,0,0,0,11519.0,49155.0,60674,0.18985067307949066,150.0,24.153392791748047,204.5939483642578,,,,,64.0,208.0,659.0,17604.0,49.12715148925781,15.571330361608698,94.18,100.0,0.0,94.18,94.18,15573.0,9952.0,23382.622,3550.48,
70215,2012,0,1,0,0,0,11434.0,49692.0,61126,0.18705624341964722,150.0,24.153392791748047,204.5939483642578,,,,,64.0,204.0,667.0,16277.0,50.28364181518555,15.571330361608698,68.02,88.54,35.6,53.36,52.15,15000.0,11271.0,29046.039,5474.217,
70215,2013,0,1,0,0,0,11361.0,50196.0,61557,0.1845606565475464,150.0,24.153392791748047,204.5939483642578,,,,,52.0,202.0,670.0,15709.0,49.291561126708984,14.014197325447828,94.72,100.0,0.0,94.72,94.72,18033.267163715438,11680.0,46596.50000000001,5505.43,
70215,2014,0,1,0,0,0,11301.0,50690.0,61991,0.1823006570339203,150.0,24.153392791748047,204.5939483642578,,,,,51.0,139.0,656.0,16050.0,49.21100997924805,15.23977753008988,94.8,100.0,0.0,94.8,94.8,18033.0,12315.0,55788.341,6752.965,
70215,2015,0,1,0,0,0,11252.0,51157.0,62409,0.18029451370239258,150.0,24.153392791748047,204.5939483642578,,,,,48.0,192.0,646.0,15322.0,49.915401458740234,14.3301469,94.82,100.0,0.0,94.82,94.82,18033.0,12863.0,53919.0390625,8970.064453125,
70215,2016,0,1,0,0,0,11214.0,51616.0,62830,0.17848162353038788,150.0,24.153392791748047,204.5939483642578,,,,,54.0,192.0,757.0,15500.0,51.16901397705078,,94.94,100.0,0.0,94.94,94.94,,13536.0,51913.435000000005,10274.567000000001,
70215,2017,0,1,0,0,0,11186.0,52060.0,63246,0.17686493694782257,150.0,24.153392791748047,204.5939483642578,,,,,52.0,182.0,732.0,15256.0,50.93467330932617,,,,,,,,,55014.32457478674,11579.45496559143,
70215,2018,0,1,0,0,0,15999.0,51372.0,67371,0.23747606575489044,150.0,24.153392791748047,204.5939483642578,18.108370793342242,34.5,3.8,12.3,54.0,207.0,717.0,15927.0,51.01382827758789,,,,,,,,,65754.471364,14718.746392999998,
70215,2019,0,1,0,0,0,16728.0,52540.0,69268,0.24149680137634277,150.0,24.153392791748047,,,,,,55.0,213.0,718.0,15427.0,51.26847457885742,,,,,,,,,62254.99707499999,15127.587978,
70215,2020,0,1,0,0,0,17385.0,53468.0,70853,0.245367169380188,150.0,24.153392791748047,,,,,,54.0,205.0,710.0,15787.0,51.23448944091797,,,,,,,,,91004.46522699998,15102.947317000002,
70215,2021,0,1,0,0,0,17774.0,54069.0,71843,0.24740058183670044,150.0,24.153392791748047,,,,,,51.0,198.0,700.0,15537.0,50.835113525390625,,,,,,,,,78927.503194,16171.079651999999,
70215,2022,0,1,0,0,0,18100.0,54482.0,72582,0.24937312304973602,150.0,24.153392791748047,,,,,,52.0,212.0,735.0,15686.0,51.037879943847656,,,,,,,,,96302.96727400001,19412.920983,
70215,2023,0,1,0,0,0,18414.0,54868.0,73282,0.251275897026062,150.0,24.153392791748047,,,,,,,,,,,,,,,,,,,106217.609045,23775.011149,
70418,1993,0,1,0,0,0,10853.0,9014.0,19867,0.5462827682495117,184.0,27.605480194091797,179.6731719970703,78.25291442871094,,,,,,,,,,,,,,,,,1129.530029296875,1129.530029296875,
70418,1994,0,1,0,0,0,10939.0,9078.0,20017,0.5464854836463928,184.0,27.605480194091797,179.6731719970703,,,,,,,,,,,,,,,,,,1531.4200439453125,1531.4200439453125,
70418,1995,0,1,0,0,0,11006.0,9057.0,20063,0.5485720038414001,184.0,27.605480194091797,179.6731719970703,,,,,,,,,,,,,,,,,,1095.2099609375,1089.239990234375,
70418,1996,0,1,0,0,0,11034.0,8962.0,19996,0.5518103837966919,184.0,27.605480194091797,179.6731719970703,,,,,43.0,,232.0,5087.0,,,,,,,,,,2110.64990234375,350.2200012207031,
70418,1997,0,1,0,0,0,11033.0,8845.0,19878,0.5550357103347778,184.0,27.605480194091797,179.6731719970703,,,,,47.0,,278.0,5637.0,,,,,,,,,,2209.639892578125,432.3999938964844,
70418,1998,0,1,0,0,0,11005.0,8732.0,19737,0.5575821995735168,184.0,27.605480194091797,179.6731719970703,,,,,47.0,,271.0,5867.0,,,,,,,,,,0.0,0.0,
70418,1999,0,1,0,0,0,10940.0,8657.0,19597,0.5582486987113953,184.0,27.605480194091797,179.6731719970703,,,,,47.0,,275.0,5905.0,,,,,,,,,,3445.14990234375,875.5499877929688,
70418,2000,0,1,0,0,0,10844.0,8648.0,19492,0.5563308000564575,184.0,27.605480194091797,179.6731719970703,,,,,46.0,,265.0,6133.0,47.496238708496094,,,,,,,,,5767.047000000001,487.751,3006248.0
70418,2001,0,1,0,0,0,10722.0,8707.0,19429,0.5518554449081421,184.0,27.605480194091797,179.6731719970703,,,,,45.0,,286.0,6225.0,48.738285064697266,,,,,,,,,5607.373,605.427,4240478.0
70418,2002,0,1,0,0,0,10614.0,8765.0,19379,0.5477063059806824,184.0,27.605480194091797,179.6731719970703,,,,,44.0,,288.0,6178.0,47.76911163330078,,,,,,,,,7862.780000000001,749.229,6452454.0
70418,2003,0,1,0,0,0,10528.0,8814.0,19342,0.5443077087402344,184.0,27.605480194091797,179.6731719970703,,,,,15.0,,281.0,6804.0,47.16865921020508,,,,,,,,,5519.488,852.89,4972707.0
70418,2004,0,1,0,0,0,10469.0,8851.0,19320,0.5418736934661865,184.0,27.605480194091797,179.6731719970703,,,,,35.0,,271.0,6277.0,47.69856643676758,,,,,,,,,6989.648,778.46,6645915.0
70418,2005,0,1,0,0,0,10444.0,8871.0,19315,0.5407196283340454,184.0,27.605480194091797,179.6731719970703,54.679694642433866,79.47539,25.950450000000004,51.439170000000004,32.0,,253.0,6141.0,46.283390045166016,25.43,76.53997378768021,91.56232988568318,62.588473205257834,,31.402359108781123,,,8434.695,1005.913,6933227.0
70418,2006,0,1,0,0,0,10436.0,8883.0,19319,0.5401936173439026,184.0,27.605480194091797,179.6731719970703,,,,,34.0,57.0,277.0,6284.0,47.548091888427734,24.87,,,,,,,1301.0,0.0,0.0,
70418,2007,0,1,0,0,0,10417.0,8895.0,19312,0.5394055247306824,184.0,27.605480194091797,179.6731719970703,,,,,32.0,73.0,286.0,6111.0,47.631351470947266,24.3,,,,,,,1381.0,7952.346,875.814,6473196.0
70418,2008,0,1,0,0,0,10386.0,8908.0,19294,0.5383020639419556,184.0,27.605480194091797,179.6731719970703,,,,,33.0,69.0,275.0,6133.0,46.4405517578125,23.74,84.17,79.64,100.0,53.79,48.58,,4679.0,12199.759,1478.016,12013301.0
70418,2009,0,1,0,0,0,10363.0,8921.0,19284,0.5373885035514832,184.0,27.605480194091797,179.6731719970703,,,,,33.0,77.0,273.0,5806.0,46.76595687866211,23.17,55.34,87.4,28.36,31.54,27.09,,1521.0,13793.874,1389.126,12445897.0
70418,2010,0,1,0,0,0,10351.0,8935.0,19286,0.5367105603218079,184.0,27.605480194091797,179.6731719970703,,,,,41.0,83.0,279.0,5603.0,46.068416595458984,22.61,55.38,86.61,31.32,31.55,27.36,,1578.0,14492.774000000001,1913.886,16423112.0
70418,2011,0,1,0,0,0,10333.0,8950.0,19283,0.5358605980873108,184.0,27.605480194091797,179.6731719970703,,,,,41.0,63.0,276.0,5744.0,43.938777923583984,21.792864122240932,28.41,62.33,0.16,23.96,21.36,4548.0,1669.0,,,
70418,2012,0,1,0,0,0,10317.0,8965.0,19282,0.5350586175918579,184.0,27.605480194091797,179.6731719970703,,,,,41.0,74.0,270.0,5605.0,45.37506103515625,21.792864122240932,77.35,100.0,0.0,77.35,77.35,4388.0,1967.0,18516.782,1850.249,
70418,2013,0,1,0,0,0,10289.0,8981.0,19270,0.5339387655258179,184.0,27.605480194091797,179.6731719970703,,,,,34.0,127.0,287.0,5410.0,45.61190414428711,21.480195553866217,77.35,100.0,0.0,77.35,77.35,4544.0,2147.0,22756.068,1755.027,
70418,2014,0,1,0,0,0,10279.0,8997.0,19276,0.5332537889480591,184.0,27.605480194091797,179.6731719970703,,,,,34.0,80.0,279.0,5322.0,44.91840744018555,21.480195553866217,77.35,100.0,0.0,77.35,77.35,4544.0,2228.0,31508.680000000004,2108.987,
70418,2015,0,1,0,0,0,10243.0,9014.0,19257,0.5319104790687561,184.0,27.605480194091797,179.6731719970703,,,,,33.0,69.0,276.0,5272.0,45.310733795166016,20.16150207,80.13,100.0,0.0,80.13,80.13,4544.0,2322.0,46698.13671875,4191.6279296875,
70418,2016,0,1,0,0,0,10213.0,9032.0,19245,0.5306832790374756,184.0,27.605480194091797,179.6731719970703,,,,,40.0,60.0,274.0,5005.0,46.71052169799805,,79.1,100.0,0.0,79.1,79.1,,2446.0,37715.095,2268.549,
70418,2017,0,1,0,0,0,10184.0,9050.0,19234,0.5294790267944336,184.0,27.605480194091797,179.6731719970703,,,,,34.0,60.0,264.0,4792.0,46.04521942138672,,,,,,,,,31799.638744101623,2784.1012506484985,
70418,2018,0,1,0,0,0,11743.0,11137.0,22880,0.5132430195808411,184.0,27.605480194091797,179.6731719970703,22.069534148687644,41.6,4.0,21.9,33.0,60.0,284.0,5153.0,45.29958724975586,,,,,,,,,28591.312904619997,3720.61976798,
70418,2019,0,1,0,0,0,12076.0,11344.0,23420,0.5156276822090149,184.0,27.605480194091797,,,,,,32.0,69.0,269.0,5063.0,45.78605270385742,,,,,,,,,37147.749864000005,3903.3200829999996,
70418,2020,0,1,0,0,0,12383.0,11501.0,23884,0.5184642672538757,184.0,27.605480194091797,,,,,,32.0,62.0,264.0,4931.0,44.01081085205078,,,,,,,,,32831.341431,4163.9354889999995,
70418,2021,0,1,0,0,0,12658.0,11555.0,24213,0.5227770209312439,184.0,27.605480194091797,,,,,,31.0,61.0,257.0,4827.0,44.89522171020508,,,,,,,,,33107.030159,4027.534324,
70418,2022,0,1,0,0,0,12889.0,11573.0,24462,0.5268988609313965,184.0,27.605480194091797,,,,,,31.0,68.0,256.0,5023.0,44.05898666381836,,,,,,,,,45884.437348,5959.944121,
70418,2023,0,1,0,0,0,13113.0,11585.0,24698,0.530933678150177,184.0,27.605480194091797,,,,,,,,,,,,,,,,,,,44290.544055,6419.7611735,
70473,1993,0,1,0,0,0,6443.0,4176.0,10619,0.6067426204681396,160.0,14.795999526977539,185.84320068359375,72.03278350830078,,,,,,,,,,,,,,,,,495.0400085449219,494.7099914550781,
70473,1994,0,1,0,0,0,6600.0,4267.0,10867,0.607343316078186,160.0,14.795999526977539,185.84320068359375,,,,,,,,,,,,,,,,,,915.3400268554688,741.3800048828125,
70473,1995,0,1,0,0,0,6766.0,4353.0,11119,0.6085079312324524,160.0,14.795999526977539,185.84320068359375,,,,,,,,,,,,,,,,,,648.3499755859375,565.3300170898438,
70473,1996,0,1,0,0,0,6921.0,4429.0,11350,0.6097797155380249,160.0,14.795999526977539,185.84320068359375,,,,,26.0,,122.0,3301.0,,,,,,,,,,1539.0699462890625,271.54998779296875,
70473,1997,0,1,0,0,0,7064.0,4506.0,11570,0.6105445027351379,160.0,14.795999526977539,185.84320068359375,,,,,26.0,,126.0,3299.0,,,,,,,,,,0.0,0.0,
70473,1998,0,1,0,0,0,7183.0,4592.0,11775,0.6100212335586548,160.0,14.795999526977539,185.84320068359375,,,,,26.0,,126.0,3326.0,,,,,,,,,,0.0,0.0,
70473,1999,0,1,0,0,0,7265.0,4692.0,11957,0.6075938940048218,160.0,14.795999526977539,185.84320068359375,,,,,27.0,,135.0,3636.0,,,,,,,,,,2205.510009765625,388.69000244140625,
70473,2000,0,1,0,0,0,7306.0,4814.0,12120,0.6028052568435669,160.0,14.795999526977539,185.84320068359375,,,,,27.0,,135.0,3521.0,49.0179443359375,,,,,,,,,3654.531,375.831,2635569.0
70473,2001,0,1,0,0,0,7305.0,4956.0,12261,0.5957915186882019,160.0,14.795999526977539,185.84320068359375,,,,,27.0,,135.0,3529.0,48.16524887084961,,,,,,,,,3858.075,410.096,2981528.0
70473,2002,0,1,0,0,0,7304.0,5098.0,12402,0.5889372825622559,160.0,14.795999526977539,185.84320068359375,,,,,27.0,,139.0,3454.0,49.26945114135742,,,,,,,,,4180.897999999999,522.097,3105914.0
70473,2003,0,1,0,0,0,7309.0,5238.0,12547,0.5825296640396118,160.0,14.795999526977539,185.84320068359375,,,,,11.0,,156.0,4141.0,49.27235794067383,,,,,,,,,4044.202,755.212,2971583.0
70473,2004,0,1,0,0,0,7323.0,5371.0,12694,0.5768867135047913,160.0,14.795999526977539,185.84320068359375,,,,,23.0,,134.0,3528.0,48.18257522583008,,,,,,,,,4255.989,595.217,3428334.0
70473,2005,0,1,0,0,0,7350.0,5496.0,12846,0.5721625685691833,160.0,14.795999526977539,185.84320068359375,61.47696691467469,76.82444000000001,21.959210000000002,30.08012,22.0,29.0,130.0,3501.0,47.71733856201172,34.55,74.75227903289733,98.0225988700565,57.83709787816564,,56.2029330162505,,,5458.674,776.4639999999999,2432482.0
70473,2006,0,1,0,0,0,7383.0,5612.0,12995,0.5681415796279907,160.0,14.795999526977539,185.84320068359375,,,,,22.0,29.0,142.0,3437.0,47.9632682800293,33.78,,,,,,,1191.0,0.0,0.0,
70473,2007,0,1,0,0,0,7417.0,5724.0,13141,0.5644167065620422,160.0,14.795999526977539,185.84320068359375,,,,,22.0,36.0,134.0,3367.0,48.37477493286133,33.02,,,,,,,1246.0,5904.719,1078.365,5175142.0
70473,2008,0,1,0,0,0,7456.0,5839.0,13295,0.5608123540878296,160.0,14.795999526977539,185.84320068359375,,,,,23.0,37.0,130.0,3350.0,47.263458251953125,32.25,77.17,100.0,6.07,76.02,76.02,,316.0,6579.505,1015.465,7573195.0
70473,2009,0,1,0,0,0,7500.0,5953.0,13453,0.5574964880943298,160.0,14.795999526977539,185.84320068359375,,,,,23.0,40.0,127.0,3173.0,46.42844009399414,31.48,,,,,,,1377.0,8891.688,1239.0610000000001,10774472.0
70473,2010,0,1,0,0,0,7546.0,6066.0,13612,0.5543637871742249,160.0,14.795999526977539,185.84320068359375,,,,,28.0,35.0,128.0,3143.0,48.326656341552734,30.71,,,,,,,1421.0,0.0,0.0,
70473,2011,0,1,0,0,0,7595.0,6179.0,13774,0.5514011979103088,160.0,14.795999526977539,185.84320068359375,,,,,28.0,36.0,122.0,3094.0,48.3354377746582,27.639000000000003,54.36,69.38,12.38,51.09,50.01,2866.0,1770.0,10898.927,1194.634,
70473,2012,0,1,0,0,0,7641.0,6285.0,13926,0.5486859083175659,160.0,14.795999526977539,185.84320068359375,,,,,28.0,39.0,123.0,3055.0,48.742488861083984,26.825362366885894,61.54,85.24,19.02,57.03,55.5,2698.0,1894.0,20348.097847099998,1937.1691879999998,
70473,2013,0,1,0,0,0,7694.0,6393.0,14087,0.546177327632904,160.0,14.795999526977539,185.84320068359375,,,,,23.0,40.0,125.0,3081.0,49.40390396118164,26.825362366885894,61.95,85.28,19.31,57.42,55.89,3416.427947598253,1962.0,16303.634,2177.0550000000003,
70473,2014,0,1,0,0,0,7757.0,6506.0,14263,0.5438547134399414,160.0,14.795999526977539,185.84320068359375,,,,,22.0,64.0,129.0,3088.0,46.635108947753906,26.825362366885894,61.98,85.16,19.31,57.44,55.92,3416.0,2047.0,40507.69499999999,2425.535,
70473,2015,0,1,0,0,0,7817.0,6612.0,14429,0.5417562127113342,160.0,14.795999526977539,185.84320068359375,,,,,22.0,33.0,136.0,2845.0,48.61911392211914,24.107953159120353,62.19,85.29,19.37,57.72,56.16,3416.0,2128.0,41531.9921875,5580.1708984375,
70473,2016,0,1,0,0,0,7873.0,6710.0,14583,0.5398752093315125,160.0,14.795999526977539,185.84320068359375,,,,,23.0,33.0,171.0,2892.0,46.975032806396484,,62.67,85.65,18.92,58.54,59.58,,2255.0,24038.905,3190.8019999999997,
70473,2017,0,1,0,0,0,7946.0,6818.0,14764,0.5382010340690613,160.0,14.795999526977539,185.84320068359375,,,,,21.0,23.0,135.0,2705.0,46.085357666015625,,,,,,,,,18288.55698776245,2932.930004119873,
70473,2018,0,1,0,0,0,6030.0,9031.0,15061,0.40037181973457336,160.0,14.795999526977539,185.84320068359375,28.392724322131315,42.8,10.8,18.7,21.0,27.0,129.0,2730.0,47.169944763183594,,,,,,,,,20079.275373999997,2732.294715,
70473,2019,0,1,0,0,0,6201.0,9294.0,15495,0.40019360184669495,160.0,14.795999526977539,,,,,,21.0,31.0,147.0,2818.0,46.60029983520508,,,,,,,,,25978.964551,3420.3218110000003,
70473,2020,0,1,0,0,0,6367.0,9491.0,15858,0.4015008211135864,160.0,14.795999526977539,,,,,,21.0,37.0,154.0,2717.0,45.96642303466797,,,,,,,,,22497.550712000004,3342.430227,
70473,2021,0,1,0,0,0,6508.0,9572.0,16080,0.4047263562679291,160.0,14.795999526977539,,,,,,20.0,33.0,152.0,2737.0,46.64670944213867,,,,,,,,,31402.235726000003,4068.1149100000002,
70473,2022,0,1,0,0,0,6627.0,9618.0,16245,0.40794089436531067,160.0,14.795999526977539,,,,,,20.0,33.0,128.0,2787.0,46.93184280395508,,,,,,,,,28792.665311,5033.372625,
70473,2023,0,1,0,0,0,6742.0,9660.0,16402,0.41104742884635925,160.0,14.795999526977539,,,,,,,,,,,,,,,,,,,42845.17424,6231.711867,
70823,1993,0,1,0,0,0,14244.0,5166.0,19410,0.733848512172699,68.0,20.215442657470703,178.44183349609375,69.44414520263672,,,,,,,,,,,,,,,,,0.0,0.0,
70823,1994,0,1,0,0,0,14437.0,5222.0,19659,0.7343710064888,68.0,20.215442657470703,178.44183349609375,,,,,,,,,,,,,,,,,,0.0,0.0,
70823,1995,0,1,0,0,0,14590.0,5241.0,19831,0.7357168197631836,68.0,20.215442657470703,178.44183349609375,,,,,,,,,,,,,,,,,,0.0,0.0,
70823,1996,0,1,0,0,0,14676.0,5225.0,19901,0.737450361251831,68.0,20.215442657470703,178.44183349609375,,,,,38.0,,237.0,5824.0,,,,,,,,,,2621.5,674.27001953125,
70823,1997,0,1,0,0,0,14702.0,5196.0,19898,0.738868236541748,68.0,20.215442657470703,178.44183349609375,,,,,44.0,,259.0,7383.0,,,,,,,,,,0.0,0.0,
70823,1998,0,1,0,0,0,14665.0,5169.0,19834,0.7393869161605835,68.0,20.215442657470703,178.44183349609375,,,,,44.0,,265.0,7574.0,,,,,,,,,,0.0,0.0,
70823,1999,0,1,0,0,0,14561.0,5152.0,19713,0.7386496067047119,68.0,20.215442657470703,178.44183349609375,,,,,39.0,,252.0,6403.0,,,,,,,,,,0.0,0.0,
70823,2000,0,1,0,0,0,14390.0,5165.0,19555,0.7358731627464294,68.0,20.215442657470703,178.44183349609375,,,,,41.0,,263.0,6683.0,47.094181060791016,,,,,,,,,0.0,0.0,1755942.0
70823,2001,0,1,0,0,0,14171.0,5204.0,19375,0.7314064502716064,68.0,20.215442657470703,178.44183349609375,,,,,40.0,,260.0,6325.0,47.7191276550293,,,,,,,,,4418.802,1230.56,2734104.0
70823,2002,0,1,0,0,0,13973.0,5242.0,19215,0.7271922826766968,68.0,20.215442657470703,178.44183349609375,,,,,40.0,,254.0,6146.0,46.937538146972656,,,,,,,,,6421.356,1567.592,4536801.0
70823,2003,0,1,0,0,0,13810.0,5275.0,19085,0.7236049175262451,68.0,20.215442657470703,178.44183349609375,,,,,16.0,,255.0,6153.0,47.09183120727539,,,,,,,,,5578.773999999999,1671.207,5247206.0
70823,2004,0,1,0,0,0,13691.0,5304.0,18995,0.7207686305046082,68.0,20.215442657470703,178.44183349609375,,,,,35.0,,237.0,5851.0,46.050743103027344,,,,,,,,,7324.053,1702.869,5480787.0
70823,2005,0,1,0,0,0,13630.0,5325.0,18955,0.7190715074539185,68.0,20.215442657470703,178.44183349609375,55.84911798819545,80.37957999999999,28.866960000000002,31.693569999999998,32.0,25.0,241.0,5647.0,46.38499450683594,21.26,77.64121338912135,92.05909510618652,71.94454578620942,,41.47489539748954,,,8033.983,2279.641,6268002.0
70823,2006,0,1,0,0,0,13606.0,5340.0,18946,0.7181463241577148,68.0,20.215442657470703,178.44183349609375,,,,,33.0,56.0,222.0,4904.0,47.720794677734375,20.79,,,,,,,940.0,9246.310791,2236.955791,7424173.0
70823,2007,0,1,0,0,0,13583.0,5355.0,18938,0.7172352075576782,68.0,20.215442657470703,178.44183349609375,,,,,33.0,49.0,251.0,5601.0,46.57400131225586,20.32,,,,,,,1030.0,9898.616999999998,2462.13,7106219.0
70823,2008,0,1,0,0,0,13562.0,5369.0,18931,0.7163910865783691,68.0,20.215442657470703,178.44183349609375,,,,,34.0,54.0,254.0,5533.0,47.3217658996582,19.84,96.7,95.16,98.26,50.11,94.49,,1942.0,13031.226,2818.512,12627536.0
70823,2009,0,1,0,0,0,13542.0,5382.0,18924,0.7155992388725281,68.0,20.215442657470703,178.44183349609375,,,,,34.0,48.0,264.0,5640.0,46.126625061035156,19.37,92.52,95.31,90.09,46.48,87.79,,1079.0,12235.217,3086.2650000000003,7959099.0
70823,2010,0,1,0,0,0,13524.0,5394.0,18918,0.7148747444152832,68.0,20.215442657470703,178.44183349609375,,,,,42.0,55.0,268.0,5457.0,46.760108947753906,18.9,29.41,95.24,2.01,28.03,55.63,,1112.0,15503.039040000001,3550.87956,19153910.0
70823,2011,0,1,0,0,0,13506.0,5406.0,18912,0.7141497731208801,68.0,20.215442657470703,178.44183349609375,,,,,40.0,57.0,256.0,5450.0,45.8856315612793,18.9,26.88,94.78,1.76,25.63,51.77,4638.0,1131.0,14857.797,4562.272999999999,
70823,2012,0,1,0,0,0,13491.0,5417.0,18908,0.7135075330734253,68.0,20.215442657470703,178.44183349609375,,,,,39.0,46.0,258.0,5391.0,46.18778991699219,18.9,69.68,76.84,64.75,31.38,30.49,4821.0,1222.0,19767.773,4154.612999999999,
70823,2013,0,1,0,0,0,13476.0,5427.0,18903,0.7129027247428894,68.0,20.215442657470703,178.44183349609375,,,,,32.0,53.0,260.0,5213.0,45.90401840209961,18.786539935551225,69.68,76.84,64.75,31.38,30.49,4784.0,1259.0,28160.294631,4769.7880000000005,
70823,2014,0,1,0,0,0,13464.0,5436.0,18900,0.7123809456825256,68.0,20.215442657470703,178.44183349609375,,,,,32.0,53.0,262.0,5593.0,45.36549377441406,19.182310037214712,69.7,76.84,64.78,31.38,30.5,4784.0,6438.0,44079.818,5993.32,
70823,2015,0,1,0,0,0,13452.0,5445.0,18897,0.7118590474128723,68.0,20.215442657470703,178.44183349609375,,,,,33.0,49.0,224.0,4751.0,45.564064025878906,20.062202598621752,70.18,76.97,65.39,31.84,30.92,4784.0,6626.0,42557.6875,7245.611328125,
70823,2016,0,1,0,0,0,13442.0,5453.0,18895,0.7114051580429077,68.0,20.215442657470703,178.44183349609375,,,,,34.0,39.0,244.0,4827.0,47.94807052612305,,61.41,77.45,52.26,28.15,27.31,,1457.0,29717.196770999995,6959.917714000001,
70823,2017,0,1,0,0,0,13433.0,5460.0,18893,0.7110040783882141,68.0,20.215442657470703,178.44183349609375,,,,,32.0,41.0,236.0,4950.0,47.471092224121094,,,,,,,,,30178.934886448973,7445.509838104248,
70823,2018,0,1,0,0,0,14794.0,6545.0,21339,0.6932845711708069,68.0,20.215442657470703,178.44183349609375,30.67438726101932,45.8,30.5,16.4,29.0,36.0,249.0,4906.0,47.304344177246094,,,,,,,,,27060.351093060002,7211.274026200001,
70823,2019,0,1,0,0,0,15177.0,6673.0,21850,0.6945995688438416,68.0,20.215442657470703,,,,,,29.0,44.0,242.0,4924.0,47.86438751220703,,,,,,,,,26965.820078989993,6823.49134667,
70823,2020,0,1,0,0,0,15518.0,6771.0,22289,0.6962178945541382,68.0,20.215442657470703,,,,,,29.0,49.0,247.0,4912.0,45.6790885925293,,,,,,,,,33337.552761,7288.513992,
70823,2021,0,1,0,0,0,15862.0,6734.0,22596,0.7019826769828796,68.0,20.215442657470703,,,,,,28.0,41.0,240.0,4873.0,44.57569122314453,,,,,,,,,31447.429347999998,9464.5185674,
70823,2022,0,1,0,0,0,16153.0,6675.0,22828,0.707595944404602,68.0,20.215442657470703,,,,,,28.0,45.0,239.0,4648.0,45.50524139404297,,,,,,,,,38987.781982,10739.4032725,
70823,2023,0,1,0,0,0,16433.0,6616.0,23049,0.712959349155426,68.0,20.215442657470703,,,,,,,,,,,,,,,,,,,54298.760832,13611.1241116,
73001,1993,1,0,0,0,0,30962.0,378499.0,409461,0.07561647891998291,1286.0,0.0,57.25344467163086,21.96752166748047,,,,,,,,,,,,,,,,,10052.6904296875,10050.1201171875,
73001,1994,1,0,0,0,0,30980.0,386396.0,417376,0.07422564178705215,1286.0,0.0,57.25344467163086,,,,,,,,,,,,,,,,,,13013.9697265625,12802.150390625,
73001,1995,1,0,0,0,0,30830.0,394511.0,425341,0.07248301804065704,1286.0,0.0,57.25344467163086,,,,,,,,,,,,,,,,,,22632.6796875,22615.3203125,
73001,1996,1,0,0,0,0,30578.0,402759.0,433337,0.07056401669979095,1286.0,0.0,57.25344467163086,,,,,434.0,,4806.0,108336.0,,,,,,,,,,34088.8984375,19545.400390625,
73001,1997,1,0,0,0,0,30269.0,411008.0,441277,0.06859410554170609,1286.0,0.0,57.25344467163086,,,,,431.0,,4787.0,106915.0,,,,,,,,,,0.0,0.0,
73001,1998,1,0,0,0,0,29981.0,419131.0,449112,0.06675617396831512,1286.0,0.0,57.25344467163086,,,,,464.0,,5370.0,116049.0,,,,,,,,,,47384.19140625,28547.390625,
73001,1999,1,0,0,0,0,29758.0,427023.0,456781,0.06514719128608704,1286.0,0.0,57.25344467163086,,,,,480.0,,5454.0,116101.0,,,,,,,,,,70553.4921875,39457.19921875,
73001,2000,1,0,0,0,0,29641.0,434621.0,464262,0.06384541839361191,1286.0,0.0,57.25344467163086,,,,,424.0,,4929.0,110748.0,51.0562744140625,,,,,,,,,66500.974,32260.784,23159500.0
73001,2001,1,0,0,0,0,29613.0,441902.0,471515,0.06280393898487091,1286.0,0.0,57.25344467163086,,,,,433.0,,4926.0,111339.0,50.87269592285156,,,,,,,,,67362.88,34460.02400000001,26147702.0
73001,2002,1,0,0,0,0,29628.0,448922.0,478550,0.06191202625632286,1286.0,0.0,57.25344467163086,,,,,284.0,,4765.0,112563.0,51.41728210449219,,,,,,,,,89093.42,50249.533,42401152.0
73001,2003,1,0,0,0,0,29679.0,455683.0,485362,0.06114817410707474,1286.0,0.0,57.25344467163086,,,,,303.0,,4781.0,113061.0,51.33892822265625,,,,,,,,,154838.833,53093.653,126571824.0
73001,2004,1,0,0,0,0,29717.0,462165.0,491882,0.06041489541530609,1286.0,0.0,57.25344467163086,,,,,407.0,,4635.0,106978.0,50.953102111816406,,,,,,,,,174339.355,60729.60100000001,144337664.0
73001,2005,1,0,0,0,0,29752.0,468378.0,498130,0.05972738191485405,1286.0,0.0,57.25344467163086,16.23215556419683,34.96879,4.98828,3.14741,391.0,1528.0,4628.0,111578.0,50.82438659667969,13.44,96.21912471459821,99.2708969919196,47.93177544990599,,94.4540243649311,,,186255.402,67868.678,148885888.0
73001,2006,1,0,0,0,0,29785.0,474269.0,504054,0.05909088999032974,1286.0,0.0,57.25344467163086,,,,,398.0,1172.0,4821.0,108895.0,51.398799896240234,13.28,,,,,,,82569.0,197349.091,70844.174,159817024.0
73001,2007,1,0,0,0,0,29819.0,479977.0,509796,0.0584920234978199,1286.0,0.0,57.25344467163086,,,,,369.0,1113.0,4248.0,97000.0,50.54780960083008,13.12,,,,,,,89957.0,235695.722,79320.766,213711536.0
73001,2008,1,0,0,0,0,29862.0,485562.0,515424,0.057936765253543854,1286.0,0.0,57.25344467163086,,,,,398.0,1521.0,5059.0,112507.0,51.190643310546875,12.96,73.51,80.4,7.06,68.38,69.02,,93370.0,262608.277,83574.877,224680352.0
73001,2009,1,0,0,0,0,29915.0,491074.0,520989,0.05741963908076286,1286.0,0.0,57.25344467163086,,,,,417.0,1555.0,4928.0,111610.0,50.86138916015625,12.8,65.56,71.57,4.48,62.15,60.7,,99644.0,306950.819,88702.088,300911744.0
73001,2010,1,0,0,0,0,29984.0,496543.0,526527,0.05694674700498581,1286.0,0.0,57.25344467163086,,,,,427.0,1463.0,4864.0,110918.0,51.24673080444336,12.64,61.54,66.81,4.47,58.39,56.84,,105442.0,296261.935,103141.635,301611040.0
73001,2011,1,0,0,0,0,30060.0,501960.0,532020,0.056501634418964386,1286.0,0.0,57.25344467163086,,,,,430.0,1449.0,5303.0,111630.0,51.24857711791992,12.179975837403976,63.46,68.85,0.45,58.47,61.52,136750.0,112914.0,320236.347,108676.653,
73001,2012,1,0,0,0,0,30146.0,507321.0,537467,0.05608902499079704,1286.0,0.0,57.25344467163086,,,,,441.0,1884.0,5504.0,109118.0,51.00279998779297,10.961978253663577,65.2,67.45,9.01,60.5,60.07,140870.0,117438.0,362408.78500000003,112170.541,
73001,2013,1,0,0,0,0,30245.0,512631.0,542876,0.055712539702653885,1286.0,0.0,57.25344467163086,,,,,425.0,1603.0,5650.0,108094.0,50.6732292175293,10.361571983190021,69.71,73.21,10.02,62.26,66.66,146048.0,118751.0,437879.036,131181.972,
73001,2014,1,0,0,0,0,30352.0,517857.0,548209,0.05536574497818947,1286.0,0.0,57.25344467163086,,,,,427.0,1435.0,5152.0,104240.0,51.162689208984375,10.893682753648898,62.18,68.32,5.91,14.79,60.01,152960.0,129338.0,464550.126,143059.09100000001,
73001,2015,1,0,0,0,0,30467.0,523057.0,553524,0.055041875690221786,1286.0,0.0,57.25344467163086,,,,,437.0,1470.0,5279.0,101919.0,51.10444259643555,10.66753994,50.78,55.31,4.44,46.79,48.98,159321.0,136392.0,597866.75,182483.625,
73001,2016,1,0,0,0,0,30591.0,528214.0,558805,0.054743602871894836,1286.0,0.0,57.25344467163086,,,,,422.0,1334.0,5673.0,101865.0,51.6367301940918,,64.37,67.36,7.56,18.2,63.24,,143527.0,539149.777,172631.261,
73001,2017,1,0,0,0,0,30725.0,533351.0,564076,0.05446961149573326,1286.0,0.0,57.25344467163086,,,,,422.0,1298.0,5644.0,100338.0,51.71841812133789,,,,,,,,,646106.4473505937,194775.48193359375,
73001,2018,1,0,0,0,0,37081.0,492554.0,529635,0.07001236826181412,1286.0,0.0,57.25344467163086,5.344705794247246,14.8,3.5,2.5,422.0,1328.0,5620.0,99479.0,51.503448486328125,,,,,,,,,660438.7840100001,204909.841122,
73001,2019,1,0,0,0,0,38484.0,497603.0,536087,0.07178685814142227,1286.0,0.0,,,,,,405.0,1551.0,5587.0,99317.0,51.53364944458008,,,,,,,,,774015.94316,254524.14732000002,
73001,2020,1,0,0,0,0,39110.0,501991.0,541101,0.07227855920791626,1286.0,0.0,,,,,,400.0,1534.0,5388.0,99805.0,51.13199234008789,,,,,,,,,790503.1404629999,236261.6143,
73001,2021,1,0,0,0,0,38979.0,503745.0,542724,0.07182103395462036,1286.0,0.0,,,,,,390.0,1573.0,5188.0,98191.0,51.45512390136719,,,,,,,,,925556.6648439999,254742.258267,
73001,2022,1,0,0,0,0,38842.0,505107.0,543949,0.07140742987394333,1286.0,0.0,,,,,,386.0,1750.0,5370.0,99738.0,51.53349685668945,,,,,,,,,949854.6933809998,303202.58136599994,
73001,2023,1,0,0,0,0,38705.0,506505.0,545210,0.07099099457263947,1286.0,0.0,,,,,,,,,,,,,,,,,,,1108366.078859,347468.223631,
73030,1993,1,0,0,0,0,2461.0,6043.0,8504,0.28939321637153625,238.0,63.44167709350586,84.07962799072266,38.84120178222656,,,,,,,,,,,,,,,,,459.6600036621094,456.82000732421875,
73030,1994,1,0,0,0,0,2406.0,6025.0,8431,0.2853753864765167,238.0,63.44167709350586,84.07962799072266,,,,,,,,,,,,,,,,,,652.3800048828125,643.1400146484375,
73030,1995,1,0,0,0,0,2348.0,6013.0,8361,0.2808276414871216,238.0,63.44167709350586,84.07962799072266,,,,,,,,,,,,,,,,,,753.5999755859375,736.1599731445312,
73030,1996,1,0,0,0,0,2289.0,6004.0,8293,0.27601590752601624,238.0,63.44167709350586,84.07962799072266,,,,,10.0,,106.0,2018.0,,,,,,,,,,2023.9200439453125,457.3800048828125,
73030,1997,1,0,0,0,0,2228.0,5996.0,8224,0.2709144055843353,238.0,63.44167709350586,84.07962799072266,,,,,10.0,,94.0,2020.0,,,,,,,,,,1656.72998046875,561.280029296875,
73030,1998,1,0,0,0,0,2170.0,5988.0,8158,0.2659965753555298,238.0,63.44167709350586,84.07962799072266,,,,,10.0,,96.0,2107.0,,,,,,,,,,2217.659912109375,401.0799865722656,
73030,1999,1,0,0,0,0,2113.0,5978.0,8091,0.2611543834209442,238.0,63.44167709350586,84.07962799072266,,,,,10.0,,96.0,2103.0,,,,,,,,,,1890.68994140625,446.94000244140625,
73030,2000,1,0,0,0,0,2061.0,5961.0,8022,0.25691846013069153,238.0,63.44167709350586,84.07962799072266,,,,,10.0,,88.0,2009.0,46.68949508666992,,,,,,,,,2930.964,644.997,1668616.0
73030,2001,1,0,0,0,0,2013.0,5941.0,7954,0.25308021903038025,238.0,63.44167709350586,84.07962799072266,,,,,10.0,,83.0,2010.0,45.28878402709961,,,,,,,,,2391.255,676.159,1634364.0
73030,2002,1,0,0,0,0,1969.0,5915.0,7884,0.24974632263183594,238.0,63.44167709350586,84.07962799072266,,,,,6.0,,86.0,2096.0,45.91111755371094,,,,,,,,,2976.418,780.607,2403480.0
73030,2003,1,0,0,0,0,1930.0,5886.0,7816,0.2469293773174286,238.0,63.44167709350586,84.07962799072266,,,,,5.0,,76.0,2184.0,46.42290496826172,,,,,,,,,2871.673,1046.689,1364640.0
73030,2004,1,0,0,0,0,1895.0,5851.0,7746,0.24464239180088043,238.0,63.44167709350586,84.07962799072266,,,,,10.0,,69.0,2000.0,46.11598587036133,,,,,,,,,2813.683,833.482,1747676.0
73030,2005,1,0,0,0,0,1864.0,5810.0,7674,0.242898091673851,238.0,63.44167709350586,84.07962799072266,34.387238700060365,73.49101999999999,10.29472,11.94441,10.0,,73.0,2033.0,46.34967041015625,15.63,90.64922480620154,98.40966921119593,65.85365853658537,,77.71317829457365,,,3618.528,990.001,2152521.0
73030,2006,1,0,0,0,0,1838.0,5762.0,7600,0.2418421059846878,238.0,63.44167709350586,84.07962799072266,,,,,10.0,,72.0,1892.0,45.51655197143555,15.63,,,,,,,981.0,3854.350647,1211.408647,2262638.0
73030,2007,1,0,0,0,0,1808.0,5703.0,7511,0.24071362614631653,238.0,63.44167709350586,84.07962799072266,,,,,,21.0,77.0,1846.0,45.94276428222656,15.63,,,,,,,1123.0,4337.437,1126.473,2778094.0
73030,2008,1,0,0,0,0,1780.0,5640.0,7420,0.23989218473434448,238.0,63.44167709350586,84.07962799072266,,,,,10.0,20.0,75.0,1910.0,44.71234893798828,15.63,93.99,100.0,68.75,91.34,80.76,,1143.0,4446.298,1201.742,2419193.0
73030,2009,1,0,0,0,0,1753.0,5585.0,7338,0.23889343440532684,238.0,63.44167709350586,84.07962799072266,,,,,10.0,15.0,69.0,1714.0,45.9199333190918,15.62,93.99,100.0,68.75,91.34,80.76,,1195.0,5166.330858,1247.526888,4096899072.0
73030,2010,1,0,0,0,0,1726.0,5523.0,7249,0.2381018102169037,238.0,63.44167709350586,84.07962799072266,,,,,11.0,16.0,69.0,1713.0,47.03112030029297,15.62,93.99,100.0,68.75,91.34,80.76,,1324.0,5141.724,1399.835,4469222.0
73030,2011,1,0,0,0,0,1702.0,5467.0,7169,0.23741108179092407,238.0,63.44167709350586,84.07962799072266,,,,,11.0,15.0,68.0,1578.0,46.74862289428711,15.62,94.24,100.0,69.28,91.54,81.25,2064.0,1399.0,5665.413000000001,1512.086,
73030,2012,1,0,0,0,0,1677.0,5407.0,7084,0.2367306649684906,238.0,63.44167709350586,84.07962799072266,,,,,11.0,15.0,61.0,1552.0,44.983787536621094,15.540936734853366,94.24,100.0,69.28,91.54,81.25,2070.0,1460.0,5595.313999999999,1569.418,
73030,2013,1,0,0,0,0,1652.0,5348.0,7000,0.23600000143051147,238.0,63.44167709350586,84.07962799072266,,,,,10.0,15.0,53.0,1411.0,44.82253646850586,15.382230524372252,84.09,100.0,25.89,78.53,78.53,2117.0,1472.0,8045.311,1945.705,
73030,2014,1,0,0,0,0,1626.0,5282.0,6908,0.23537926375865936,238.0,63.44167709350586,84.07962799072266,,,,,10.0,19.0,56.0,1172.0,46.833587646484375,15.382230524372252,84.09,100.0,25.89,78.53,78.53,2147.0,1734.0,8603.586,2152.4939999999997,
73030,2015,1,0,0,0,0,1606.0,5231.0,6837,0.23489834368228912,238.0,63.44167709350586,84.07962799072266,,,,,8.0,13.0,56.0,1138.0,48.567142486572266,17.20702453147853,84.09,100.0,25.89,78.53,78.53,2153.0,1772.0,8416.4462890625,2461.3798828125,
73030,2016,1,0,0,0,0,1583.0,5172.0,6755,0.23434492945671082,238.0,63.44167709350586,84.07962799072266,,,,,9.0,15.0,52.0,1073.0,47.1106071472168,,90.41,100.0,65.75,71.99,71.99,,1804.0,12626.777000000002,2607.5240000000003,
73030,2017,1,0,0,0,0,1563.0,5120.0,6683,0.2338770031929016,238.0,63.44167709350586,84.07962799072266,,,,,9.0,10.0,53.0,978.0,46.30581283569336,,,,,,,,,8315.122598648071,2468.425542831421,
73030,2018,1,0,0,0,0,1396.0,5261.0,6657,0.20970407128334045,238.0,63.44167709350586,84.07962799072266,16.171060698957696,32.9,5.0,7.0,9.0,10.0,49.0,903.0,44.84632110595703,,,,,,,,,8374.62176222,2796.08406503,
73030,2019,1,0,0,0,0,1379.0,5217.0,6596,0.20906610786914825,238.0,63.44167709350586,,,,,,9.0,16.0,48.0,949.0,47.35466766357422,,,,,,,,,10753.54990418,3064.0118788,
73030,2020,1,0,0,0,0,1364.0,5197.0,6561,0.20789514482021332,238.0,63.44167709350586,,,,,,9.0,13.0,49.0,918.0,44.81945037841797,,,,,,,,,13056.243748039997,2683.8428292,
73030,2021,1,0,0,0,0,1359.0,5220.0,6579,0.20656634867191315,238.0,63.44167709350586,,,,,,8.0,14.0,46.0,890.0,45.63526916503906,,,,,,,,,12545.500426,3074.494949,
73030,2022,1,0,0,0,0,1354.0,5240.0,6594,0.20533818006515503,238.0,63.44167709350586,,,,,,7.0,11.0,44.0,799.0,47.50810241699219,,,,,,,,,11673.193302000001,3099.621729,
73030,2023,1,0,0,0,0,1350.0,5260.0,6610,0.2042360007762909,238.0,63.44167709350586,,,,,,,,,,,,,,,,,,,14753.378094,3944.68186075,
73055,1993,1,0,0,0,0,5905.0,9158.0,15063,0.39202019572257996,331.0,75.4938735961914,97.5833511352539,32.59270477294922,,,,,,,,,,,,,,,,,1037.56005859375,1037.56005859375,
73055,1994,1,0,0,0,0,5625.0,8694.0,14319,0.39283469319343567,331.0,75.4938735961914,97.5833511352539,,,,,,,,,,,,,,,,,,1473.8399658203125,1446.75,
73055,1995,1,0,0,0,0,5396.0,8491.0,13887,0.3885648548603058,331.0,75.4938735961914,97.5833511352539,,,,,,,,,,,,,,,,,,925.7000122070312,918.97998046875,
73055,1996,1,0,0,0,0,5208.0,8481.0,13689,0.3804514706134796,331.0,75.4938735961914,97.5833511352539,,,,,25.0,,158.0,3352.0,,,,,,,,,,1090.0,281.54998779296875,
73055,1997,1,0,0,0,0,5053.0,8595.0,13648,0.37023741006851196,331.0,75.4938735961914,97.5833511352539,,,,,25.0,,182.0,3433.0,,,,,,,,,,0.0,0.0,
73055,1998,1,0,0,0,0,4920.0,8767.0,13687,0.35946518182754517,331.0,75.4938735961914,97.5833511352539,,,,,26.0,,210.0,4086.0,,,,,,,,,,2599.929931640625,789.9000244140625,
73055,1999,1,0,0,0,0,4803.0,8926.0,13729,0.3498433828353882,331.0,75.4938735961914,97.5833511352539,,,,,26.0,,202.0,4028.0,,,,,,,,,,3664.820068359375,1368.5699462890625,
73055,2000,1,0,0,0,0,4691.0,9006.0,13697,0.3424837589263916,331.0,75.4938735961914,97.5833511352539,,,,,25.0,,178.0,4033.0,48.60863494873047,,,,,,,,,4507.661,961.444,1123972.0
73055,2001,1,0,0,0,0,4577.0,8976.0,13553,0.3377112150192261,331.0,75.4938735961914,97.5833511352539,,,,,23.0,,148.0,3516.0,47.96295928955078,,,,,,,,,4346.409,1603.375,5294265.0
73055,2002,1,0,0,0,0,4472.0,8945.0,13417,0.33330848813056946,331.0,75.4938735961914,97.5833511352539,,,,,20.0,,142.0,3506.0,48.270164489746094,,,,,,,,,6332.477,1556.405,4659741.0
73055,2003,1,0,0,0,0,4377.0,8915.0,13292,0.329295814037323,331.0,75.4938735961914,97.5833511352539,,,,,20.0,,138.0,3675.0,49.170597076416016,,,,,,,,,0.0,0.0,
73055,2004,1,0,0,0,0,4286.0,8888.0,13174,0.32533779740333557,331.0,75.4938735961914,97.5833511352539,,,,,22.0,,138.0,3221.0,47.32452392578125,,,,,,,,,4723.678,1684.703,2520429.0
73055,2005,1,0,0,0,0,4200.0,8864.0,13064,0.3214941918849945,331.0,75.4938735961914,97.5833511352539,32.63332300932734,70.98535,14.0523,7.74261,21.0,25.0,139.0,3367.0,48.73950958251953,21.87,86.56853725850966,98.09143364403018,60.813492063492056,,71.54247163446796,,,4500.474,2678.528,3029054.0
73055,2006,1,0,0,0,0,4116.0,8837.0,12953,0.3177642226219177,331.0,75.4938735961914,97.5833511352539,,,,,22.0,22.0,122.0,3273.0,47.1982536315918,21.61,,,,,,,,5540.694094,1808.644094,3239041.0
73055,2007,1,0,0,0,0,4035.0,8801.0,12836,0.31435027718544006,331.0,75.4938735961914,97.5833511352539,,,,,,16.0,92.0,2236.0,49.20950698852539,21.35,,,,,,,1878.0,4475.801,1707.272,2728406.0
73055,2008,1,0,0,0,0,3959.0,8768.0,12727,0.3110709488391876,331.0,75.4938735961914,97.5833511352539,,,,,21.0,43.0,132.0,2981.0,47.874176025390625,21.09,71.6,71.17,72.31,45.57,46.52,,1959.0,6129.847,2276.768,5243162.0
73055,2009,1,0,0,0,0,3889.0,8731.0,12620,0.3081616461277008,331.0,75.4938735961914,97.5833511352539,,,,,22.0,51.0,131.0,3016.0,48.44746398925781,20.83,71.54,71.15,72.19,45.74,46.53,,2101.0,6879.482,2130.2129999999997,5888606.0
73055,2010,1,0,0,0,0,3820.0,8689.0,12509,0.3053801357746124,331.0,75.4938735961914,97.5833511352539,,,,,24.0,90.0,134.0,2890.0,47.62511444091797,20.57,100.0,100.0,100.0,64.04,65.19,,2235.0,8866.973,2576.844,7119554.0
73055,2011,1,0,0,0,0,3755.0,8646.0,12401,0.30279815196990967,331.0,75.4938735961914,97.5833511352539,,,,,24.0,47.0,137.0,2970.0,47.115501403808594,20.50566481660003,75.32,69.47,87.15,50.48,47.87,4175.0,2421.0,7240.531000000001,2850.221,
73055,2012,1,0,0,0,0,3692.0,8597.0,12289,0.3004312813282013,331.0,75.4938735961914,97.5833511352539,,,,,24.0,32.0,124.0,2806.0,46.61629867553711,18.45509833494003,79.25,75.3,87.24,54.41,51.8,4139.0,2515.0,8040.877,2656.198,
73055,2013,1,0,0,0,0,3632.0,8547.0,12179,0.2982182502746582,331.0,75.4938735961914,97.5833511352539,,,,,22.0,37.0,131.0,2659.0,47.897464752197266,18.199271553071046,81.18,76.16,90.57,53.45,50.94,4341.0,2531.0,12460.224,3587.1010000000006,
73055,2014,1,0,0,0,0,3576.0,8498.0,12074,0.2961736023426056,331.0,75.4938735961914,97.5833511352539,,,,,22.0,41.0,115.0,1828.0,48.6379508972168,18.13052673149295,79.6,75.73,86.51,52.24,49.74,4292.0,2889.0,12636.51,4063.859,
73055,2015,1,0,0,0,0,3519.0,8441.0,11960,0.29423075914382935,331.0,75.4938735961914,97.5833511352539,,,,,21.0,26.0,116.0,1880.0,48.230892181396484,20.258869264502906,78.46,74.02,86.55,51.46,48.98,4337.0,3039.0,14594.115234375,4536.435546875,
73055,2016,1,0,0,0,0,3463.0,8376.0,11839,0.2925078272819519,331.0,75.4938735961914,97.5833511352539,,,,,23.0,25.0,114.0,1811.0,47.899658203125,,78.47,74.02,86.59,58.2,54.34,,3196.0,14771.686902,4645.774409,
73055,2017,1,0,0,0,0,3410.0,8314.0,11724,0.29085636138916016,331.0,75.4938735961914,97.5833511352539,,,,,23.0,24.0,118.0,1834.0,47.189697265625,,,,,,,,,15593.945083536133,5140.57698059082,
73055,2018,1,0,0,0,0,4512.0,8184.0,12696,0.35538750886917114,331.0,75.4938735961914,97.5833511352539,14.92141974218612,27.3,4.7,3.6,23.0,27.0,119.0,1953.0,46.43480682373047,,,,,,,,,16879.421989100003,5684.86992542,
73055,2019,1,0,0,0,0,4490.0,7845.0,12335,0.36400485038757324,331.0,75.4938735961914,,,,,,23.0,26.0,122.0,1866.0,46.523468017578125,,,,,,,,,19708.75797185,6462.57458801,
73055,2020,1,0,0,0,0,4465.0,7573.0,12038,0.37090879678726196,331.0,75.4938735961914,,,,,,23.0,25.0,113.0,1834.0,45.59491729736328,,,,,,,,,18188.54111784,6441.706114709999,
73055,2021,1,0,0,0,0,4449.0,7623.0,12072,0.3685387670993805,331.0,75.4938735961914,,,,,,20.0,24.0,106.0,1825.0,46.79173278808594,,,,,,,,,21072.510882000002,7556.44609,
73055,2022,1,0,0,0,0,4434.0,7665.0,12099,0.36647656559944153,331.0,75.4938735961914,,,,,,21.0,30.0,113.0,1763.0,45.852848052978516,,,,,,,,,23087.155075000002,8375.514738,
73055,2023,1,0,0,0,0,4418.0,7709.0,12127,0.3643110394477844,331.0,75.4938735961914,,,,,,,,,,,,,,,,,,,25661.201918,8910.321775,
73124,1993,1,0,0,0,0,11482.0,8432.0,19914,0.5765792727470398,1814.0,32.110023498535156,27.004581451416016,38.559600830078125,,,,,,,,,,,,,,,,,911.9299926757812,911.9299926757812,
73124,1994,1,0,0,0,0,11420.0,8449.0,19869,0.5747647285461426,1814.0,32.110023498535156,27.004581451416016,,,,,,,,,,,,,,,,,,1016.8499755859375,861.8300170898438,
73124,1995,1,0,0,0,0,11343.0,8488.0,19831,0.571983277797699,1814.0,32.110023498535156,27.004581451416016,,,,,,,,,,,,,,,,,,1393.18994140625,1390.6800537109375,
73124,1996,1,0,0,0,0,11254.0,8545.0,19799,0.5684125423431396,1814.0,32.110023498535156,27.004581451416016,,,,,43.0,,181.0,4109.0,,,,,,,,,,1901.5699462890625,672.4199829101562,
73124,1997,1,0,0,0,0,11158.0,8616.0,19774,0.5642763376235962,1814.0,32.110023498535156,27.004581451416016,,,,,43.0,,179.0,4183.0,,,,,,,,,,2180.929931640625,703.3200073242188,
73124,1998,1,0,0,0,0,11058.0,8698.0,19756,0.5597286820411682,1814.0,32.110023498535156,27.004581451416016,,,,,46.0,,199.0,4290.0,,,,,,,,,,2378.949951171875,853.6500244140625,
73124,1999,1,0,0,0,0,10961.0,8787.0,19748,0.5550435781478882,1814.0,32.110023498535156,27.004581451416016,,,,,47.0,,219.0,4366.0,,,,,,,,,,3358.7900390625,1220.3800048828125,
73124,2000,1,0,0,0,0,10870.0,8879.0,19749,0.5504075884819031,1814.0,32.110023498535156,27.004581451416016,,,,,46.0,,218.0,4371.0,51.714168548583984,,,,,,,,,2966.162,1227.691,2268620.0
73124,2001,1,0,0,0,0,10786.0,8973.0,19759,0.5458778142929077,1814.0,32.110023498535156,27.004581451416016,,,,,45.0,,215.0,4327.0,50.948997497558594,,,,,,,,,3709.691,1048.49,2663414.0
73124,2002,1,0,0,0,0,10703.0,9069.0,19772,0.5413210391998291,1814.0,32.110023498535156,27.004581451416016,,,,,38.0,,175.0,4056.0,51.192813873291016,,,,,,,,,4565.028,1124.448,3205343.0
73124,2003,1,0,0,0,0,10616.0,9167.0,19783,0.5366223454475403,1814.0,32.110023498535156,27.004581451416016,,,,,30.0,,166.0,4360.0,51.692073822021484,,,,,,,,,4689.666,1644.629,3842989.0
73124,2004,1,0,0,0,0,10525.0,9264.0,19789,0.5318611264228821,1814.0,32.110023498535156,27.004581451416016,,,,,44.0,,174.0,4377.0,49.25611114501953,,,,,,,,,4829.053,1382.975,3830286.0
73124,2005,1,0,0,0,0,10428.0,9361.0,19789,0.5269594192504883,1814.0,32.110023498535156,27.004581451416016,28.341171297742946,66.76698,32.69343,16.00007,44.0,54.0,185.0,4381.0,48.341522216796875,20.62,68.41046277665997,99.50827000447026,37.29874776386404,,67.87391012743126,,,5873.366,1789.818,5063114.0
73124,2006,1,0,0,0,0,10325.0,9452.0,19777,0.5220710635185242,1814.0,32.110023498535156,27.004581451416016,,,,,44.0,55.0,174.0,4444.0,48.905235290527344,20.37,,,,,,,,5448.569269,1611.030269,4013951.0
73124,2007,1,0,0,0,0,10230.0,9535.0,19765,0.517581582069397,1814.0,32.110023498535156,27.004581451416016,,,,,42.0,104.0,180.0,4412.0,48.41382598876953,20.13,,,,,,,,6369.433999999999,1873.404,6034381.0
73124,2008,1,0,0,0,0,10140.0,9612.0,19752,0.5133657455444336,1814.0,32.110023498535156,27.004581451416016,,,,,44.0,55.0,194.0,4480.0,50.10152053833008,19.88,47.83,100.0,10.17,41.92,41.92,,,7454.767,1889.671,5900872.0
73124,2009,1,0,0,0,0,10057.0,9682.0,19739,0.5094989538192749,1814.0,32.110023498535156,27.004581451416016,,,,,45.0,76.0,171.0,4227.0,48.179195404052734,19.64,57.27,100.0,12.93,50.92,50.92,,,7845.6810000000005,1916.141,7417505.0
73124,2010,1,0,0,0,0,9982.0,9744.0,19726,0.5060326457023621,1814.0,32.110023498535156,27.004581451416016,,,,,45.0,79.0,170.0,4243.0,48.906005859375,19.39,56.1,100.0,22.21,50.2,50.2,,,8359.193,2099.94,9628991.0
73124,2011,1,0,0,0,0,9911.0,9801.0,19712,0.5027901530265808,1814.0,32.110023498535156,27.004581451416016,,,,,44.0,56.0,167.0,4201.0,48.175514221191406,19.39,55.82,100.0,21.97,50.02,50.02,4398.0,,8313.308,2443.197,
73124,2012,1,0,0,0,0,9847.0,9852.0,19699,0.4998731017112732,1814.0,32.110023498535156,27.004581451416016,,,,,44.0,58.0,162.0,4209.0,48.67634201049805,18.602951201894598,52.42,100.0,0.0,52.42,52.42,4481.0,,12583.954999999998,3274.0060000000003,
73124,2013,1,0,0,0,0,9789.0,9896.0,19685,0.4972822070121765,1814.0,32.110023498535156,27.004581451416016,,,,,45.0,45.0,165.0,4183.0,48.05348205566406,17.596908840765142,52.49,100.0,0.0,52.49,52.49,4561.0,,16456.001,4196.673,
73124,2014,1,0,0,0,0,9736.0,9935.0,19671,0.4949418008327484,1814.0,32.110023498535156,27.004581451416016,,,,,45.0,78.0,164.0,3280.0,47.864501953125,17.506830409074524,,,,,,4651.0,2172.0,15876.114,3985.313,
73124,2015,1,0,0,0,0,9688.0,9968.0,19656,0.4928774833679199,1814.0,32.110023498535156,27.004581451416016,,,,,43.0,52.0,168.0,3087.0,47.89335250854492,15.607339309689937,47.45,100.0,9.03,42.23,42.23,4762.0,2601.0,17511.509765625,5014.07080078125,
73124,2016,1,0,0,0,0,9645.0,9996.0,19641,0.4910646080970764,1814.0,32.110023498535156,27.004581451416016,,,,,44.0,41.0,172.0,3060.0,46.39802551269531,,47.41,100.0,4.57,44.89,44.89,,2675.0,17484.372,5418.103999999999,
73124,2017,1,0,0,0,0,9605.0,10021.0,19626,0.48940181732177734,1814.0,32.110023498535156,27.004581451416016,,,,,45.0,46.0,186.0,2968.0,46.826148986816406,,,,,,,,,20191.1222076416,6626.580459594727,
73124,2018,1,0,0,0,0,9010.0,9461.0,18471,0.48779168725013733,1814.0,32.110023498535156,27.004581451416016,11.141367323290845,36.2,31.7,19.6,45.0,44.0,179.0,2861.0,46.564186096191406,,,,,,,,,20136.633961,5874.45337,
73124,2019,1,0,0,0,0,8979.0,9464.0,18443,0.48685139417648315,1814.0,32.110023498535156,,,,,,45.0,46.0,179.0,3084.0,46.911842346191406,,,,,,,,,36732.62156047,20547.030788199998,
73124,2020,1,0,0,0,0,8964.0,9478.0,18442,0.4860644042491913,1814.0,32.110023498535156,,,,,,45.0,42.0,172.0,3101.0,47.89493179321289,,,,,,,,,27482.04237878,9197.973691,
73124,2021,1,0,0,0,0,8929.0,9565.0,18494,0.4828052222728729,1814.0,32.110023498535156,,,,,,42.0,40.0,165.0,2940.0,47.9147834777832,,,,,,,,,31067.224989,11921.037832999998,
73124,2022,1,0,0,0,0,8896.0,9639.0,18535,0.47995683550834656,1814.0,32.110023498535156,,,,,,41.0,42.0,169.0,2995.0,48.14830017089844,,,,,,,,,34728.277463,11920.799863,
73124,2023,1,0,0,0,0,8864.0,9714.0,18578,0.4771234691143036,1814.0,32.110023498535156,,,,,,,,,,,,,,,,,,,39560.545549,13907.637359,
73152,1993,1,0,0,0,0,5731.0,1598.0,7329,0.7819620966911316,1900.0,65.55658721923828,64.33033752441406,42.61178970336914,,,,,,,,,,,,,,,,,309.2300109863281,309.2300109863281,
73152,1994,1,0,0,0,0,5688.0,1577.0,7265,0.7829318642616272,1900.0,65.55658721923828,64.33033752441406,,,,,,,,,,,,,,,,,,350.05999755859375,350.05999755859375,
73152,1995,1,0,0,0,0,5643.0,1559.0,7202,0.7835323810577393,1900.0,65.55658721923828,64.33033752441406,,,,,,,,,,,,,,,,,,462.0400085449219,441.07000732421875,
73152,1996,1,0,0,0,0,5596.0,1546.0,7142,0.783534049987793,1900.0,65.55658721923828,64.33033752441406,,,,,28.0,,59.0,1341.0,,,,,,,,,,740.219970703125,182.7100067138672,
73152,1997,1,0,0,0,0,5552.0,1535.0,7087,0.7834062576293945,1900.0,65.55658721923828,64.33033752441406,,,,,28.0,,62.0,1408.0,,,,,,,,,,900.4600219726562,247.72000122070312,
73152,1998,1,0,0,0,0,5511.0,1526.0,7037,0.7831462025642395,1900.0,65.55658721923828,64.33033752441406,,,,,29.0,,59.0,1423.0,,,,,,,,,,908.2100219726562,265.9700012207031,
73152,1999,1,0,0,0,0,5476.0,1520.0,6996,0.7827329635620117,1900.0,65.55658721923828,64.33033752441406,,,,,30.0,,58.0,1434.0,,,,,,,,,,1569.469970703125,329.010009765625,
73152,2000,1,0,0,0,0,5450.0,1513.0,6963,0.7827085852622986,1900.0,65.55658721923828,64.33033752441406,,,,,30.0,,59.0,1474.0,48.24589157104492,,,,,,,,,1737.837,297.562,1315486.0
73152,2001,1,0,0,0,0,5433.0,1510.0,6943,0.782514750957489,1900.0,65.55658721923828,64.33033752441406,,,,,29.0,,55.0,1396.0,46.5245246887207,,,,,,,,,1792.308,295.367,1356436.0
73152,2002,1,0,0,0,0,5421.0,1506.0,6927,0.782589852809906,1900.0,65.55658721923828,64.33033752441406,,,,,25.0,,54.0,1502.0,48.72251892089844,,,,,,,,,1440.709,269.301,1712164.0
73152,2003,1,0,0,0,0,5413.0,1504.0,6917,0.7825646996498108,1900.0,65.55658721923828,64.33033752441406,,,,,26.0,,56.0,1638.0,48.51027297973633,,,,,,,,,2122.845,379.927,1428083.0
73152,2004,1,0,0,0,0,5408.0,1503.0,6911,0.782520592212677,1900.0,65.55658721923828,64.33033752441406,,,,,28.0,,58.0,1626.0,47.086299896240234,,,,,,,,,1836.055,314.983,1741826.0
73152,2005,1,0,0,0,0,5406.0,1503.0,6909,0.7824576497077942,1900.0,65.55658721923828,64.33033752441406,32.54773269689738,76.59606,35.79611,33.50515,28.0,,61.0,1600.0,46.99897384643555,24.33,66.33892423366107,98.39816933638444,55.4953560371517,,33.314054366685944,,,2466.838,474.895,2203571.0
73152,2006,1,0,0,0,0,5405.0,1503.0,6908,0.7824261784553528,1900.0,65.55658721923828,64.33033752441406,,,,,28.0,,64.0,1550.0,48.484249114990234,24.04,,,,,,,,2111.215432,482.9424319999999,0.0
73152,2007,1,0,0,0,0,5383.0,1498.0,6881,0.7822991013526917,1900.0,65.55658721923828,64.33033752441406,,,,,,3.0,26.0,737.0,49.095985412597656,23.75,,,,,,,,2460.284,714.9830000000001,0.0
73152,2008,1,0,0,0,0,5363.0,1494.0,6857,0.7821204662322998,1900.0,65.55658721923828,64.33033752441406,,,,,30.0,5.0,65.0,1555.0,48.16194534301758,23.46,29.95,100.0,0.0,29.95,29.95,,,3905.284,735.861,2910457.0
73152,2009,1,0,0,0,0,5349.0,1490.0,6839,0.7821319103240967,1900.0,65.55658721923828,64.33033752441406,,,,,30.0,24.0,68.0,1508.0,47.63219451904297,23.17,27.95,100.0,0.0,27.95,27.95,,326.0,4903.927,1350.798,
73152,2010,1,0,0,0,0,5328.0,1486.0,6814,0.7819195985794067,1900.0,65.55658721923828,64.33033752441406,,,,,30.0,22.0,67.0,1447.0,50.08763122558594,22.88,27.92,100.0,0.0,27.92,27.92,,347.0,4400.936,919.7170000000001,3995158.0
73152,2011,1,0,0,0,0,5303.0,1480.0,6783,0.7818074822425842,1900.0,65.55658721923828,64.33033752441406,,,,,30.0,14.0,73.0,1413.0,51.07540512084961,20.592,27.8,100.0,0.0,27.8,27.8,1860.0,362.0,4845.101000000001,925.575,
73152,2012,1,0,0,0,0,5290.0,1478.0,6768,0.7816193699836731,1900.0,65.55658721923828,64.33033752441406,,,,,30.0,9.0,63.0,1327.0,48.64214324951172,20.497787404655078,27.28,100.0,0.0,27.28,27.28,1813.0,395.0,5377.914000000001,1046.568,
73152,2013,1,0,0,0,0,5265.0,1473.0,6738,0.7813891172409058,1900.0,65.55658721923828,64.33033752441406,,,,,30.0,8.0,66.0,1293.0,49.61200714111328,20.239959460063243,27.81,100.0,0.0,27.81,27.81,1896.0,418.0,7092.723,1319.374,
73152,2014,1,0,0,0,0,5246.0,1469.0,6715,0.7812360525131226,1900.0,65.55658721923828,64.33033752441406,,,,,30.0,32.0,65.0,508.0,49.18304443359375,21.773949800084726,27.58,100.0,0.0,27.58,27.58,1852.0,445.0,7789.219,1462.773,
73152,2015,1,0,0,0,0,5220.0,1464.0,6684,0.780969500541687,1900.0,65.55658721923828,64.33033752441406,,,,,27.0,8.0,64.0,646.0,48.71978759765625,23.37163175,27.57,100.0,0.0,27.57,27.57,1864.0,584.0,10599.17578125,1727.56701660156,
73152,2016,1,0,0,0,0,5200.0,1461.0,6661,0.7806635499000549,1900.0,65.55658721923828,64.33033752441406,,,,,29.0,9.0,68.0,598.0,48.820892333984375,,77.14,82.95,74.79,23.23,23.23,,608.0,8320.096,1613.7459999999999,
73152,2017,1,0,0,0,0,5181.0,1458.0,6639,0.780388593673706,1900.0,65.55658721923828,64.33033752441406,,,,,29.0,9.0,64.0,583.0,48.16752243041992,,,,,,,,,9785.66316986084,1531.2161483764648,
73152,2018,1,0,0,0,0,4653.0,1720.0,6373,0.7301114201545715,1900.0,65.55658721923828,64.33033752441406,14.719796215429403,43.8,34.1,34.9,29.0,9.0,66.0,512.0,46.56555938720703,,,,,,,,,9168.96280969,1492.96322,
73152,2019,1,0,0,0,0,4638.0,1688.0,6326,0.7331647276878357,1900.0,65.55658721923828,,,,,,29.0,8.0,63.0,501.0,48.12103271484375,,,,,,,,,11901.406395,1813.878078,
73152,2020,1,0,0,0,0,4639.0,1658.0,6297,0.7366999983787537,1900.0,65.55658721923828,,,,,,29.0,9.0,67.0,453.0,47.72818374633789,,,,,,,,,9542.39761351,1525.3490637,
73152,2021,1,0,0,0,0,4623.0,1692.0,6315,0.7320665121078491,1900.0,65.55658721923828,,,,,,27.0,8.0,66.0,565.0,48.77867889404297,,,,,,,,,12934.785431,1968.1421129999999,
73152,2022,1,0,0,0,0,4607.0,1722.0,6329,0.7279191017150879,1900.0,65.55658721923828,,,,,,27.0,10.0,67.0,561.0,47.5538444519043,,,,,,,,,11512.652673,1829.600369,
73152,2023,1,0,0,0,0,4591.0,1753.0,6344,0.7236759066581726,1900.0,65.55658721923828,,,,,,,,,,,,,,,,,,,13016.637752,2273.1252935,
73200,1993,1,0,0,0,0,7129.0,1460.0,8589,0.8300151228904724,300.0,33.35049057006836,81.43058776855469,53.08464813232422,,,,,,,,,,,,,,,,,508.79998779296875,487.4599914550781,
73200,1994,1,0,0,0,0,7068.0,1451.0,8519,0.8296748399734497,300.0,33.35049057006836,81.43058776855469,,,,,,,,,,,,,,,,,,577.0999755859375,506.010009765625,
73200,1995,1,0,0,0,0,7031.0,1443.0,8474,0.8297144174575806,300.0,33.35049057006836,81.43058776855469,,,,,,,,,,,,,,,,,,938.739990234375,928.280029296875,
73200,1996,1,0,0,0,0,7017.0,1437.0,8454,0.8300212621688843,300.0,33.35049057006836,81.43058776855469,,,,,21.0,,93.0,1819.0,,,,,,,,,,1209.5799560546875,571.3400268554688,
73200,1997,1,0,0,0,0,7024.0,1432.0,8456,0.8306527733802795,300.0,33.35049057006836,81.43058776855469,,,,,21.0,,104.0,1910.0,,,,,,,,,,0.0,0.0,
73200,1998,1,0,0,0,0,7050.0,1430.0,8480,0.8313679099082947,300.0,33.35049057006836,81.43058776855469,,,,,21.0,,106.0,1903.0,,,,,,,,,,2622.75,1181.0799560546875,
73200,1999,1,0,0,0,0,7094.0,1432.0,8526,0.8320431709289551,300.0,33.35049057006836,81.43058776855469,,,,,21.0,,114.0,1934.0,,,,,,,,,,3525.159912109375,1564.6300048828125,
73200,2000,1,0,0,0,0,7154.0,1435.0,8589,0.8329258561134338,300.0,33.35049057006836,81.43058776855469,,,,,19.0,,105.0,1958.0,46.580650329589844,,,,,,,,,5471.665,1666.931,3609189.0
73200,2001,1,0,0,0,0,7226.0,1443.0,8669,0.8335447907447815,300.0,33.35049057006836,81.43058776855469,,,,,19.0,,98.0,2030.0,47.39436340332031,,,,,,,,,6762.812,1829.897,4210182.0
73200,2002,1,0,0,0,0,7301.0,1456.0,8757,0.8337330222129822,300.0,33.35049057006836,81.43058776855469,,,,,17.0,,95.0,2156.0,47.9669303894043,,,,,,,,,7947.884,2520.165,7091320.0
73200,2003,1,0,0,0,0,7373.0,1475.0,8848,0.8332956433296204,300.0,33.35049057006836,81.43058776855469,,,,,17.0,,79.0,2266.0,48.58171844482422,,,,,,,,,6943.753,2330.625,7014465.0
73200,2004,1,0,0,0,0,7436.0,1500.0,8936,0.8321396708488464,300.0,33.35049057006836,81.43058776855469,,,,,19.0,,94.0,2155.0,46.43130874633789,,,,,,,,,4888.075999999999,2059.236,4675670.0
73200,2005,1,0,0,0,0,7484.0,1533.0,9017,0.8299878239631653,300.0,33.35049057006836,81.43058776855469,45.76899322937669,78.52794,27.784110000000002,35.08087,17.0,,92.0,2283.0,46.55050277709961,28.01,78.70154133582437,97.69452449567724,75.0278706800446,,30.219523587108828,,,5265.753,1847.065,5427622.0
73200,2006,1,0,0,0,0,7515.0,1572.0,9087,0.8270056247711182,300.0,33.35049057006836,81.43058776855469,,,,,17.0,,104.0,2252.0,46.23761749267578,28.01,,,,,,,,7494.497132,3099.889132,5675101.0
73200,2007,1,0,0,0,0,7545.0,1609.0,9154,0.8242298364639282,300.0,33.35049057006836,81.43058776855469,,,,,,12.0,109.0,2250.0,47.03526306152344,28.01,,,,,,,,5338.612999999999,2441.604,5219166.0
73200,2008,1,0,0,0,0,7577.0,1646.0,9223,0.8215331435203552,300.0,33.35049057006836,81.43058776855469,,,,,18.0,12.0,111.0,2185.0,47.2630500793457,28.01,37.33,60.97,32.4,13.22,12.83,,,6242.589,2376.379,4687344.0
73200,2009,1,0,0,0,0,7614.0,1681.0,9295,0.8191500902175903,300.0,33.35049057006836,81.43058776855469,,,,,18.0,20.0,109.0,2125.0,46.88704299926758,28.01,38.29,69.54,32.78,14.27,13.91,,,6332.865,2417.153,5989979.0
73200,2010,1,0,0,0,0,7655.0,1715.0,9370,0.8169690370559692,300.0,33.35049057006836,81.43058776855469,,,,,20.0,31.0,106.0,2011.0,48.47798156738281,28.01,38.55,69.65,33.08,14.2,13.84,,,7934.621,2677.75,10806319.0
73200,2011,1,0,0,0,0,7693.0,1747.0,9440,0.8149364590644836,300.0,33.35049057006836,81.43058776855469,,,,,20.0,21.0,105.0,1932.0,47.891849517822266,28.01,37.77,69.6,32.25,14.07,13.72,2224.0,,7267.272562000001,3212.037314,
73200,2012,1,0,0,0,0,7740.0,1780.0,9520,0.8130252361297607,300.0,33.35049057006836,81.43058776855469,,,,,20.0,12.0,92.0,1819.0,46.26985168457031,27.883902190844115,37.56,69.4,32.04,13.96,13.61,2239.0,401.0,7945.566627,3342.301978,
73200,2013,1,0,0,0,0,7783.0,1809.0,9592,0.8114053606987,300.0,33.35049057006836,81.43058776855469,,,,,19.0,44.0,88.0,1709.0,46.41368103027344,25.095511971759702,36.21,69.15,30.72,13.46,13.13,2291.0,418.0,10093.103,3840.866,
73200,2014,1,0,0,0,0,7829.0,1839.0,9668,0.8097848296165466,300.0,33.35049057006836,81.43058776855469,,,,,19.0,24.0,88.0,1477.0,45.730804443359375,23.008190173449318,64.57,100.0,45.89,55.77,64.51,2458.0,1169.0,10930.21,3985.115,
73200,2015,1,0,0,0,0,7874.0,1866.0,9740,0.808418869972229,300.0,33.35049057006836,81.43058776855469,,,,,17.0,11.0,90.0,1309.0,47.51133728027344,24.81686945,100.0,100.0,100.0,100.0,100.0,2399.0,1192.0,13132.666015625,4239.89599609375,
73200,2016,1,0,0,0,0,7918.0,1892.0,9810,0.8071355819702148,300.0,33.35049057006836,81.43058776855469,,,,,19.0,13.0,86.0,1301.0,48.224727630615234,,100.0,100.0,100.0,100.0,100.0,,1217.0,13901.291000000001,4446.194,
73200,2017,1,0,0,0,0,7969.0,1918.0,9887,0.8060078620910645,300.0,33.35049057006836,81.43058776855469,,,,,19.0,12.0,91.0,1348.0,45.95560836791992,,,,,,,,,12862.050561721924,5143.551044464111,
73200,2018,1,0,0,0,0,6766.0,1482.0,8248,0.8203200697898865,300.0,33.35049057006836,81.43058776855469,15.450300200133423,35.8,14.1,14.4,19.0,15.0,91.0,1373.0,44.99728012084961,,,,,,,,,13325.80271395,5672.68298813,
73200,2019,1,0,0,0,0,6789.0,1497.0,8286,0.8193337917327881,300.0,33.35049057006836,,,,,,19.0,14.0,93.0,1302.0,44.34636688232422,,,,,,,,,14920.022469,5627.941168,
73200,2020,1,0,0,0,0,6809.0,1511.0,8320,0.8183894157409668,300.0,33.35049057006836,,,,,,19.0,15.0,87.0,1273.0,45.7484245300293,,,,,,,,,14155.934393,5337.406809,
73200,2021,1,0,0,0,0,6786.0,1559.0,8345,0.8131815195083618,300.0,33.35049057006836,,,,,,16.0,14.0,84.0,1233.0,43.66197204589844,,,,,,,,,15763.686049000002,5524.538511000001,
73200,2022,1,0,0,0,0,6763.0,1601.0,8364,0.8085843920707703,300.0,33.35049057006836,,,,,,16.0,16.0,85.0,1276.0,44.316654205322266,,,,,,,,,24324.334347999997,7109.689157,
73200,2023,1,0,0,0,0,6739.0,1644.0,8383,0.8038887977600098,300.0,33.35049057006836,,,,,,,,,,,,,,,,,,,17829.838508,7354.510331,
73268,1993,1,0,0,0,0,24993.0,49345.0,74338,0.3362075984477997,323.0,42.87604904174805,83.6397476196289,33.92142105102539,,,,,,,,,,,,,,,,,2968.860107421875,2785.429931640625,
73268,1994,1,0,0,0,0,24660.0,49870.0,74530,0.3308734595775604,323.0,42.87604904174805,83.6397476196289,,,,,,,,,,,,,,,,,,3308.9599609375,3033.860107421875,
73268,1995,1,0,0,0,0,24292.0,50430.0,74722,0.3250983655452728,323.0,42.87604904174805,83.6397476196289,,,,,,,,,,,,,,,,,,4423.14013671875,4131.8798828125,
73268,1996,1,0,0,0,0,23891.0,51020.0,74911,0.3189251124858856,323.0,42.87604904174805,83.6397476196289,,,,,63.0,,828.0,16990.0,,,,,,,,,,5587.4599609375,1933.7099609375,
73268,1997,1,0,0,0,0,23477.0,51626.0,75103,0.3125973641872406,323.0,42.87604904174805,83.6397476196289,,,,,64.0,,819.0,18011.0,,,,,,,,,,6265.72021484375,2497.81005859375,
73268,1998,1,0,0,0,0,23057.0,52229.0,75286,0.30625879764556885,323.0,42.87604904174805,83.6397476196289,,,,,64.0,,845.0,18119.0,,,,,,,,,,7654.4599609375,2810.9599609375,
73268,1999,1,0,0,0,0,22648.0,52808.0,75456,0.3001484274864197,323.0,42.87604904174805,83.6397476196289,,,,,65.0,,827.0,18449.0,,,,,,,,,,11744.9697265625,4064.800048828125,
73268,2000,1,0,0,0,0,22245.0,53360.0,75605,0.29422658681869507,323.0,42.87604904174805,83.6397476196289,,,,,61.0,,837.0,17812.0,48.09225845336914,,,,,,,,,9996.278,3670.106,3751289.0
73268,2001,1,0,0,0,0,21878.0,53876.0,75754,0.28880321979522705,323.0,42.87604904174805,83.6397476196289,,,,,64.0,,800.0,17842.0,47.851078033447266,,,,,,,,,15041.218,4733.912,6827119.0
73268,2002,1,0,0,0,0,21511.0,54386.0,75897,0.2834235727787018,323.0,42.87604904174805,83.6397476196289,,,,,41.0,,763.0,17346.0,47.10416030883789,,,,,,,,,0.0,0.0,
73268,2003,1,0,0,0,0,21150.0,54870.0,76020,0.27821627259254456,323.0,42.87604904174805,83.6397476196289,,,,,46.0,,699.0,17948.0,48.39279556274414,,,,,,,,,14231.224,5711.541,14159758.0
73268,2004,1,0,0,0,0,20794.0,55330.0,76124,0.27315959334373474,323.0,42.87604904174805,83.6397476196289,,,,,65.0,,707.0,17417.0,48.06114959716797,,,,,,,,,14289.214,6033.739000000001,13498497.0
73268,2005,1,0,0,0,0,20439.0,55798.0,76237,0.2680981755256653,323.0,42.87604904174805,83.6397476196289,27.927722326709354,55.27163,15.194949999999999,5.68178,68.0,197.0,781.0,17816.0,48.07598876953125,18.45,85.47601655709764,98.54914458235491,50.86589698046181,,79.99147796445094,,,17894.205,7934.736,16361113.0
73268,2006,1,0,0,0,0,20087.0,56203.0,76290,0.2632979452610016,323.0,42.87604904174805,83.6397476196289,,,,,68.0,197.0,761.0,17098.0,48.75527572631836,18.24,,,,,,,7939.0,19764.380246,9939.608246,11532736.0
73268,2007,1,0,0,0,0,19755.0,56586.0,76341,0.25877314805984497,323.0,42.87604904174805,83.6397476196289,,,,,64.0,200.0,705.0,14572.0,48.1749267578125,18.02,,,,,,,8786.0,24833.276,12905.417,19946130.0
73268,2008,1,0,0,0,0,19445.0,56931.0,76376,0.25459569692611694,323.0,42.87604904174805,83.6397476196289,,,,,69.0,218.0,776.0,16417.0,48.28394317626953,17.8,39.3,49.78,10.85,39.3,39.3,,9288.0,30501.688,15650.214,26351734.0
73268,2009,1,0,0,0,0,19157.0,57241.0,76398,0.25075262784957886,323.0,42.87604904174805,83.6397476196289,,,,,69.0,214.0,794.0,17123.0,47.89730453491211,17.58,42.15,52.95,11.36,42.15,42.15,,10013.0,33182.339,16702.147,30177832.0
73268,2010,1,0,0,0,0,18891.0,57514.0,76405,0.24724821746349335,323.0,42.87604904174805,83.6397476196289,,,,,77.0,256.0,769.0,16501.0,48.188697814941406,17.36,42.16,52.55,12.5,42.16,42.16,,10647.0,33928.03,16225.847,32091052.0
73268,2011,1,0,0,0,0,18646.0,57752.0,76398,0.24406397342681885,323.0,42.87604904174805,83.6397476196289,,,,,78.0,234.0,783.0,16574.0,48.00271987915039,16.147357189508707,38.01,47.66,10.22,38.25,37.98,20543.0,11523.0,31692.507036,16878.583018,
73268,2012,1,0,0,0,0,18423.0,57954.0,76377,0.24121135473251343,323.0,42.87604904174805,83.6397476196289,,,,,73.0,308.0,786.0,16215.0,48.14154815673828,15.145628284932199,36.92,2.13,43.38,36.36,36.13,20697.0,12326.0,42289.901,20133.145999999997,
73268,2013,1,0,0,0,0,18218.0,58123.0,76341,0.23863978683948517,323.0,42.87604904174805,83.6397476196289,,,,,75.0,255.0,791.0,16169.0,47.541446685791016,13.631065456438979,96.42,99.92,69.78,96.42,96.42,21944.0,12523.0,53137.431000000004,18834.417,
73268,2014,1,0,0,0,0,18031.0,58260.0,76291,0.2363450527191162,323.0,42.87604904174805,83.6397476196289,,,,,75.0,245.0,748.0,15587.0,47.8651123046875,13.137683275799988,90.52,100.0,51.89,90.52,90.52,22302.0,16678.0,57088.016,21250.296000000002,
73268,2015,1,0,0,0,0,17860.0,58367.0,76227,0.2343001812696457,323.0,42.87604904174805,83.6397476196289,,,,,70.0,198.0,768.0,15317.0,47.17701721191406,14.26580836,100.0,100.0,100.0,100.0,100.0,23234.0,17677.0,77792.921875,24476.595703125,
73268,2016,1,0,0,0,0,17705.0,58444.0,76149,0.2325046956539154,323.0,42.87604904174805,83.6397476196289,,,,,75.0,190.0,808.0,14770.0,48.56201171875,,79.84,100.0,23.91,79.84,79.83,,18397.0,66172.739963,25298.524681,
73268,2017,1,0,0,0,0,17562.0,58494.0,76056,0.2309088110923767,323.0,42.87604904174805,83.6397476196289,,,,,79.0,158.0,827.0,14491.0,48.35932540893555,,,,,,,,,68772.89083308593,28019.43719482422,
73268,2018,1,0,0,0,0,19830.0,50664.0,70494,0.28130054473876953,323.0,42.87604904174805,83.6397476196289,8.677464495191591,19.2,3.6,1.5,79.0,165.0,804.0,14311.0,47.28328323364258,,,,,,,,,75851.06577126999,30024.940819519998,
73268,2019,1,0,0,0,0,19827.0,50942.0,70769,0.28016504645347595,323.0,42.87604904174805,,,,,,80.0,205.0,829.0,14220.0,47.28480911254883,,,,,,,,,85024.95534342999,29765.04703866,
73268,2020,1,0,0,0,0,19804.0,51211.0,71015,0.27887067198753357,323.0,42.87604904174805,,,,,,80.0,192.0,814.0,13853.0,47.857810974121094,,,,,,,,,84913.64071797,29901.58669584,
73268,2021,1,0,0,0,0,19737.0,51484.0,71221,0.2771233320236206,323.0,42.87604904174805,,,,,,75.0,210.0,778.0,13616.0,47.60409164428711,,,,,,,,,97156.894589,37635.20103075,
73268,2022,1,0,0,0,0,19669.0,51714.0,71383,0.2755417823791504,323.0,42.87604904174805,,,,,,76.0,223.0,792.0,13737.0,48.26921463012695,,,,,,,,,113378.960924,43834.398908999996,
73268,2023,1,0,0,0,0,19600.0,51949.0,71549,0.2739381492137909,323.0,42.87604904174805,,,,,,,,,,,,,,,,,,,130583.57252,54675.5775265,
73275,1993,1,0,0,0,0,4226.0,20549.0,24775,0.17057517170906067,290.0,44.74721145629883,75.3204345703125,32.918861389160156,,,,,,,,,,,,,,,,,830.7000122070312,830.7000122070312,
73275,1994,1,0,0,0,0,4204.0,20710.0,24914,0.16874046623706818,290.0,44.74721145629883,75.3204345703125,,,,,,,,,,,,,,,,,,1170.0899658203125,1170.0899658203125,
73275,1995,1,0,0,0,0,4188.0,20926.0,25114,0.16675958037376404,290.0,44.74721145629883,75.3204345703125,,,,,,,,,,,,,,,,,,1347.7099609375,1339.760009765625,
73275,1996,1,0,0,0,0,4180.0,21183.0,25363,0.1648070067167282,290.0,44.74721145629883,75.3204345703125,,,,,24.0,,255.0,6082.0,,,,,,,,,,2049.639892578125,895.239990234375,
73275,1997,1,0,0,0,0,4176.0,21472.0,25648,0.16281971335411072,290.0,44.74721145629883,75.3204345703125,,,,,24.0,,246.0,6089.0,,,,,,,,,,2635.2099609375,1060.1500244140625,
73275,1998,1,0,0,0,0,4179.0,21779.0,25958,0.16099083423614502,290.0,44.74721145629883,75.3204345703125,,,,,26.0,,244.0,6169.0,,,,,,,,,,3455.110107421875,1319.5899658203125,
73275,1999,1,0,0,0,0,4187.0,22092.0,26279,0.15932874381542206,290.0,44.74721145629883,75.3204345703125,,,,,26.0,,262.0,6371.0,,,,,,,,,,4212.97021484375,1834.8900146484375,
73275,2000,1,0,0,0,0,4199.0,22399.0,26598,0.15786901116371155,290.0,44.74721145629883,75.3204345703125,,,,,25.0,,257.0,6365.0,46.558170318603516,,,,,,,,,3633.497,1547.367,2643662.0
73275,2001,1,0,0,0,0,4215.0,22696.0,26911,0.15662740170955658,290.0,44.74721145629883,75.3204345703125,,,,,24.0,,250.0,6459.0,46.54637908935547,,,,,,,,,5271.239,1554.235,4419463.0
73275,2002,1,0,0,0,0,4229.0,22982.0,27211,0.15541508793830872,290.0,44.74721145629883,75.3204345703125,,,,,15.0,,257.0,6463.0,46.34850311279297,,,,,,,,,5320.134,1794.414,3878174.0
73275,2003,1,0,0,0,0,4239.0,23250.0,27489,0.15420714020729065,290.0,44.74721145629883,75.3204345703125,,,,,15.0,,238.0,6519.0,46.58494186401367,,,,,,,,,5308.659,2437.694,3889576.0
73275,2004,1,0,0,0,0,4242.0,23494.0,27736,0.15294203162193298,290.0,44.74721145629883,75.3204345703125,,,,,26.0,,255.0,6261.0,45.99359893798828,,,,,,,,,6044.611,2478.838,5723924.0
73275,2005,1,0,0,0,0,4234.0,23709.0,27943,0.15152274072170258,290.0,44.74721145629883,75.3204345703125,21.40235600330423,47.70975,10.78496,5.40829,27.0,53.0,260.0,6616.0,46.58993911743164,14.07,89.73834234761,97.67481620789879,42.943548387096776,,83.68659552696974,,,4500.959,1634.121,5271649.0
73275,2006,1,0,0,0,0,4216.0,23888.0,28104,0.1500142365694046,290.0,44.74721145629883,75.3204345703125,,,,,27.0,59.0,274.0,6510.0,46.26865768432617,14.07,,,,,,,3533.0,8150.979345,2941.062345,6604850.0
73275,2007,1,0,0,0,0,4194.0,24034.0,28228,0.14857588708400726,290.0,44.74721145629883,75.3204345703125,,,,,27.0,51.0,274.0,6280.0,45.630165100097656,14.07,,,,,,,3969.0,8846.914999999999,3752.89,9851273.0
73275,2008,1,0,0,0,0,4175.0,24183.0,28358,0.1472247689962387,290.0,44.74721145629883,75.3204345703125,,,,,25.0,77.0,270.0,6408.0,46.252586364746094,14.07,99.99,99.99,100.0,99.99,99.99,,4149.0,8146.153,2866.061,8338583.0
73275,2009,1,0,0,0,0,4154.0,24317.0,28471,0.1459028422832489,290.0,44.74721145629883,75.3204345703125,,,,,26.0,96.0,273.0,6319.0,46.386959075927734,14.06,98.71,98.8,95.43,98.71,98.71,,4764.0,9831.405999999999,3924.085,9499320.0
73275,2010,1,0,0,0,0,4135.0,24457.0,28592,0.1446208655834198,290.0,44.74721145629883,75.3204345703125,,,,,26.0,89.0,257.0,5862.0,46.260860443115234,14.06,58.68,65.74,24.99,58.68,58.7,,4892.0,9366.621,4107.334,8584050.0
73275,2011,1,0,0,0,0,4116.0,24583.0,28699,0.14341963827610016,290.0,44.74721145629883,75.3204345703125,,,,,26.0,94.0,263.0,5685.0,45.143760681152344,12.709261004942096,59.65,66.61,25.61,59.65,59.67,11699.0,5492.0,9323.76117,4594.107134,
73275,2012,1,0,0,0,0,4098.0,24703.0,28801,0.1422867327928543,290.0,44.74721145629883,75.3204345703125,,,,,27.0,85.0,265.0,5587.0,45.5516357421875,12.558797628574425,58.68,65.74,24.99,58.68,58.7,12114.0,5834.0,12024.008,5549.915,
73275,2013,1,0,0,0,0,4081.0,24822.0,28903,0.14119641482830048,290.0,44.74721145629883,75.3204345703125,,,,,27.0,81.0,269.0,5322.0,45.23761749267578,12.263243487861962,63.62,70.08,30.82,63.62,63.64,12697.0,5920.0,18000.186,7168.698,
73275,2014,1,0,0,0,0,4065.0,24943.0,29008,0.14013375341892242,290.0,44.74721145629883,75.3204345703125,,,,,27.0,59.0,251.0,5033.0,44.75852584838867,11.685797079378602,63.65,70.11,30.82,63.65,63.66,13389.0,6972.0,18611.517,9245.705,
73275,2015,1,0,0,0,0,4050.0,25056.0,29106,0.1391465663909912,290.0,44.74721145629883,75.3204345703125,,,,,25.0,56.0,240.0,4443.0,44.084144592285156,12.222072330307782,63.73,70.12,31.54,63.73,63.74,13798.0,7348.0,24873.759765625,14738.5888671875,
73275,2016,1,0,0,0,0,4036.0,25163.0,29199,0.13822391629219055,290.0,44.74721145629883,75.3204345703125,,,,,27.0,54.0,254.0,4267.0,44.13582992553711,,59.57,66.37,26.51,59.57,59.57,,7758.0,21466.501919,11584.928233999999,
73275,2017,1,0,0,0,0,4023.0,25273.0,29296,0.13732250034809113,290.0,44.74721145629883,75.3204345703125,,,,,27.0,52.0,252.0,4420.0,44.58002853393555,,,,,,,,,28948.165549387697,13096.908401489258,
73275,2018,1,0,0,0,0,3838.0,24551.0,28389,0.13519321382045746,290.0,44.74721145629883,75.3204345703125,7.005016661173972,17.4,1.4,2.4,27.0,52.0,265.0,4469.0,44.41622543334961,,,,,,,,,28140.40874512,17181.907366,
73275,2019,1,0,0,0,0,3841.0,24669.0,28510,0.1347246617078781,290.0,44.74721145629883,,,,,,27.0,56.0,264.0,4419.0,44.36626434326172,,,,,,,,,34118.69245481,22601.559013809998,
73275,2020,1,0,0,0,0,3843.0,24772.0,28615,0.13430018723011017,290.0,44.74721145629883,,,,,,27.0,55.0,256.0,4235.0,44.068992614746094,,,,,,,,,26518.903686060003,12314.996804710001,
73275,2021,1,0,0,0,0,3830.0,24870.0,28700,0.1334494799375534,290.0,44.74721145629883,,,,,,26.0,58.0,243.0,4127.0,44.71003723144531,,,,,,,,,34563.535873,18499.147716,
73275,2022,1,0,0,0,0,3817.0,24949.0,28766,0.1326913684606552,290.0,44.74721145629883,,,,,,26.0,59.0,254.0,4868.0,44.63451385498047,,,,,,,,,42794.800705,19746.072673,
73275,2023,1,0,0,0,0,3803.0,25029.0,28832,0.1319020539522171,290.0,44.74721145629883,,,,,,,,,,,,,,,,,,,35115.908564,17934.804403,
73319,1993,1,0,0,0,0,21241.0,15305.0,36546,0.5812126994132996,321.0,45.652130126953125,92.03362274169922,42.85758590698242,,,,,,,,,,,,,,,,,1521.6800537109375,1504.530029296875,
73319,1994,1,0,0,0,0,21101.0,15308.0,36409,0.5795544981956482,321.0,45.652130126953125,92.03362274169922,,,,,,,,,,,,,,,,,,2107.050048828125,2088.419921875,
73319,1995,1,0,0,0,0,20915.0,15348.0,36263,0.5767586827278137,321.0,45.652130126953125,92.03362274169922,,,,,,,,,,,,,,,,,,2750.8701171875,2745.7900390625,
73319,1996,1,0,0,0,0,20695.0,15419.0,36114,0.5730464458465576,321.0,45.652130126953125,92.03362274169922,,,,,62.0,,414.0,8519.0,,,,,,,,,,3270.080078125,1251.050048828125,
73319,1997,1,0,0,0,0,20451.0,15514.0,35965,0.5686361789703369,321.0,45.652130126953125,92.03362274169922,,,,,60.0,,364.0,7042.0,,,,,,,,,,3800.010009765625,1325.0400390625,
73319,1998,1,0,0,0,0,20193.0,15624.0,35817,0.5637825727462769,321.0,45.652130126953125,92.03362274169922,,,,,62.0,,429.0,8300.0,,,,,,,,,,4161.7998046875,1833.1199951171875,
73319,1999,1,0,0,0,0,19931.0,15742.0,35673,0.5587138533592224,321.0,45.652130126953125,92.03362274169922,,,,,63.0,,441.0,8526.0,,,,,,,,,,4752.2099609375,1620.0699462890625,
73319,2000,1,0,0,0,0,19676.0,15857.0,35533,0.5537387728691101,321.0,45.652130126953125,92.03362274169922,,,,,61.0,,400.0,8327.0,46.75216293334961,,,,,,,,,5688.966,2432.278,3311154.0
73319,2001,1,0,0,0,0,19433.0,15970.0,35403,0.5489082932472229,321.0,45.652130126953125,92.03362274169922,,,,,58.0,,356.0,8199.0,46.996578216552734,,,,,,,,,4397.985999999999,1448.465,4199997.0
73319,2002,1,0,0,0,0,19187.0,16080.0,35267,0.5440496802330017,321.0,45.652130126953125,92.03362274169922,,,,,41.0,,357.0,8325.0,46.2540168762207,,,,,,,,,8121.869000000001,2736.221,5047207.0
73319,2003,1,0,0,0,0,18939.0,16182.0,35121,0.5392500162124634,321.0,45.652130126953125,92.03362274169922,,,,,41.0,,346.0,8856.0,46.862613677978516,,,,,,,,,7119.717000000001,2241.219,5975019.0
73319,2004,1,0,0,0,0,18686.0,16274.0,34960,0.534496545791626,321.0,45.652130126953125,92.03362274169922,,,,,55.0,,325.0,8350.0,46.362125396728516,,,,,,,,,8614.985,2681.794,4991484.0
73319,2005,1,0,0,0,0,18428.0,16353.0,34781,0.5298295021057129,321.0,45.652130126953125,92.03362274169922,33.941540911695725,80.82311,38.71389,32.58956,56.0,55.0,336.0,8272.0,47.193111419677734,25.39,60.095879465814406,94.49585971748661,29.752953813104188,,39.42472320511357,,,8212.409,2565.317,5467572.0
73319,2006,1,0,0,0,0,18166.0,16412.0,34578,0.5253629684448242,321.0,45.652130126953125,92.03362274169922,,,,,58.0,49.0,334.0,8088.0,45.87275314331055,24.96,,,,,,,2582.0,9683.734,3647.569824,4028788.0
73319,2007,1,0,0,0,0,17890.0,16455.0,34345,0.5208909511566162,321.0,45.652130126953125,92.03362274169922,,,,,58.0,32.0,106.0,1975.0,46.55531311035156,24.52,,,,,,,3283.0,10417.074,3831.422000000001,7761837.0
73319,2008,1,0,0,0,0,17612.0,16496.0,34108,0.516359806060791,321.0,45.652130126953125,92.03362274169922,,,,,60.0,64.0,330.0,7654.0,46.93406295776367,24.09,13.1,26.32,1.74,12.16,12.29,,3293.0,13657.388,5323.132000000001,12564864.0
73319,2009,1,0,0,0,0,17337.0,16536.0,33873,0.5118235945701599,321.0,45.652130126953125,92.03362274169922,,,,,62.0,99.0,324.0,7435.0,46.228878021240234,23.66,12.86,26.62,1.73,11.93,12.05,,3477.0,14668.34123,5133.32121,13961966.0
73319,2010,1,0,0,0,0,17058.0,16570.0,33628,0.5072558522224426,321.0,45.652130126953125,92.03362274169922,,,,,62.0,107.0,322.0,7286.0,47.295108795166016,23.22,8.53,18.17,0.71,8.14,8.22,,3532.0,15218.14803,5520.58499,13013892.0
73319,2011,1,0,0,0,0,16777.0,16601.0,33378,0.5026364922523499,321.0,45.652130126953125,92.03362274169922,,,,,62.0,94.0,315.0,7236.0,45.786991119384766,22.83175526300729,42.01,41.01,43.45,24.41,24.26,9300.0,3867.0,17150.083,6024.686000000001,
73319,2012,1,0,0,0,0,16499.0,16630.0,33129,0.4980228841304779,321.0,45.652130126953125,92.03362274169922,,,,,62.0,68.0,304.0,7051.0,45.75157928466797,20.78798467736764,43.86,40.9,48.59,25.48,25.32,9544.0,4191.0,22652.356,6175.849,
73319,2013,1,0,0,0,0,16220.0,16657.0,32877,0.49335402250289917,321.0,45.652130126953125,92.03362274169922,,,,,63.0,83.0,299.0,6827.0,45.40957260131836,20.78798467736764,43.42,40.54,48.08,25.37,31.11,9732.0,4221.0,25563.919,6673.878000000001,
73319,2014,1,0,0,0,0,15945.0,16683.0,32628,0.48869070410728455,321.0,45.652130126953125,92.03362274169922,,,,,63.0,104.0,288.0,5406.0,44.9799690246582,22.80376344428732,42.24,42.62,41.73,24.81,24.85,10062.0,6312.0,20782.877,7705.2880000000005,
73319,2015,1,0,0,0,0,15667.0,16706.0,32373,0.48395267128944397,321.0,45.652130126953125,92.03362274169922,,,,,59.0,62.0,298.0,5112.0,44.82404327392578,23.67405584,42.76,51.24,34.72,25.52,23.98,10190.0,6645.0,26925.173828125,7945.55517578125,
73319,2016,1,0,0,0,0,15389.0,16724.0,32113,0.47921401262283325,321.0,45.652130126953125,92.03362274169922,,,,,62.0,66.0,312.0,5113.0,44.16888427734375,,42.59,50.65,34.61,25.72,27.09,,6845.0,28657.192,8662.737000000001,
73319,2017,1,0,0,0,0,15119.0,16747.0,31866,0.4744555354118347,321.0,45.652130126953125,92.03362274169922,,,,,61.0,56.0,303.0,5228.0,44.70768737792969,,,,,,,,,33516.041918397954,10113.576347351074,
73319,2018,1,0,0,0,0,16284.0,16656.0,32940,0.49435338377952576,321.0,45.652130126953125,92.03362274169922,13.911210644183901,32.2,14.7,13.5,61.0,50.0,309.0,4956.0,43.40581130981445,,,,,,,,,33753.75803073001,10012.886137270001,
73319,2019,1,0,0,0,0,16184.0,16642.0,32826,0.4930238127708435,321.0,45.652130126953125,,,,,,61.0,53.0,308.0,4830.0,43.76205062866211,,,,,,,,,40213.36331206,13652.96588491,
73319,2020,1,0,0,0,0,16118.0,16654.0,32772,0.4918222725391388,321.0,45.652130126953125,,,,,,61.0,53.0,298.0,4853.0,45.184547424316406,,,,,,,,,37563.06872132,11630.818521700001,
73319,2021,1,0,0,0,0,16061.0,16803.0,32864,0.48871105909347534,321.0,45.652130126953125,,,,,,59.0,57.0,291.0,4954.0,44.14067840576172,,,,,,,,,45484.035581,14441.585818,
73319,2022,1,0,0,0,0,16005.0,16933.0,32938,0.48591291904449463,321.0,45.652130126953125,,,,,,58.0,60.0,298.0,4872.0,44.53903579711914,,,,,,,,,54702.440005,17897.953977,
73319,2023,1,0,0,0,0,15948.0,17066.0,33014,0.4830677807331085,321.0,45.652130126953125,,,,,,,,,,,,,,,,,,,63115.710949,20673.951514,
73347,1993,1,0,0,0,0,8853.0,2750.0,11603,0.7629923224449158,2250.0,69.19403076171875,61.32001876831055,39.71894073486328,,,,,,,,,,,,,,,,,519.52001953125,517.97998046875,
73347,1994,1,0,0,0,0,8713.0,2694.0,11407,0.763829231262207,2250.0,69.19403076171875,61.32001876831055,,,,,,,,,,,,,,,,,,527.8300170898438,526.8699951171875,
73347,1995,1,0,0,0,0,8544.0,2640.0,11184,0.7639485001564026,2250.0,69.19403076171875,61.32001876831055,,,,,,,,,,,,,,,,,,587.47998046875,586.010009765625,
73347,1996,1,0,0,0,0,8354.0,2589.0,10943,0.7634103894233704,2250.0,69.19403076171875,61.32001876831055,,,,,36.0,,89.0,1965.0,,,,,,,,,,1069.25,395.5799865722656,
73347,1997,1,0,0,0,0,8150.0,2540.0,10690,0.7623947858810425,2250.0,69.19403076171875,61.32001876831055,,,,,38.0,,99.0,2155.0,,,,,,,,,,0.0,0.0,
73347,1998,1,0,0,0,0,7944.0,2492.0,10436,0.7612112164497375,2250.0,69.19403076171875,61.32001876831055,,,,,39.0,,105.0,2301.0,,,,,,,,,,547.8400268554688,188.97000122070312,
73347,1999,1,0,0,0,0,7739.0,2447.0,10186,0.7597683072090149,2250.0,69.19403076171875,61.32001876831055,,,,,40.0,,116.0,2355.0,,,,,,,,,,0.0,0.0,
73347,2000,1,0,0,0,0,7548.0,2405.0,9953,0.7583643198013306,2250.0,69.19403076171875,61.32001876831055,,,,,39.0,,110.0,2226.0,52.63846969604492,,,,,,,,,0.0,0.0,
73347,2001,1,0,0,0,0,7373.0,2366.0,9739,0.7570592761039734,2250.0,69.19403076171875,61.32001876831055,,,,,38.0,,92.0,2095.0,53.48935317993164,,,,,,,,,1930.498,374.92,1378500.0
73347,2002,1,0,0,0,0,7215.0,2331.0,9546,0.7558139562606812,2250.0,69.19403076171875,61.32001876831055,,,,,29.0,,88.0,1966.0,51.593265533447266,,,,,,,,,2472.427,448.692,1414684.0
73347,2003,1,0,0,0,0,7077.0,2303.0,9380,0.7544776201248169,2250.0,69.19403076171875,61.32001876831055,,,,,27.0,,76.0,1940.0,52.59272766113281,,,,,,,,,2159.721,469.7910000000001,2086533.0
73347,2004,1,0,0,0,0,6963.0,2281.0,9244,0.7532453536987305,2250.0,69.19403076171875,61.32001876831055,,,,,33.0,,83.0,1960.0,52.97682571411133,,,,,,,,,2434.465,482.245,1566482.0
73347,2005,1,0,0,0,0,6877.0,2265.0,9142,0.752242386341095,2250.0,69.19403076171875,61.32001876831055,23.425263874702075,71.11565,38.0789,22.084049999999998,33.0,,63.0,1904.0,52.69778823852539,16.54,65.16903914590748,98.56459330143541,52.25169648365207,,50.88967971530249,,,2498.633,744.02,2077078.0
73347,2006,1,0,0,0,0,6818.0,2255.0,9073,0.7514603734016418,2250.0,69.19403076171875,61.32001876831055,,,,,33.0,,78.0,1879.0,51.47049331665039,16.54,,,,,,,479.0,2713.307314,954.4153140000001,1804750.0
73347,2007,1,0,0,0,0,6730.0,2235.0,8965,0.750697135925293,2250.0,69.19403076171875,61.32001876831055,,,,,,6.0,51.0,1026.0,50.2939453125,16.54,,,,,,,579.0,4030.231793,1028.25965,2780466176.0
73347,2008,1,0,0,0,0,6635.0,2212.0,8847,0.7499717473983765,2250.0,69.19403076171875,61.32001876831055,,,,,31.0,10.0,85.0,1891.0,53.40276336669922,16.54,35.26,100.0,17.06,35.26,35.26,,586.0,3864.453,1023.316,3854721.0
73347,2009,1,0,0,0,0,6547.0,2191.0,8738,0.7492561340332031,2250.0,69.19403076171875,61.32001876831055,,,,,32.0,16.0,89.0,1887.0,50.987327575683594,16.53,35.28,100.0,17.07,35.28,35.28,,601.0,4285.688,940.742,4058018.0
73347,2010,1,0,0,0,0,6461.0,2170.0,8631,0.7485806941986084,2250.0,69.19403076171875,61.32001876831055,,,,,35.0,16.0,88.0,1835.0,53.09961700439453,16.53,35.28,100.0,17.08,35.28,35.28,,623.0,4841.295,1249.2469999999998,3928375.0
73347,2011,1,0,0,0,0,6376.0,2150.0,8526,0.7478301525115967,2250.0,69.19403076171875,61.32001876831055,,,,,35.0,12.0,91.0,1799.0,52.15182113647461,15.980285519996581,35.14,100.0,16.99,100.0,35.14,3930.0,1025.0,4422.796,1171.51,
73347,2012,1,0,0,0,0,6294.0,2129.0,8423,0.7472397089004517,2250.0,69.19403076171875,61.32001876831055,,,,,35.0,11.0,88.0,1722.0,48.986473083496094,15.926095518709246,35.1,100.0,16.97,100.0,35.1,3925.0,1079.0,5210.503,1480.075,
73347,2013,1,0,0,0,0,6206.0,2106.0,8312,0.746631383895874,2250.0,69.19403076171875,61.32001876831055,,,,,31.0,46.0,88.0,1704.0,50.55461502075195,15.926095518709246,34.89,100.0,16.78,34.89,34.89,3936.0,1092.0,7765.975,1267.0790000000002,
73347,2014,1,0,0,0,0,6124.0,2086.0,8210,0.7459195852279663,2250.0,69.19403076171875,61.32001876831055,,,,,31.0,38.0,86.0,1025.0,50.147560119628906,15.926095518709246,35.09,100.0,16.88,35.09,35.09,4025.0,1340.0,8022.993,1677.376,
73347,2015,1,0,0,0,0,6037.0,2063.0,8100,0.7453086376190186,2250.0,69.19403076171875,61.32001876831055,,,,,32.0,11.0,93.0,964.0,51.65189743041992,14.150335868373164,,,,,,4021.0,1380.0,8215.3359375,2494.31103515625,
73347,2016,1,0,0,0,0,5964.0,2044.0,8008,0.7447552680969238,2250.0,69.19403076171875,61.32001876831055,,,,,35.0,15.0,90.0,988.0,49.82335662841797,,34.74,100.0,15.2,34.74,34.74,,1415.0,8839.982,2358.666,
73347,2017,1,0,0,0,0,5874.0,2019.0,7893,0.7442037463188171,2250.0,69.19403076171875,61.32001876831055,,,,,35.0,10.0,91.0,962.0,51.5623664855957,,,,,,,,,8627.609314162291,2405.6140546798706,
73347,2018,1,0,0,0,0,5184.0,2179.0,7363,0.7040608525276184,2250.0,69.19403076171875,61.32001876831055,15.579311429020594,54.0,45.0,28.0,35.0,10.0,85.0,934.0,51.130699157714844,,,,,,,,,8586.327516,2493.5077149999997,
73347,2019,1,0,0,0,0,5093.0,2173.0,7266,0.7009358406066895,2250.0,69.19403076171875,,,,,,33.0,13.0,85.0,857.0,53.84722900390625,,,,,,,,,12148.3182236,2716.794848,
73347,2020,1,0,0,0,0,5039.0,2174.0,7213,0.6985997557640076,2250.0,69.19403076171875,,,,,,33.0,11.0,78.0,858.0,52.92050552368164,,,,,,,,,11666.46315087,3145.68579794,
73347,2021,1,0,0,0,0,5021.0,2212.0,7233,0.6941794753074646,2250.0,69.19403076171875,,,,,,31.0,11.0,79.0,878.0,49.29500961303711,,,,,,,,,12540.246308000002,3398.9011779,
73347,2022,1,0,0,0,0,5004.0,2246.0,7250,0.6902068853378296,2250.0,69.19403076171875,,,,,,31.0,12.0,80.0,866.0,53.100337982177734,,,,,,,,,11695.628381999999,3636.6357398,
73347,2023,1,0,0,0,0,4986.0,2280.0,7266,0.6862097382545471,2250.0,69.19403076171875,,,,,,,,,,,,,,,,,,,14697.649269,4836.0495489,
73349,1993,1,0,0,0,0,1444.0,29153.0,30597,0.04719416797161102,206.0,97.05638885498047,111.47877502441406,22.7235107421875,,,,,,,,,,,,,,,,,1625.1300048828125,1578.8599853515625,
73349,1994,1,0,0,0,0,1417.0,29049.0,30466,0.04651086404919624,206.0,97.05638885498047,111.47877502441406,,,,,,,,,,,,,,,,,,1941.9200439453125,1941.9200439453125,
73349,1995,1,0,0,0,0,1379.0,28923.0,30302,0.045508548617362976,206.0,97.05638885498047,111.47877502441406,,,,,,,,,,,,,,,,,,2576.93994140625,2573.93994140625,
73349,1996,1,0,0,0,0,1332.0,28772.0,30104,0.0442466102540493,206.0,97.05638885498047,111.47877502441406,,,,,31.0,,364.0,8017.0,,,,,,,,,,3177.06005859375,1389.4200439453125,
73349,1997,1,0,0,0,0,1279.0,28595.0,29874,0.042813148349523544,206.0,97.05638885498047,111.47877502441406,,,,,30.0,,340.0,7865.0,,,,,,,,,,5604.47021484375,1652.219970703125,
73349,1998,1,0,0,0,0,1222.0,28391.0,29613,0.04126565903425217,206.0,97.05638885498047,111.47877502441406,,,,,32.0,,369.0,9032.0,,,,,,,,,,3621.85009765625,1665.6199951171875,
73349,1999,1,0,0,0,0,1163.0,28157.0,29320,0.03966575860977173,206.0,97.05638885498047,111.47877502441406,,,,,32.0,,352.0,8894.0,,,,,,,,,,1071.4000244140625,1071.4000244140625,
73349,2000,1,0,0,0,0,1106.0,27892.0,28998,0.03814056143164635,206.0,97.05638885498047,111.47877502441406,,,,,26.0,,303.0,7172.0,49.49419403076172,,,,,,,,,4535.572,2149.424,2640605.0
73349,2001,1,0,0,0,0,1051.0,27604.0,28655,0.03667771816253662,206.0,97.05638885498047,111.47877502441406,,,,,27.0,,319.0,7163.0,49.14728927612305,,,,,,,,,5750.515,2076.273,2591521.0
73349,2002,1,0,0,0,0,1000.0,27308.0,28308,0.03532570227980614,206.0,97.05638885498047,111.47877502441406,,,,,14.0,,363.0,7334.0,48.91242980957031,,,,,,,,,6118.155,1898.691,2775026.0
73349,2003,1,0,0,0,0,956.0,27006.0,27962,0.03418925777077675,206.0,97.05638885498047,111.47877502441406,,,,,13.0,,323.0,7119.0,49.68144226074219,,,,,,,,,5395.799,1888.781,4242764.0
73349,2004,1,0,0,0,0,919.0,26707.0,27626,0.03326576575636864,206.0,97.05638885498047,111.47877502441406,,,,,24.0,,285.0,6310.0,49.329376220703125,,,,,,,,,6970.348,2937.26,2884043.0
73349,2005,1,0,0,0,0,893.0,26417.0,27310,0.03269864618778229,206.0,97.05638885498047,111.47877502441406,18.82771423986949,43.02133,4.3704,5.00945,24.0,152.0,305.0,6189.0,50.84955596923828,14.97,95.80071174377224,98.53070819864826,10.95890410958904,,94.13523131672598,,,7459.105000000001,3445.1,5785130.0
73349,2006,1,0,0,0,0,876.0,26128.0,27004,0.032439637929201126,206.0,97.05638885498047,111.47877502441406,,,,,24.0,130.0,319.0,6057.0,48.70181655883789,14.79,,,,,,,3193.0,7320.992413,2980.507413,3978199.0
73349,2007,1,0,0,0,0,861.0,25887.0,26748,0.032189320772886276,206.0,97.05638885498047,111.47877502441406,,,,,20.0,108.0,329.0,5710.0,48.80582046508789,14.61,,,,,,,4133.0,8418.859,3423.737,5478297.0
73349,2008,1,0,0,0,0,847.0,25651.0,26498,0.031964678317308426,206.0,97.05638885498047,111.47877502441406,,,,,21.0,112.0,315.0,5591.0,48.65507125854492,14.44,85.69,88.69,32.66,84.57,82.81,,4255.0,9054.768,2602.745,9126113.0
73349,2009,1,0,0,0,0,833.0,25416.0,26249,0.031734541058540344,206.0,97.05638885498047,111.47877502441406,,,,,21.0,134.0,279.0,5514.0,49.45578384399414,14.26,85.69,88.69,32.66,84.57,82.81,,4723.0,13969.087,3129.592,10036870.0
73349,2010,1,0,0,0,0,820.0,25190.0,26010,0.03152633458375931,206.0,97.05638885498047,111.47877502441406,,,,,24.0,106.0,301.0,5283.0,49.32997512817383,14.08,82.61,85.86,29.34,81.53,79.83,,5053.0,18290.00417,3840.0794800000003,25969102.0
73349,2011,1,0,0,0,0,807.0,24947.0,25754,0.03133493661880493,206.0,97.05638885498047,111.47877502441406,,,,,24.0,133.0,274.0,5157.0,47.7308349609375,14.08,82.52,85.73,29.34,81.44,79.8,7950.0,5497.0,8965.074773,4575.154825000001,
73349,2012,1,0,0,0,0,795.0,24724.0,25519,0.031153257936239243,206.0,97.05638885498047,111.47877502441406,,,,,24.0,132.0,278.0,5060.0,48.159217834472656,13.89281460549432,81.57,84.48,28.92,80.81,78.29,7962.0,5898.0,9868.394467,5495.603855,
73349,2013,1,0,0,0,0,782.0,24481.0,25263,0.030954360961914062,206.0,97.05638885498047,111.47877502441406,,,,,19.0,114.0,230.0,4798.0,49.670101165771484,12.503533144944887,81.47,84.54,28.35,80.7,78.16,8094.0,5964.0,14140.725431,5803.327793,
73349,2014,1,0,0,0,0,770.0,24262.0,25032,0.03076062723994255,206.0,97.05638885498047,111.47877502441406,,,,,19.0,82.0,207.0,4676.0,48.33323287963867,11.844610790981084,81.18,84.62,25.16,80.51,77.94,8126.0,6255.0,19077.880482,6723.132923,
73349,2015,1,0,0,0,0,758.0,24023.0,24781,0.030587950721383095,206.0,97.05638885498047,111.47877502441406,,,,,16.0,84.0,228.0,4393.0,48.719627380371094,11.70737803,73.77,76.55,30.78,69.88,67.49,8301.0,6501.0,18489.861328125,7255.56494140625,
73349,2016,1,0,0,0,0,747.0,23800.0,24547,0.030431417748332024,206.0,97.05638885498047,111.47877502441406,,,,,17.0,60.0,250.0,4215.0,50.84068298339844,,23.57,24.37,10.46,77.68,22.16,,6633.0,20432.669267,8640.947964,
73349,2017,1,0,0,0,0,736.0,23575.0,24311,0.03027436137199402,206.0,97.05638885498047,111.47877502441406,,,,,17.0,80.0,245.0,4127.0,49.01581954956055,,,,,,,,,23819.05558949292,10129.528621673584,
73349,2018,1,0,0,0,0,1035.0,23658.0,24693,0.04191471263766289,206.0,97.05638885498047,111.47877502441406,10.319518305278425,25.8,3.4,7.0,17.0,81.0,254.0,4113.0,48.501399993896484,,,,,,,,,26822.3363237,12667.127415120001,
73349,2019,1,0,0,0,0,1201.0,23384.0,24585,0.04885092377662659,206.0,97.05638885498047,,,,,,17.0,83.0,261.0,4118.0,46.7988166809082,,,,,,,,,29042.708942549998,12802.021394149999,
73349,2020,1,0,0,0,0,1289.0,23253.0,24542,0.0525222085416317,206.0,97.05638885498047,,,,,,17.0,77.0,247.0,4019.0,47.12018585205078,,,,,,,,,27603.73375942,10241.55748302,
73349,2021,1,0,0,0,0,1285.0,23326.0,24611,0.0522124245762825,206.0,97.05638885498047,,,,,,16.0,73.0,247.0,4043.0,48.471961975097656,,,,,,,,,30035.402223999998,12149.582951999999,
73349,2022,1,0,0,0,0,1280.0,23386.0,24666,0.05189329385757446,206.0,97.05638885498047,,,,,,16.0,70.0,228.0,3815.0,48.37693786621094,,,,,,,,,32728.811780000004,13519.298708000002,
73349,2023,1,0,0,0,0,1276.0,23447.0,24723,0.05161185935139656,206.0,97.05638885498047,,,,,,,,,,,,,,,,,,,37279.692086,13012.525722,
73443,1993,1,0,0,0,0,9713.0,20950.0,30663,0.3167661428451538,496.0,95.57369232177734,104.66101837158203,35.741050720214844,,,,,,,,,,,,,,,,,1269.739990234375,1264.8699951171875,
73443,1994,1,0,0,0,0,9698.0,21246.0,30944,0.3134048581123352,496.0,95.57369232177734,104.66101837158203,,,,,,,,,,,,,,,,,,1523.27001953125,1432.4200439453125,
73443,1995,1,0,0,0,0,9674.0,21538.0,31212,0.30994489789009094,496.0,95.57369232177734,104.66101837158203,,,,,,,,,,,,,,,,,,1562.280029296875,1545.0400390625,
73443,1996,1,0,0,0,0,9642.0,21820.0,31462,0.30646494030952454,496.0,95.57369232177734,104.66101837158203,,,,,51.0,,308.0,7689.0,,,,,,,,,,2737.449951171875,1125.5799560546875,
73443,1997,1,0,0,0,0,9607.0,22091.0,31698,0.3030790686607361,496.0,95.57369232177734,104.66101837158203,,,,,53.0,,338.0,7690.0,,,,,,,,,,3712.81005859375,1294.0799560546875,
73443,1998,1,0,0,0,0,9572.0,22345.0,31917,0.29990288615226746,496.0,95.57369232177734,104.66101837158203,,,,,54.0,,357.0,8110.0,,,,,,,,,,3934.4599609375,1498.530029296875,
73443,1999,1,0,0,0,0,9542.0,22576.0,32118,0.2970919609069824,496.0,95.57369232177734,104.66101837158203,,,,,53.0,,283.0,7741.0,,,,,,,,,,4590.64990234375,2115.889892578125,
73443,2000,1,0,0,0,0,9517.0,22781.0,32298,0.294662207365036,496.0,95.57369232177734,104.66101837158203,,,,,40.0,,258.0,7166.0,49.752708435058594,,,,,,,,,4874.052,2202.33,2792026.0
73443,2001,1,0,0,0,0,9502.0,22965.0,32467,0.29266640543937683,496.0,95.57369232177734,104.66101837158203,,,,,50.0,,286.0,7483.0,50.287593841552734,,,,,,,,,4892.387000000001,1857.489,2779307.0
73443,2002,1,0,0,0,0,9487.0,23131.0,32618,0.2908516824245453,496.0,95.57369232177734,104.66101837158203,,,,,38.0,,214.0,6135.0,50.47954177856445,,,,,,,,,6942.621,3161.438,4554606.0
73443,2003,1,0,0,0,0,9467.0,23280.0,32747,0.2890951931476593,496.0,95.57369232177734,104.66101837158203,,,,,40.0,,243.0,7949.0,49.93342971801758,,,,,,,,,6459.503000000001,2861.775,6103600.0
73443,2004,1,0,0,0,0,9440.0,23412.0,32852,0.28734931349754333,496.0,95.57369232177734,104.66101837158203,,,,,51.0,,298.0,7472.0,49.958065032958984,,,,,,,,,7124.302,3135.328,2550408.0
73443,2005,1,0,0,0,0,9404.0,23529.0,32933,0.28554946184158325,496.0,95.57369232177734,104.66101837158203,23.502565979694207,48.763980000000004,20.487630000000003,11.808069999999999,51.0,52.0,334.0,7970.0,49.61188888549805,15.73,80.89303132112279,97.19542958895978,36.736334405144696,,71.89769155738594,,,8898.993999999999,3414.655,4252962.0
73443,2006,1,0,0,0,0,9354.0,23614.0,32968,0.2837296724319458,496.0,95.57369232177734,104.66101837158203,,,,,51.0,72.0,353.0,7875.0,50.703834533691406,15.54,,,,,,,4293.0,8326.061857,3397.898857,
73443,2007,1,0,0,0,0,9313.0,23708.0,33021,0.28203263878822327,496.0,95.57369232177734,104.66101837158203,,,,,47.0,46.0,230.0,4534.0,50.185882568359375,15.35,,,,,,,4881.0,11754.424,4701.296,9960742.0
73443,2008,1,0,0,0,0,9273.0,23790.0,33063,0.2804645597934723,496.0,95.57369232177734,104.66101837158203,,,,,51.0,89.0,357.0,7787.0,50.187538146972656,15.17,99.86,99.86,0.0,99.86,99.86,,5119.0,13301.446,4250.964,15050586.0
73443,2009,1,0,0,0,0,9240.0,23878.0,33118,0.2790023684501648,496.0,95.57369232177734,104.66101837158203,,,,,55.0,95.0,380.0,7981.0,49.63408279418945,14.98,100.0,100.0,0.0,100.0,100.0,,5555.0,16083.448,4764.249000000001,17323538.0
73443,2010,1,0,0,0,0,9205.0,23949.0,33154,0.27764371037483215,496.0,95.57369232177734,104.66101837158203,,,,,55.0,118.0,382.0,8002.0,50.21196365356445,14.79,99.94,99.94,0.0,99.94,99.94,,6102.0,15477.346000000001,5703.5960000000005,18017594.0
73443,2011,1,0,0,0,0,9172.0,24011.0,33183,0.27640658617019653,496.0,95.57369232177734,104.66101837158203,,,,,57.0,101.0,389.0,8022.0,50.470428466796875,14.180876721017043,99.94,99.94,0.0,99.94,99.94,10320.0,6660.0,16030.14244,6200.540741999999,
73443,2012,1,0,0,0,0,9148.0,24086.0,33234,0.2752602696418762,496.0,95.57369232177734,104.66101837158203,,,,,57.0,104.0,351.0,8139.0,50.07366943359375,13.726517215681818,100.0,100.0,0.0,100.0,100.0,10693.0,7133.0,20517.1,7890.66,
73443,2013,1,0,0,0,0,9120.0,24139.0,33259,0.27421149611473083,496.0,95.57369232177734,104.66101837158203,,,,,59.0,124.0,370.0,7780.0,49.64711380004883,13.585545365380442,100.0,100.0,0.0,100.0,100.0,11145.0,7392.0,29409.899,9845.665,
73443,2014,1,0,0,0,0,9094.0,24190.0,33284,0.2732243835926056,496.0,95.57369232177734,104.66101837158203,,,,,59.0,114.0,339.0,6615.0,49.03615188598633,14.472630013824858,100.0,100.0,0.0,100.0,100.0,11679.0,8202.0,34126.327000000005,11465.092,
73443,2015,1,0,0,0,0,9072.0,24237.0,33309,0.27235883474349976,496.0,95.57369232177734,104.66101837158203,,,,,56.0,76.0,336.0,6363.0,49.05912399291992,14.2979849,100.0,100.0,0.0,100.0,100.0,11968.0,8541.0,36846.73828125,10887.0078125,
73443,2016,1,0,0,0,0,9050.0,24279.0,33329,0.27153530716896057,496.0,95.57369232177734,104.66101837158203,,,,,61.0,75.0,359.0,6129.0,49.57588195800781,,64.84,66.01,62.19,64.84,64.84,,8963.0,33245.87161,10775.84657,
73443,2017,1,0,0,0,0,9028.0,24312.0,33340,0.2707858383655548,496.0,95.57369232177734,104.66101837158203,,,,,57.0,79.0,361.0,6287.0,48.904869079589844,,,,,,,,,38058.15647773767,11833.71185874939,
73443,2018,1,0,0,0,0,9863.0,27907.0,37770,0.2611331641674042,496.0,95.57369232177734,104.66101837158203,11.989069131926275,27.1,12.5,7.0,57.0,79.0,367.0,6284.0,48.491477966308594,,,,,,,,,37399.46716470001,11685.98894855,
73443,2019,1,0,0,0,0,9993.0,28091.0,38084,0.26239365339279175,496.0,95.57369232177734,,,,,,56.0,83.0,361.0,5814.0,49.083900451660156,,,,,,,,,41695.96532204,12775.569318519998,
73443,2020,1,0,0,0,0,10070.0,28263.0,38333,0.2626979351043701,496.0,95.57369232177734,,,,,,56.0,81.0,368.0,5470.0,48.700294494628906,,,,,,,,,41636.66904763,13866.438310549998,
73443,2021,1,0,0,0,0,10036.0,28412.0,38448,0.26102787256240845,496.0,95.57369232177734,,,,,,55.0,77.0,343.0,5654.0,49.77388381958008,,,,,,,,,48657.603335,16035.70563945,
73443,2022,1,0,0,0,0,10001.0,28534.0,38535,0.25953030586242676,496.0,95.57369232177734,,,,,,53.0,82.0,354.0,5959.0,49.03949737548828,,,,,,,,,56899.430051,15046.92415655,
73443,2023,1,0,0,0,0,9966.0,28658.0,38624,0.2580260932445526,496.0,95.57369232177734,,,,,,,,,,,,,,,,,,,60668.989712,21317.32525655,
73870,1993,1,0,0,0,0,10811.0,3365.0,14176,0.7626269459724426,2000.0,59.76085662841797,64.90470123291016,40.87964630126953,,,,,,,,,,,,,,,,,479.25,469.6400146484375,
73870,1994,1,0,0,0,0,10581.0,3323.0,13904,0.7610040307044983,2000.0,59.76085662841797,64.90470123291016,,,,,,,,,,,,,,,,,,576.4500122070312,561.02001953125,
73870,1995,1,0,0,0,0,10312.0,3296.0,13608,0.7577895522117615,2000.0,59.76085662841797,64.90470123291016,,,,,,,,,,,,,,,,,,725.2000122070312,705.97998046875,
73870,1996,1,0,0,0,0,10015.0,3279.0,13294,0.7533473968505859,2000.0,59.76085662841797,64.90470123291016,,,,,43.0,,107.0,2258.0,,,,,,,,,,1042.43994140625,282.80999755859375,
73870,1997,1,0,0,0,0,9703.0,3274.0,12977,0.7477074861526489,2000.0,59.76085662841797,64.90470123291016,,,,,43.0,,112.0,2140.0,,,,,,,,,,1224.1099853515625,269.8900146484375,
73870,1998,1,0,0,0,0,9384.0,3277.0,12661,0.7411736845970154,2000.0,59.76085662841797,64.90470123291016,,,,,43.0,,108.0,2434.0,,,,,,,,,,379.2900085449219,108.77999877929688,
73870,1999,1,0,0,0,0,9072.0,3287.0,12359,0.7340399622917175,2000.0,59.76085662841797,64.90470123291016,,,,,43.0,,131.0,2880.0,,,,,,,,,,1764.2900390625,153.07000732421875,
73870,2000,1,0,0,0,0,8776.0,3302.0,12078,0.7266103625297546,2000.0,59.76085662841797,64.90470123291016,,,,,42.0,,108.0,2371.0,51.69802474975586,,,,,,,,,2303.9378,371.3528,2009614.5
73870,2001,1,0,0,0,0,8507.0,3324.0,11831,0.7190431952476501,2000.0,59.76085662841797,64.90470123291016,,,,,42.0,,108.0,2292.0,50.406158447265625,,,,,,,,,2999.354,1298.745,3224971.0
73870,2002,1,0,0,0,0,8262.0,3349.0,11611,0.7115666270256042,2000.0,59.76085662841797,64.90470123291016,,,,,41.0,,99.0,2423.0,51.06689453125,,,,,,,,,3620.74,893.855,2543342.0
73870,2003,1,0,0,0,0,8051.0,3378.0,11429,0.7044360637664795,2000.0,59.76085662841797,64.90470123291016,,,,,41.0,,92.0,2704.0,51.93833923339844,,,,,,,,,3201.08,692.0699999999999,2560126.0
73870,2004,1,0,0,0,0,7877.0,3411.0,11288,0.6978207230567932,2000.0,59.76085662841797,64.90470123291016,,,,,42.0,,99.0,2639.0,49.390140533447266,,,,,,,,,3129.87,690.106,2524125.0
73870,2005,1,0,0,0,0,7750.0,3446.0,11196,0.6922115087509155,2000.0,59.76085662841797,64.90470123291016,28.360685967176842,72.79181,50.80985999999999,41.61972,42.0,,99.0,2535.0,49.57874298095703,23.21,50.32991202346041,95.0920245398773,25.314285714285717,,35.043988269794724,,,3367.996,712.598,3055138.0
73870,2006,1,0,0,0,0,7665.0,3482.0,11147,0.687628984451294,2000.0,59.76085662841797,64.90470123291016,,,,,42.0,,94.0,2505.0,51.40559387207031,23.21,,,,,,,,3384.449062,765.787062,3546223.0
73870,2007,1,0,0,0,0,7593.0,3515.0,11108,0.683561384677887,2000.0,59.76085662841797,64.90470123291016,,,,,,21.0,97.0,2445.0,51.4271125793457,23.21,,,,,,,,3744.166,744.708,3423657.0
73870,2008,1,0,0,0,0,7510.0,3545.0,11055,0.6793306469917297,2000.0,59.76085662841797,64.90470123291016,,,,,44.0,17.0,104.0,2423.0,50.737709045410156,23.21,32.5,100.0,0.0,32.5,32.5,,,5239.505,888.549,4642908.0
73870,2009,1,0,0,0,0,7441.0,3573.0,11014,0.675594687461853,2000.0,59.76085662841797,64.90470123291016,,,,,45.0,28.0,117.0,2277.0,50.39743423461914,23.21,32.21,100.0,0.0,32.21,32.21,,457.0,5955.0599999999995,866.9860000000001,5870027.0
73870,2010,1,0,0,0,0,7370.0,3598.0,10968,0.6719547510147095,2000.0,59.76085662841797,64.90470123291016,,,,,45.0,29.0,113.0,2193.0,48.962974548339844,23.21,32.14,100.0,0.0,32.14,32.14,,477.0,5159.933,842.494,7403984.0
73870,2011,1,0,0,0,0,7302.0,3620.0,10922,0.6685588955879211,2000.0,59.76085662841797,64.90470123291016,,,,,45.0,22.0,124.0,2270.0,51.5366325378418,22.456009143567996,32.14,100.0,0.0,32.14,32.14,2197.0,499.0,4946.564,984.9569999999999,
73870,2012,1,0,0,0,0,7232.0,3640.0,10872,0.6651949882507324,2000.0,59.76085662841797,64.90470123291016,,,,,45.0,16.0,104.0,2183.0,48.80873107910156,22.456009143567996,32.12,99.92,0.08,32.12,32.12,2060.0,569.0,7296.237999999999,1316.6150000000002,
73870,2013,1,0,0,0,0,7162.0,3656.0,10818,0.6620447635650635,2000.0,59.76085662841797,64.90470123291016,,,,,45.0,19.0,104.0,2174.0,49.82988739013672,20.210408229211197,32.12,100.0,0.0,32.12,32.12,2051.0,604.0,19745.485,1515.7199999999998,
73870,2014,1,0,0,0,0,7081.0,3670.0,10751,0.6586363911628723,2000.0,59.76085662841797,64.90470123291016,,,,,45.0,96.0,104.0,1082.0,49.7841911315918,19.655342665369428,31.81,100.0,0.0,31.81,31.81,2120.0,647.0,7389.637899999999,1389.182752,
73870,2015,1,0,0,0,0,7014.0,3682.0,10696,0.6557591557502747,2000.0,59.76085662841797,64.90470123291016,,,,,44.0,15.0,108.0,990.0,49.79459762573242,21.9310382391659,31.83,100.0,0.0,31.83,31.83,2071.0,800.0,12901.9970703125,2169.20092773437,
73870,2016,1,0,0,0,0,6962.0,3690.0,10652,0.653586208820343,2000.0,59.76085662841797,64.90470123291016,,,,,45.0,13.0,109.0,955.0,49.63337326049805,,31.81,31.81,0.0,31.81,31.81,,815.0,8928.447,1433.492,
73870,2017,1,0,0,0,0,6895.0,3696.0,10591,0.6510244607925415,2000.0,59.76085662841797,64.90470123291016,,,,,45.0,13.0,113.0,976.0,49.915218353271484,,,,,,,,,9335.39542889595,1424.796979188919,
73870,2018,1,0,0,0,0,5919.0,3364.0,9283,0.6376171708106995,2000.0,59.76085662841797,64.90470123291016,13.755868544600938,51.3,48.3,42.3,45.0,15.0,110.0,973.0,50.11625289916992,,,,,,,,,8793.96864619,1644.6231535400002,
73870,2019,1,0,0,0,0,5862.0,3354.0,9216,0.6360676884651184,2000.0,59.76085662841797,,,,,,45.0,11.0,109.0,1147.0,50.72824478149414,,,,,,,,,17339.533587610003,2800.43620599,
73870,2020,1,0,0,0,0,5833.0,3353.0,9186,0.634988009929657,2000.0,59.76085662841797,,,,,,45.0,15.0,108.0,1403.0,48.96927261352539,,,,,,,,,13734.761564,2021.0341130000002,
73870,2021,1,0,0,0,0,5812.0,3400.0,9212,0.630916178226471,2000.0,59.76085662841797,,,,,,42.0,15.0,111.0,1294.0,48.591766357421875,,,,,,,,,11944.48077,2355.1385680000003,
73870,2022,1,0,0,0,0,5792.0,3441.0,9233,0.6273150444030762,2000.0,59.76085662841797,,,,,,44.0,18.0,116.0,1237.0,50.91777420043945,,,,,,,,,13197.440458,2629.94348925,
73870,2023,1,0,0,0,0,5772.0,3482.0,9254,0.6237303018569946,2000.0,59.76085662841797,,,,,,,,,,,,,,,,,,,12104.544734,2744.797645,
76377,1993,0,0,1,0,0,8563.0,2361.0,10924,0.7838703989982605,1584.0,35.36170959472656,35.36170959472656,28.448970794677734,,,,,,,,,,,,,,,,,440.17999267578125,405.17999267578125,
76377,1994,0,0,1,0,0,8560.0,2349.0,10909,0.7846732139587402,1584.0,35.36170959472656,35.36170959472656,,,,,,,,,,,,,,,,,,1431.010009765625,1429.8399658203125,
76377,1995,0,0,1,0,0,8571.0,2337.0,10908,0.7857535481452942,1584.0,35.36170959472656,35.36170959472656,,,,,,,,,,,,,,,,,,1393.530029296875,1393.530029296875,
76377,1996,0,0,1,0,0,8586.0,2324.0,10910,0.7869844436645508,1584.0,35.36170959472656,35.36170959472656,,,,,25.0,,100.0,2450.0,,,,,,,,,,1245.8699951171875,481.20001220703125,
76377,1997,0,0,1,0,0,8609.0,2311.0,10920,0.7883699536323547,1584.0,35.36170959472656,35.36170959472656,,,,,26.0,,99.0,2636.0,,,,,,,,,,1509.969970703125,980.6300048828125,
76377,1998,0,0,1,0,0,8635.0,2296.0,10931,0.789955198764801,1584.0,35.36170959472656,35.36170959472656,,,,,27.0,,120.0,3026.0,,,,,,,,,,1605.0699462890625,494.2799987792969,
76377,1999,0,0,1,0,0,8666.0,2286.0,10952,0.7912709712982178,1584.0,35.36170959472656,35.36170959472656,,,,,27.0,,124.0,2947.0,,,,,,,,,,1956.300048828125,550.6599731445312,
76377,2000,0,0,1,0,0,8697.0,2277.0,10974,0.7925095558166504,1584.0,35.36170959472656,35.36170959472656,,,,,27.0,,130.0,2990.0,49.36079406738281,,,,,,,,,1376.186,504.558,1036347.0
76377,2001,0,0,1,0,0,8732.0,2274.0,11006,0.7933854460716248,1584.0,35.36170959472656,35.36170959472656,,,,,28.0,,123.0,2719.0,48.89148712158203,,,,,,,,,1734.433,606.643,1062908.0
76377,2002,0,0,1,0,0,8761.0,2269.0,11030,0.7942882776260376,1584.0,35.36170959472656,35.36170959472656,,,,,30.0,,122.0,2898.0,47.953819274902344,,,,,,,,,3273.705,1019.706,2078605.0
76377,2003,0,0,1,0,0,8788.0,2270.0,11058,0.7947187423706055,1584.0,35.36170959472656,35.36170959472656,,,,,1.0,,1.0,78.0,48.24822235107422,,,,,,,,,3135.536,961.742,2256945.0
76377,2004,0,0,1,0,0,8810.0,2281.0,11091,0.7943377494812012,1584.0,35.36170959472656,35.36170959472656,,,,,29.0,,128.0,3004.0,49.821712493896484,,,,,,,,,3127.283,958.0609999999999,2006559.0
76377,2005,0,0,1,0,0,8835.0,2291.0,11126,0.7940859198570251,1584.0,35.36170959472656,35.36170959472656,22.686816243278322,51.67810000000001,17.39656,6.674720000000001,28.0,,134.0,2616.0,49.79261016845703,18.63,88.81640260950606,97.39663093415007,86.63289166017148,,38.521279900590244,,,3607.561,1089.438,2791636.0
76377,2006,0,0,1,0,0,8846.0,2310.0,11156,0.7929365634918213,1584.0,35.36170959472656,35.36170959472656,,,,,28.0,,133.0,2497.0,48.84577178955078,18.33,,,,,,,,3639.733285,1211.600285,2707814.0
76377,2007,0,0,1,0,0,8858.0,2330.0,11188,0.791741132736206,1584.0,35.36170959472656,35.36170959472656,,,,,,37.0,90.0,1947.0,51.69474792480469,18.03,,,,,,,,4466.733,1545.282,2780844.0
76377,2008,0,0,1,0,0,8874.0,2349.0,11223,0.7906976938247681,1584.0,35.36170959472656,35.36170959472656,,,,,28.0,40.0,126.0,2850.0,50.02288818359375,17.72,41.48,39.37,42.48,15.18,6.62,,,4942.003000000001,1489.977,3447034.0
76377,2009,0,0,1,0,0,8887.0,2366.0,11253,0.7897449731826782,1584.0,35.36170959472656,35.36170959472656,,,,,28.0,41.0,124.0,2680.0,51.819488525390625,17.42,96.58,100.0,96.03,44.44,7.24,,,6038.844000000001,1778.0770000000002,5723706.0
76377,2010,0,0,1,0,0,8911.0,2387.0,11298,0.7887236475944519,1584.0,35.36170959472656,35.36170959472656,,,,,28.0,43.0,119.0,2634.0,50.78337860107422,17.12,100.0,100.0,100.0,74.3,9.03,,,5838.575,1954.745,4027423.0
76377,2011,0,0,1,0,0,8929.0,2406.0,11335,0.7877370715141296,1584.0,35.36170959472656,35.36170959472656,,,,,28.0,42.0,123.0,2587.0,50.15069580078125,16.72652413049567,99.98,100.0,99.98,73.77,11.22,5747.0,,6472.579,2316.241,
76377,2012,0,0,1,0,0,8948.0,2431.0,11379,0.7863608598709106,1584.0,35.36170959472656,35.36170959472656,,,,,29.0,44.0,144.0,2669.0,50.57647705078125,16.72652413049567,89.7,94.96,88.73,66.09,9.9,5901.0,,7043.2429999999995,2239.1099999999997,
76377,2013,0,0,1,0,0,8969.0,2449.0,11418,0.7855141162872314,1584.0,35.36170959472656,35.36170959472656,,,,,29.0,44.0,141.0,2634.0,50.438289642333984,16.188520386949495,96.81,83.54,99.75,70.91,8.41,6080.0,,9952.57,2656.706,
76377,2014,0,0,1,0,0,8992.0,2472.0,11464,0.7843684554100037,1584.0,35.36170959472656,35.36170959472656,,,,,29.0,41.0,127.0,1722.0,49.804683685302734,16.205135473861468,96.81,83.54,99.75,70.91,8.41,6080.0,,10332.168737,2632.292105,
76377,2015,0,0,1,0,0,9019.0,2495.0,11514,0.7833072543144226,1584.0,35.36170959472656,35.36170959472656,,,,,30.0,43.0,131.0,1792.0,49.32632827758789,17.856438778647952,96.81,83.54,99.75,70.91,8.41,6081.0,,10204.6630859375,2836.22875976562,
76377,2016,0,0,1,0,0,9046.0,2518.0,11564,0.7822552919387817,1584.0,35.36170959472656,35.36170959472656,,,,,29.0,47.0,137.0,1709.0,51.10712814331055,,56.31,100.0,51.52,43.91,7.98,,,12183.322,3635.624,
76377,2017,0,0,1,0,0,9072.0,2542.0,11614,0.7811262011528015,1584.0,35.36170959472656,35.36170959472656,,,,,29.0,37.0,130.0,1814.0,50.10734558105469,,,,,,,,,13736.496623166016,4511.534851074219,
76377,2018,0,0,1,0,0,13415.0,2901.0,16316,0.8221990466117859,1584.0,35.36170959472656,35.36170959472656,9.292000934652231,25.3,12.5,5.7,29.0,33.0,135.0,1919.0,48.77912521362305,,,,,,,,,13260.283505,4242.251882,
76377,2019,0,0,1,0,0,13497.0,2925.0,16422,0.8218852877616882,1584.0,35.36170959472656,,,,,,29.0,42.0,130.0,1827.0,49.77672576904297,,,,,,,,,19491.37690739,3480.190132,
76377,2020,0,0,1,0,0,13564.0,2945.0,16509,0.8216124773025513,1584.0,35.36170959472656,,,,,,29.0,46.0,124.0,1763.0,49.52693176269531,,,,,,,,,15626.88335372,4584.7658432,
76377,2021,0,0,1,0,0,13524.0,3074.0,16598,0.8147969841957092,1584.0,35.36170959472656,,,,,,29.0,46.0,126.0,1805.0,48.71489334106445,,,,,,,,,18234.498777,4803.5320835,
76377,2022,0,0,1,0,0,13469.0,3247.0,16716,0.8057549595832825,1584.0,35.36170959472656,,,,,,29.0,44.0,137.0,1798.0,50.27381134033203,,,,,,,,,19539.831655,5155.99126425,
76377,2023,0,0,1,0,0,13408.0,3428.0,16836,0.7963886857032776,1584.0,35.36170959472656,,,,,,,,,,,,,,,,,,,,,
85010,1993,0,0,0,1,0,7167.0,10382.0,17549,0.4083993434906006,278.0,30.426633834838867,158.70242309570312,42.940887451171875,,,,,,,,,,,,,,,,,1420.6199951171875,1420.6199951171875,
85010,1994,0,0,0,1,0,7252.0,10977.0,18229,0.3978276252746582,278.0,30.426633834838867,158.70242309570312,,,,,,,,,,,,,,,,,,1683.280029296875,1668.699951171875,
85010,1995,0,0,0,1,0,7339.0,11638.0,18977,0.3867312967777252,278.0,30.426633834838867,158.70242309570312,,,,,,,,,,,,,,,,,,7742.259765625,6988.759765625,
85010,1996,0,0,0,1,0,7429.0,12355.0,19784,0.3755054473876953,278.0,30.426633834838867,158.70242309570312,,,,,52.0,,241.0,5104.0,,,,,,,,,,9630.3896484375,1534.5699462890625,
85010,1997,0,0,0,1,0,7512.0,13132.0,20644,0.36388295888900757,278.0,30.426633834838867,158.70242309570312,,,,,55.0,,259.0,5596.0,,,,,,,,,,16082.66015625,3406.72998046875,
85010,1998,0,0,0,1,0,7587.0,13961.0,21548,0.35209763050079346,278.0,30.426633834838867,158.70242309570312,,,,,56.0,,276.0,6058.0,,,,,,,,,,16231.4296875,5046.81005859375,
85010,1999,0,0,0,1,0,7643.0,14847.0,22490,0.3398399353027344,278.0,30.426633834838867,158.70242309570312,,,,,56.0,,291.0,6386.0,,,,,,,,,,26860.830078125,7992.43994140625,
85010,2000,0,0,0,1,0,7688.0,15773.0,23461,0.32769277691841125,278.0,30.426633834838867,158.70242309570312,,,,,58.0,,265.0,6654.0,49.011627197265625,,,,,,,,,66619.89300000001,6361.426,42090084.0
85010,2001,0,0,0,1,0,7720.0,16720.0,24440,0.3158756196498871,278.0,30.426633834838867,158.70242309570312,,,,,54.0,,264.0,6840.0,47.90741729736328,,,,,,,,,54453.55800000001,9904.895000000002,56761628.0
85010,2002,0,0,0,1,0,7757.0,17672.0,25429,0.3050454258918762,278.0,30.426633834838867,158.70242309570312,,,,,52.0,,262.0,7125.0,48.49592590332031,,,,,,,,,61461.709,8632.811,60556624.0
85010,2003,0,0,0,1,0,7797.0,18607.0,26404,0.29529616236686707,278.0,30.426633834838867,158.70242309570312,,,,,9.0,,287.0,7662.0,48.35983657836914,,,,,,,,,71592.85699999999,7090.985,100937488.0
85010,2004,0,0,0,1,0,7858.0,19513.0,27371,0.2870921790599823,278.0,30.426633834838867,158.70242309570312,,,,,55.0,,342.0,7523.0,48.17881774902344,,,,,,,,,54025.577,5024.081,48262368.0
85010,2005,0,0,0,1,0,7928.0,20391.0,28319,0.27995339035987854,278.0,30.426633834838867,158.70242309570312,26.691420994266213,54.77984,19.862379999999998,4.63428,56.0,87.0,362.0,8386.0,47.73341751098633,22.02,79.97030438010393,99.25161812297735,26.744835287548856,,74.37268002969562,,,72064.28099999999,5977.48,67072612.0
85010,2006,0,0,0,1,0,8014.0,21248.0,29262,0.2738705575466156,278.0,30.426633834838867,158.70242309570312,,,,,57.0,118.0,378.0,8473.0,47.5585823059082,21.53,,,,,,,4876.0,97907.28309799999,7551.752097999998,75050384.0
85010,2007,0,0,0,1,0,8113.0,22101.0,30214,0.2685179114341736,278.0,30.426633834838867,158.70242309570312,,,,,55.0,69.0,199.0,4139.0,48.545005798339844,21.04,,,,,,,4881.0,64086.27799999999,11989.336,94304408.0
85010,2008,0,0,0,1,0,8232.0,22959.0,31191,0.2639222741127014,278.0,30.426633834838867,158.70242309570312,,,,,54.0,91.0,352.0,8429.0,49.06931686401367,20.55,89.32,100.0,0.0,89.32,89.32,,5612.0,75961.03497,12559.18548,62813232.0
85010,2009,0,0,0,1,0,8357.0,23824.0,32181,0.2596873939037323,278.0,30.426633834838867,158.70242309570312,,,,,54.0,203.0,359.0,8559.0,48.92123794555664,20.06,0.49,0.57,0.0,0.04,0.02,,5549.0,77480.30783,11386.75955,67017332.0
85010,2010,0,0,0,1,0,8499.0,24692.0,33191,0.25606340169906616,278.0,30.426633834838867,158.70242309570312,,,,,58.0,55.0,364.0,8324.0,48.60592269897461,19.57,33.71,38.85,0.07,33.71,33.71,,5825.0,83272.93939,14237.243890000003,70573536.0
85010,2011,0,0,0,1,0,8651.0,25567.0,34218,0.2528201639652252,278.0,30.426633834838867,158.70242309570312,,,,,58.0,52.0,417.0,8742.0,48.87739562988281,19.57,25.07,35.31,0.03,25.06,29.78,7586.0,6392.0,113040.267,23400.669,
85010,2012,0,0,0,1,0,8815.0,26452.0,35267,0.2499503791332245,278.0,30.426633834838867,158.70242309570312,,,,,58.0,73.0,423.0,8896.0,49.39550018310547,19.57,18.88,26.45,0.02,18.87,23.27,8395.0,6696.0,51626.234047000005,14767.719107,
85010,2013,0,0,0,1,0,8989.0,27346.0,36335,0.24739232659339905,278.0,30.426633834838867,158.70242309570312,,,,,57.0,103.0,453.0,8876.0,47.78010177612305,19.085777197319967,19.06,26.75,0.02,19.06,24.07,9864.0,7462.0,131022.73163600001,19028.552,
85010,2014,0,0,0,1,0,9175.0,28246.0,37421,0.24518318474292755,278.0,30.426633834838867,158.70242309570312,,,,,57.0,99.0,419.0,9350.0,48.94325637817383,18.43362496297915,45.9,71.49,0.48,44.86,45.5,10456.0,7846.0,144913.575778,23268.926999999996,
85010,2015,0,0,0,1,0,9370.0,29160.0,38530,0.24318712949752808,278.0,30.426633834838867,158.70242309570312,,,,,54.0,72.0,382.0,7996.0,49.92258071899414,16.8624631,43.29,69.6,0.19,42.31,42.92,10840.0,8583.0,145779.34375,27432.697265625,
85010,2016,0,0,0,1,0,9580.0,30084.0,39664,0.24152883887290955,278.0,30.426633834838867,158.70242309570312,,,,,60.0,74.0,440.0,7754.0,49.7595100402832,,47.05,75.62,0.36,46.61,46.75,,9109.0,100336.97317300002,26362.68214,
85010,2017,0,0,0,1,0,9794.0,31025.0,40819,0.23993729054927826,278.0,30.426633834838867,158.70242309570312,,,,,59.0,63.0,444.0,7452.0,49.50996780395508,,,,,,,,,94184.09749666699,27056.425338745117,
85010,2018,0,0,0,1,0,10398.0,26517.0,36915,0.2816741168498993,278.0,30.426633834838867,158.70242309570312,13.936781609195402,27.0,7.3,1.5,59.0,73.0,420.0,7380.0,49.219600677490234,,,,,,,,,96523.61126906,21805.9319154,
85010,2019,0,0,0,1,0,10330.0,27183.0,37513,0.2753711938858032,278.0,30.426633834838867,,,,,,59.0,72.0,415.0,7380.0,50.667266845703125,,,,,,,,,79337.88412534,24639.501631979998,
85010,2020,0,0,0,1,0,10260.0,27750.0,38010,0.2699289619922638,278.0,30.426633834838867,,,,,,57.0,70.0,416.0,7428.0,50.84220504760742,,,,,,,,,66604.67443719,25103.817818329997,
85010,2021,0,0,0,1,0,10221.0,28139.0,38360,0.2664494216442108,278.0,30.426633834838867,,,,,,50.0,57.0,400.0,7536.0,50.153114318847656,,,,,,,,,90065.944564,42839.542232249994,
85010,2022,0,0,0,1,0,10164.0,28443.0,38607,0.2632683217525482,278.0,30.426633834838867,,,,,,52.0,67.0,381.0,7322.0,51.50392150878906,,,,,,,,,117342.72713900002,40486.18050475,
85010,2023,0,0,0,1,0,10099.0,28729.0,38828,0.2600958049297333,278.0,30.426633834838867,,,,,,,,,,,,,,,,,,,136310.672562,51548.43455825,
85162,1993,0,0,0,1,0,3434.0,5672.0,9106,0.3771139979362488,430.0,76.67261505126953,113.04713439941406,39.30201721191406,,,,,,,,,,,,,,,,,521.25,518.4600219726562,
85162,1994,0,0,0,1,0,3422.0,6004.0,9426,0.36303839087486267,430.0,76.67261505126953,113.04713439941406,,,,,,,,,,,,,,,,,,873.8800048828125,862.219970703125,
85162,1995,0,0,0,1,0,3397.0,6355.0,9752,0.3483388125896454,430.0,76.67261505126953,113.04713439941406,,,,,,,,,,,,,,,,,,2162.080078125,1725.800048828125,
85162,1996,0,0,0,1,0,3353.0,6723.0,10076,0.3327709436416626,430.0,76.67261505126953,113.04713439941406,,,,,28.0,,125.0,2571.0,,,,,,,,,,2977.429931640625,1057.1600341796875,
85162,1997,0,0,0,1,0,3293.0,7103.0,10396,0.3167564570903778,430.0,76.67261505126953,113.04713439941406,,,,,30.0,,131.0,2944.0,,,,,,,,,,3880.179931640625,2291.840087890625,
85162,1998,0,0,0,1,0,3216.0,7501.0,10717,0.3000839650630951,430.0,76.67261505126953,113.04713439941406,,,,,30.0,,148.0,3168.0,,,,,,,,,,5035.990234375,3410.18994140625,
85162,1999,0,0,0,1,0,3129.0,7914.0,11043,0.28334692120552063,430.0,76.67261505126953,113.04713439941406,,,,,30.0,,151.0,3152.0,,,,,,,,,,8220.6298828125,6480.22021484375,
85162,2000,0,0,0,1,0,3026.0,8331.0,11357,0.2664436101913452,430.0,76.67261505126953,113.04713439941406,,,,,27.0,,169.0,3485.0,50.62618637084961,,,,,,,,,10403.561,4519.297,7953639.0
85162,2001,0,0,0,1,0,2918.0,8745.0,11663,0.25019291043281555,430.0,76.67261505126953,113.04713439941406,,,,,27.0,,162.0,3397.0,48.93461990356445,,,,,,,,,7317.722,5118.622,5022086.0
85162,2002,0,0,0,1,0,2811.0,9146.0,11957,0.2350924164056778,430.0,76.67261505126953,113.04713439941406,,,,,27.0,,159.0,3419.0,49.941558837890625,,,,,,,,,10602.611,6724.462,7897849.0
85162,2003,0,0,0,1,0,2712.0,9525.0,12237,0.22162294387817383,430.0,76.67261505126953,113.04713439941406,,,,,9.0,,152.0,3598.0,50.1330680847168,,,,,,,,,19014.659,2112.307,18049500.0
85162,2004,0,0,0,1,0,2624.0,9876.0,12500,0.2099200040102005,430.0,76.67261505126953,113.04713439941406,,,,,26.0,,169.0,3744.0,49.32124710083008,,,,,,,,,9320.011999999999,5791.195,9443054.0
85162,2005,0,0,0,1,0,2541.0,10199.0,12740,0.1994505524635315,430.0,76.67261505126953,113.04713439941406,27.238639407195787,49.98661,18.70104,16.612270000000002,25.0,37.0,175.0,3684.0,49.002777099609375,26.16,79.95075624340485,85.81788879935536,39.612188365650965,,76.50369328174463,,,17314.255,2348.681,17988504.0
85162,2006,0,0,0,1,0,2479.0,10486.0,12965,0.19120709598064423,430.0,76.67261505126953,113.04713439941406,,,,,25.0,56.0,171.0,3566.0,49.62765121459961,25.58,,,,,,,1415.0,11744.576254,4086.851254,13357020.0
85162,2007,0,0,0,1,0,2423.0,10765.0,13188,0.18372763693332672,430.0,76.67261505126953,113.04713439941406,,,,,24.0,30.0,84.0,1750.0,48.32818603515625,25.0,,,,,,,1483.0,9658.443,4433.536999999999,9202061.0
85162,2008,0,0,0,1,0,2380.0,11012.0,13392,0.17771804332733154,430.0,76.67261505126953,113.04713439941406,,,,,21.0,118.0,175.0,3533.0,48.51844787597656,24.42,30.36,40.53,8.51,30.31,29.54,,2182.0,10576.328,5269.546,9786966.0
85162,2009,0,0,0,1,0,2351.0,11259.0,13610,0.172740638256073,430.0,76.67261505126953,113.04713439941406,,,,,21.0,54.0,164.0,3620.0,49.72006607055664,23.83,75.18,96.97,27.74,75.22,75.22,,2334.0,21075.547,9435.046999999999,17200144.0
85162,2010,0,0,0,1,0,2325.0,11496.0,13821,0.16822226345539093,430.0,76.67261505126953,113.04713439941406,,,,,29.0,29.0,156.0,3720.0,50.140777587890625,23.25,82.55,99.92,28.79,82.43,80.96,,2834.0,43057.478,12992.385999999999,67099576.0
85162,2011,0,0,0,1,0,2317.0,11717.0,14034,0.16509903967380524,430.0,76.67261505126953,113.04713439941406,,,,,29.0,86.0,173.0,3890.0,49.15837097167969,21.945901917227935,82.9,99.96,28.82,82.81,81.43,3749.0,3010.0,29625.581,20822.675,
85162,2012,0,0,0,1,0,2308.0,11931.0,14239,0.16209003329277039,430.0,76.67261505126953,113.04713439941406,,,,,29.0,25.0,185.0,3898.0,49.82898712158203,21.945901917227935,100.0,100.0,100.0,59.7,59.7,4140.0,3165.0,36802.554,18635.415999999997,
85162,2013,0,0,0,1,0,2305.0,12131.0,14436,0.15967026352882385,430.0,76.67261505126953,113.04713439941406,,,,,26.0,25.0,187.0,3882.0,48.12984085083008,21.945901917227935,97.07,100.0,90.5,77.11,77.11,4738.0,3520.0,56938.450732,20654.772949000002,
85162,2014,0,0,0,1,0,2310.0,12324.0,14634,0.15785157680511475,430.0,76.67261505126953,113.04713439941406,,,,,26.0,12.0,154.0,3576.0,49.48172378540039,21.88660460742048,97.07,100.0,90.5,77.11,77.11,5048.0,3687.0,66635.15400000001,28284.579,
85162,2015,0,0,0,1,0,2316.0,12515.0,14831,0.1561594009399414,430.0,76.67261505126953,113.04713439941406,,,,,19.0,30.0,157.0,3411.0,48.85795974731445,21.88660460742048,97.09,100.0,90.41,77.59,77.59,5254.0,3831.0,63243.171875,37490.828125,
85162,2016,0,0,0,1,0,2326.0,12695.0,15021,0.15484987199306488,430.0,76.67261505126953,113.04713439941406,,,,,26.0,22.0,194.0,3581.0,50.78258514404297,,98.87,100.0,96.5,75.55,74.71,,3975.0,47859.059,29753.222,
85162,2017,0,0,0,1,0,2338.0,12875.0,15213,0.1536843478679657,430.0,76.67261505126953,113.04713439941406,,,,,25.0,24.0,215.0,3340.0,50.52710723876953,,,,,,,,,40111.806122779846,28039.530701637268,
85162,2018,0,0,0,1,0,5359.0,12178.0,17537,0.3055824935436249,430.0,76.67261505126953,113.04713439941406,7.971357157332973,27.5,6.2,3.8,25.0,27.0,189.0,3365.0,48.3974723815918,,,,,,,,,43892.83873476,27002.980945350002,
85162,2019,0,0,0,1,0,5310.0,12487.0,17797,0.29836490750312805,430.0,76.67261505126953,,,,,,25.0,30.0,173.0,3585.0,49.40879440307617,,,,,,,,,45197.19276678,31478.80926046,
85162,2020,0,0,0,1,0,5258.0,12751.0,18009,0.291965126991272,430.0,76.67261505126953,,,,,,25.0,27.0,168.0,3691.0,50.02423858642578,,,,,,,,,43876.41878273,28765.18329034,
85162,2021,0,0,0,1,0,5238.0,12937.0,18175,0.2881980836391449,430.0,76.67261505126953,,,,,,15.0,26.0,163.0,3655.0,49.21549987792969,,,,,,,,,48467.522108000005,33981.517359000005,
85162,2022,0,0,0,1,0,5209.0,13083.0,18292,0.28476929664611816,430.0,76.67261505126953,,,,,,14.0,29.0,161.0,3446.0,50.183345794677734,,,,,,,,,54725.103584,34147.4922168,
85162,2023,0,0,0,1,0,5175.0,13222.0,18397,0.28129586577415466,430.0,76.67261505126953,,,,,,,,,,,,,,,,,,,61907.828958,40758.0810804,
85410,1993,0,0,0,1,0,5708.0,5358.0,11066,0.5158141851425171,475.0,74.64509582519531,118.57981872558594,52.429222106933594,,,,,,,,,,,,,,,,,218.22999572753906,218.22999572753906,
85410,1994,0,0,0,1,0,5792.0,5672.0,11464,0.5052337646484375,475.0,74.64509582519531,118.57981872558594,,,,,,,,,,,,,,,,,,2106.989990234375,2106.989990234375,
85410,1995,0,0,0,1,0,5869.0,5992.0,11861,0.494814932346344,475.0,74.64509582519531,118.57981872558594,,,,,,,,,,,,,,,,,,12029.66015625,12021.4404296875,
85410,1996,0,0,0,1,0,5933.0,6319.0,12252,0.48424747586250305,475.0,74.64509582519531,118.57981872558594,,,,,31.0,,107.0,2445.0,,,,,,,,,,16182.7900390625,4084.75,
85410,1997,0,0,0,1,0,5987.0,6660.0,12647,0.47339290380477905,475.0,74.64509582519531,118.57981872558594,,,,,34.0,,110.0,2864.0,,,,,,,,,,19564.380859375,4704.52978515625,
85410,1998,0,0,0,1,0,6025.0,7021.0,13046,0.4618273675441742,475.0,74.64509582519531,118.57981872558594,,,,,36.0,,122.0,3206.0,,,,,,,,,,22179.580078125,4620.93994140625,
85410,1999,0,0,0,1,0,6045.0,7406.0,13451,0.44940897822380066,475.0,74.64509582519531,118.57981872558594,,,,,36.0,,130.0,3341.0,,,,,,,,,,27681.5390625,6929.47021484375,
85410,2000,0,0,0,1,0,6042.0,7822.0,13864,0.43580496311187744,475.0,74.64509582519531,118.57981872558594,,,,,35.0,,131.0,3775.0,48.05486297607422,,,,,,,,,50360.36499999999,4920.444,31708748.0
85410,2001,0,0,0,1,0,6022.0,8265.0,14287,0.4215020537376404,475.0,74.64509582519531,118.57981872558594,,,,,36.0,,153.0,4211.0,47.93216323852539,,,,,,,,,34129.713,5035.594,31019492.0
85410,2002,0,0,0,1,0,6016.0,8718.0,14734,0.4083073139190674,475.0,74.64509582519531,118.57981872558594,,,,,37.0,,161.0,4280.0,48.81356430053711,,,,,,,,,31620.195,7349.681000000001,34940676.0
85410,2003,0,0,0,1,0,6025.0,9181.0,15206,0.3962251842021942,475.0,74.64509582519531,118.57981872558594,,,,,10.0,,165.0,4488.0,49.899593353271484,,,,,,,,,38766.082,5197.354,66896196.0
85410,2004,0,0,0,1,0,6047.0,9658.0,15705,0.3850366175174713,475.0,74.64509582519531,118.57981872558594,,,,,35.0,,195.0,4561.0,50.30113220214844,,,,,,,,,34905.299,5382.315,31974458.0
85410,2005,0,0,0,1,0,6086.0,10153.0,16239,0.37477678060531616,475.0,74.64509582519531,118.57981872558594,33.73249441851025,54.008520000000004,17.57301,9.29003,33.0,36.0,175.0,4640.0,50.451927185058594,31.04,82.63849229011994,98.34779016935151,47.45605920444033,,71.67332952598515,,,38012.309,6499.023999999999,45387156.0
85410,2006,0,0,0,1,0,6142.0,10656.0,16798,0.36563876271247864,475.0,74.64509582519531,118.57981872558594,,,,,35.0,63.0,205.0,4874.0,51.869728088378906,31.04,,,,,,,1948.0,43141.32506,6164.32506,41189240.0
85410,2007,0,0,0,1,0,6209.0,11129.0,17338,0.35811513662338257,475.0,74.64509582519531,118.57981872558594,,,,,33.0,44.0,101.0,1657.0,49.959693908691406,31.04,,,,,,,1971.0,40546.75079,6985.78507,35842136.0
85410,2008,0,0,0,1,0,6299.0,11602.0,17901,0.3518797755241394,475.0,74.64509582519531,118.57981872558594,,,,,30.0,59.0,224.0,5342.0,50.7228889465332,31.04,47.59,75.48,11.16,43.64,43.11,,2530.0,46296.552,7036.828,35100644.0
85410,2009,0,0,0,1,0,6400.0,12056.0,18456,0.346770703792572,475.0,74.64509582519531,118.57981872558594,,,,,33.0,70.0,213.0,5399.0,49.954551696777344,31.04,55.96,78.5,27.49,55.96,55.96,,2887.0,66910.902,11367.728,71786656.0
85410,2010,0,0,0,1,0,6518.0,12507.0,19025,0.34260183572769165,475.0,74.64509582519531,118.57981872558594,,,,,41.0,43.0,213.0,5628.0,49.816768646240234,31.04,58.59,84.95,25.98,49.42,49.56,,2956.0,64975.289000000004,15024.007000000003,68773200.0
85410,2011,0,0,0,1,0,6653.0,12961.0,19614,0.33919650316238403,475.0,74.64509582519531,118.57981872558594,,,,,39.0,42.0,276.0,5539.0,49.81626510620117,31.04,63.23,90.67,31.34,53.58,53.73,3933.0,3309.0,84856.57900000001,16242.498,
85410,2012,0,0,0,1,0,6801.0,13414.0,20215,0.3364333510398865,475.0,74.64509582519531,118.57981872558594,,,,,38.0,35.0,226.0,5847.0,49.996402740478516,30.36407800802129,54.71,90.97,8.81,53.58,53.73,4492.0,3933.0,57545.382,15753.767,
85410,2013,0,0,0,1,0,6961.0,13869.0,20830,0.33418145775794983,475.0,74.64509582519531,118.57981872558594,,,,,34.0,63.0,283.0,5717.0,49.393367767333984,28.78308789053557,64.23,76.88,44.1,45.26,49.48,5374.0,4249.0,78568.506,15964.132000000001,
85410,2014,0,0,0,1,0,7127.0,14315.0,21442,0.33238503336906433,475.0,74.64509582519531,118.57981872558594,,,,,34.0,35.0,206.0,3831.0,49.782901763916016,27.108221818186642,56.04,74.09,29.65,49.37,49.15,5601.0,4475.0,91127.857,21315.187,
85410,2015,0,0,0,1,0,7305.0,14771.0,22076,0.3309023380279541,475.0,74.64509582519531,118.57981872558594,,,,,34.0,31.0,227.0,5484.0,50.429588317871094,25.72428688,61.81,91.8,8.42,61.81,61.81,5971.0,4768.0,120803.296875,29188.248046875,
85410,2016,0,0,0,1,0,7493.0,15233.0,22726,0.329710453748703,475.0,74.64509582519531,118.57981872558594,,,,,37.0,33.0,281.0,5356.0,50.40296173095703,,54.93,95.61,0.11,44.72,47.0,,5017.0,94946.992,24899.053,
85410,2017,0,0,0,1,0,7689.0,15698.0,23387,0.3287723958492279,475.0,74.64509582519531,118.57981872558594,,,,,36.0,33.0,280.0,5233.0,49.84455108642578,,,,,,,,,73588.26373800488,22726.480178833008,
85410,2018,0,0,0,1,0,8978.0,14549.0,23527,0.3816041052341461,475.0,74.64509582519531,118.57981872558594,14.444757609921082,27.2,7.0,3.9,37.0,27.0,279.0,5211.0,49.55828857421875,,,,,,,,,65304.469038480005,24872.816591100003,
85410,2019,0,0,0,1,0,9198.0,15247.0,24445,0.3762732744216919,475.0,74.64509582519531,,,,,,37.0,36.0,283.0,4933.0,50.16619110107422,,,,,,,,,69094.79335522,30875.012451839993,
85410,2020,0,0,0,1,0,9362.0,15811.0,25173,0.3719063997268677,475.0,74.64509582519531,,,,,,37.0,39.0,267.0,4974.0,49.75310516357422,,,,,,,,,73778.54445091,37092.22877829,
85410,2021,0,0,0,1,0,9328.0,16082.0,25410,0.3670995533466339,475.0,74.64509582519531,,,,,,29.0,50.0,261.0,4940.0,49.93525695800781,,,,,,,,,62067.07500700001,30382.624448,
85410,2022,0,0,0,1,0,9276.0,16297.0,25573,0.3627263009548187,475.0,74.64509582519531,,,,,,28.0,49.0,276.0,4956.0,50.28337478637695,,,,,,,,,120095.83937900001,37110.98921005,
85410,2023,0,0,0,1,0,9217.0,16503.0,25720,0.3583592474460602,475.0,74.64509582519531,,,,,,,,,,,,,,,,,,,118797.209922,49803.252743,
